time,eye,origin_x,origin_y,origin_z,dir_x,dir_y,dir_z,hit_object,hit_x,hit_y,hit_z
0.0000,Left,0.4588,2.7215,-3.1159,-0.0713,0.1376,0.9879,,0.0000,0.0000,0.0000
0.0000,Right,0.0000,2.7215,-3.1490,-0.0713,0.1376,0.9879,,0.0000,0.0000,0.0000
0.0000,Combined,0.0000,2.7215,-3.1490,-0.0713,0.1376,0.9879,,0.0000,0.0000,0.0000
0.0200,Left,0.4600,1.3600,-3.1490,0.0000,0.0000,1.0000,,0.0000,0.0000,0.0000
0.0200,Right,0.0000,1.3600,-3.1490,0.0000,0.0000,1.0000,,0.0000,0.0000,0.0000
0.0200,Combined,0.0000,1.3600,-3.1490,0.0000,0.0000,1.0000,,0.0000,0.0000,0.0000
0.3533,Left,0.4600,1.0000,-3.1490,0.0000,0.0000,1.0000,,0.0000,0.0000,0.0000
0.3533,Right,0.0000,1.0000,-3.1490,0.0000,0.0000,1.0000,,0.0000,0.0000,0.0000
0.3533,Combined,0.0000,1.0000,-3.1490,0.0000,0.0000,1.0000,,0.0000,0.0000,0.0000
0.6188,Left,0.4600,1.0000,-3.1490,0.0000,0.0000,1.0000,,0.0000,0.0000,0.0000
0.6188,Right,0.0000,1.0000,-3.1490,0.0000,0.0000,1.0000,,0.0000,0.0000,0.0000
0.6188,Combined,0.0000,1.0000,-3.1490,0.0000,0.0000,1.0000,,0.0000,0.0000,0.0000
0.7131,Left,0.4600,1.0000,-3.1490,0.0000,0.0000,1.0000,,0.0000,0.0000,0.0000
0.7131,Right,0.0000,1.0000,-3.1490,0.0000,0.0000,1.0000,,0.0000,0.0000,0.0000
0.7131,Combined,0.0000,1.0000,-3.1490,0.0000,0.0000,1.0000,,0.0000,0.0000,0.0000
0.7982,Left,0.4600,1.0000,-3.1490,0.0000,0.0000,1.0000,,0.0000,0.0000,0.0000
0.7982,Right,0.0000,1.0000,-3.1490,0.0000,0.0000,1.0000,,0.0000,0.0000,0.0000
0.7982,Combined,0.0000,1.0000,-3.1490,0.0000,0.0000,1.0000,,0.0000,0.0000,0.0000
0.8764,Left,0.4600,1.0000,-3.1490,0.0000,0.0000,1.0000,,0.0000,0.0000,0.0000
0.8764,Right,0.0000,1.0000,-3.1490,0.0000,0.0000,1.0000,,0.0000,0.0000,0.0000
0.8764,Combined,0.0000,1.0000,-3.1490,0.0000,0.0000,1.0000,,0.0000,0.0000,0.0000
0.9446,Left,0.4600,1.0000,-3.1490,0.0000,0.0000,1.0000,,0.0000,0.0000,0.0000
0.9446,Right,0.0000,1.0000,-3.1490,0.0000,0.0000,1.0000,,0.0000,0.0000,0.0000
0.9446,Combined,0.0000,1.0000,-3.1490,0.0000,0.0000,1.0000,,0.0000,0.0000,0.0000
0.9981,Left,0.4600,1.0000,-3.1490,0.0000,0.0000,1.0000,,0.0000,0.0000,0.0000
0.9981,Right,0.0000,1.0000,-3.1490,0.0000,0.0000,1.0000,,0.0000,0.0000,0.0000
0.9981,Combined,0.0000,1.0000,-3.1490,0.0000,0.0000,1.0000,,0.0000,0.0000,0.0000
1.0683,Left,0.4600,1.0000,-3.1490,0.0000,0.0000,1.0000,,0.0000,0.0000,0.0000
1.0683,Right,0.0000,1.0000,-3.1490,0.0000,0.0000,1.0000,,0.0000,0.0000,0.0000
1.0683,Combined,0.0000,1.0000,-3.1490,0.0000,0.0000,1.0000,,0.0000,0.0000,0.0000
1.1393,Left,0.4600,1.0000,-3.1490,0.0000,0.0000,1.0000,,0.0000,0.0000,0.0000
1.1393,Right,0.0000,1.0000,-3.1490,0.0000,0.0000,1.0000,,0.0000,0.0000,0.0000
1.1393,Combined,0.0000,1.0000,-3.1490,0.0000,0.0000,1.0000,,0.0000,0.0000,0.0000
1.1812,Left,0.4600,1.0000,-3.1490,0.0000,0.0000,1.0000,,0.0000,0.0000,0.0000
1.1812,Right,0.0000,1.0000,-3.1490,0.0000,0.0000,1.0000,,0.0000,0.0000,0.0000
1.1812,Combined,0.0000,1.0000,-3.1490,0.0000,0.0000,1.0000,,0.0000,0.0000,0.0000
1.3736,Left,0.4600,1.0000,-3.1490,0.0000,0.0000,1.0000,,0.0000,0.0000,0.0000
1.3736,Right,0.0000,1.0000,-3.1490,0.0000,0.0000,1.0000,,0.0000,0.0000,0.0000
1.3736,Combined,0.0000,1.0000,-3.1490,0.0000,0.0000,1.0000,,0.0000,0.0000,0.0000
1.7069,Left,0.4375,1.5277,-3.0597,-0.0096,-0.0556,0.9984,,0.0000,0.0000,0.0000
1.7069,Right,-0.0179,1.5512,-3.1202,-0.0629,-0.0530,0.9966,,0.0000,0.0000,0.0000
1.7069,Combined,-0.0179,1.5512,-3.1202,-0.1343,-0.0574,0.9893,,0.0000,0.0000,0.0000
1.9135,Left,0.4477,1.5236,-3.1052,-0.0496,0.0485,0.9976,,0.0000,0.0000,0.0000
1.9135,Right,-0.0107,1.5540,-3.1282,-0.1026,0.0520,0.9934,,0.0000,0.0000,0.0000
1.9135,Combined,-0.0107,1.5540,-3.1282,-0.0496,0.0087,0.9987,,0.0000,0.0000,0.0000
2.0072,Left,0.4493,1.5226,-3.1201,-0.0451,0.0912,0.9948,,0.0000,0.0000,0.0000
2.0072,Right,-0.0093,1.5565,-3.1338,-0.0982,0.0953,0.9906,,0.0000,0.0000,0.0000
2.0072,Combined,-0.0093,1.5565,-3.1338,-0.0252,0.0626,0.9977,,0.0000,0.0000,0.0000
2.0885,Left,0.4515,1.5264,-3.1256,-0.0810,0.0160,0.9966,,0.0000,0.0000,0.0000
2.0885,Right,-0.0074,1.5560,-3.1377,-0.1343,0.0201,0.9907,,0.0000,0.0000,0.0000
2.0885,Combined,-0.0074,1.5560,-3.1377,-0.0224,0.0592,0.9980,,0.0000,0.0000,0.0000
2.1583,Left,0.4550,1.5280,-3.1275,-0.0811,0.0005,0.9967,,0.0000,0.0000,0.0000
2.1583,Right,-0.0041,1.5545,-3.1392,-0.1344,0.0042,0.9909,,0.0000,0.0000,0.0000
2.1583,Combined,-0.0041,1.5545,-3.1392,-0.0230,0.0464,0.9987,,0.0000,0.0000,0.0000
2.2290,Left,0.4578,1.5270,-3.1251,-0.0881,0.0128,0.9960,,0.0000,0.0000,0.0000
2.2290,Right,-0.0012,1.5541,-3.1389,-0.1413,0.0165,0.9898,,0.0000,0.0000,0.0000
2.2290,Combined,-0.0012,1.5541,-3.1389,-0.0273,0.0443,0.9986,,0.0000,0.0000,0.0000
2.2843,Left,0.4592,1.5240,-3.1211,-0.1750,0.0215,0.9843,,0.0000,0.0000,0.0000
2.2843,Right,0.0005,1.5543,-3.1381,-0.2269,0.0259,0.9736,,0.0000,0.0000,0.0000
2.2843,Combined,0.0005,1.5543,-3.1381,-0.0339,0.0483,0.9983,,0.0000,0.0000,0.0000
2.3534,Left,0.4593,1.5178,-3.1152,-0.1857,0.0225,0.9823,,0.0000,0.0000,0.0000
2.3534,Right,0.0013,1.5544,-3.1376,-0.2374,0.0277,0.9710,,0.0000,0.0000,0.0000
2.3534,Combined,0.0013,1.5544,-3.1376,-0.0448,0.0496,0.9978,,0.0000,0.0000,0.0000
2.4224,Left,0.4590,1.5115,-3.1100,-0.1890,0.0205,0.9818,,0.0000,0.0000,0.0000
2.4224,Right,0.0018,1.5537,-3.1368,-0.2407,0.0264,0.9703,,0.0000,0.0000,0.0000
2.4224,Combined,0.0018,1.5537,-3.1368,-0.0542,0.0469,0.9974,,0.0000,0.0000,0.0000
2.4948,Left,0.4584,1.5051,-3.1107,-0.1632,0.0024,0.9866,,0.0000,0.0000,0.0000
2.4948,Right,0.0016,1.5526,-3.1360,-0.2154,0.0088,0.9765,item 2-2,-3.4564,1.6943,12.5414
2.4948,Combined,0.0016,1.5526,-3.1360,-0.0514,0.0385,0.9979,,0.0000,0.0000,0.0000
2.5631,Left,0.4580,1.5028,-3.1182,-0.0054,-0.0402,0.9992,,0.0000,0.0000,0.0000
2.5631,Right,0.0010,1.5514,-3.1357,-0.0591,-0.0346,0.9977,,0.0000,0.0000,0.0000
2.5631,Combined,0.0010,1.5514,-3.1357,-0.0355,0.0243,0.9991,,0.0000,0.0000,0.0000
2.6323,Left,0.4566,1.5054,-3.1249,0.3697,-0.0847,0.9253,,0.0000,0.0000,0.0000
2.6323,Right,-0.0010,1.5511,-3.1358,0.3226,-0.0838,0.9428,,0.0000,0.0000,0.0000
2.6323,Combined,-0.0010,1.5511,-3.1358,-0.0221,0.0170,0.9996,,0.0000,0.0000,0.0000
2.6891,Left,0.4543,1.5105,-3.1296,0.3666,-0.0781,0.9271,,0.0000,0.0000,0.0000
2.6891,Right,-0.0038,1.5515,-3.1359,0.3193,-0.0773,0.9445,,0.0000,0.0000,0.0000
2.6891,Combined,-0.0038,1.5515,-3.1359,-0.0122,0.0162,0.9998,,0.0000,0.0000,0.0000
2.7595,Left,0.4531,1.5172,-3.1334,0.3697,-0.0724,0.9263,,0.0000,0.0000,0.0000
2.7595,Right,-0.0056,1.5519,-3.1360,0.3223,-0.0722,0.9439,,0.0000,0.0000,0.0000
2.7595,Combined,-0.0056,1.5519,-3.1360,-0.0042,0.0182,0.9998,,0.0000,0.0000,0.0000
2.8276,Left,0.4523,1.5282,-3.1363,0.3626,-0.0594,0.9300,,0.0000,0.0000,0.0000
2.8276,Right,-0.0070,1.5531,-3.1363,0.3147,-0.0599,0.9473,,0.0000,0.0000,0.0000
2.8276,Combined,-0.0070,1.5531,-3.1363,0.0016,0.0284,0.9996,,0.0000,0.0000,0.0000
2.8832,Left,0.4530,1.5417,-3.1382,0.3601,-0.0312,0.9324,,0.0000,0.0000,0.0000
2.8832,Right,-0.0068,1.5561,-3.1365,0.3120,-0.0321,0.9495,,0.0000,0.0000,0.0000
2.8832,Combined,-0.0068,1.5561,-3.1365,0.0054,0.0603,0.9982,,0.0000,0.0000,0.0000
2.9536,Left,0.4534,1.5453,-3.1414,0.1111,0.0643,0.9917,,0.0000,0.0000,0.0000
2.9536,Right,-0.0064,1.5577,-3.1375,0.0576,0.0655,0.9962,,0.0000,0.0000,0.0000
2.9536,Combined,-0.0064,1.5577,-3.1375,0.0110,0.0952,0.9954,,0.0000,0.0000,0.0000
3.0225,Left,0.4522,1.5464,-3.1403,0.0440,0.0670,0.9968,,0.0000,0.0000,0.0000
3.0225,Right,-0.0077,1.5588,-3.1393,-0.0100,0.0684,0.9976,,0.0000,0.0000,0.0000
3.0225,Combined,-0.0077,1.5588,-3.1393,0.0054,0.1194,0.9928,,0.0000,0.0000,0.0000
3.0705,Left,0.4498,1.5451,-3.1353,0.0328,0.0760,0.9966,,0.0000,0.0000,0.0000
3.0705,Right,-0.0100,1.5588,-3.1413,-0.0212,0.0773,0.9968,,0.0000,0.0000,0.0000
3.0705,Combined,-0.0100,1.5588,-3.1413,-0.0092,0.1218,0.9925,,0.0000,0.0000,0.0000
3.1341,Left,0.4466,1.5468,-3.1188,-0.0005,0.0398,0.9992,,0.0000,0.0000,0.0000
3.1341,Right,-0.0126,1.5591,-3.1427,-0.0547,0.0411,0.9977,,0.0000,0.0000,0.0000
3.1341,Combined,-0.0126,1.5591,-3.1427,-0.0482,0.1259,0.9909,,0.0000,0.0000,0.0000
3.1911,Left,0.4408,1.5544,-3.1005,-0.0357,0.0413,0.9985,,0.0000,0.0000,0.0000
3.1911,Right,-0.0170,1.5601,-3.1449,-0.0900,0.0420,0.9951,,0.0000,0.0000,0.0000
3.1911,Combined,-0.0170,1.5601,-3.1449,-0.0937,0.1496,0.9843,,0.0000,0.0000,0.0000
3.2462,Left,0.4389,1.5561,-3.1019,-0.0126,0.0718,0.9973,,0.0000,0.0000,0.0000
3.2462,Right,-0.0189,1.5608,-3.1466,-0.0668,0.0722,0.9952,,0.0000,0.0000,0.0000
3.2462,Combined,-0.0189,1.5608,-3.1466,-0.0942,0.1655,0.9817,,0.0000,0.0000,0.0000
3.3167,Left,0.4388,1.5574,-3.1080,0.0306,0.0732,0.9968,,0.0000,0.0000,0.0000
3.3167,Right,-0.0194,1.5614,-3.1476,-0.0236,0.0734,0.9970,,0.0000,0.0000,0.0000
3.3167,Combined,-0.0194,1.5614,-3.1476,-0.0831,0.1782,0.9805,,0.0000,0.0000,0.0000
3.3855,Left,0.4392,1.5570,-3.1132,0.0404,0.0644,0.9971,,0.0000,0.0000,0.0000
3.3855,Right,-0.0195,1.5622,-3.1483,-0.0140,0.0647,0.9978,,0.0000,0.0000,0.0000
3.3855,Combined,-0.0195,1.5622,-3.1483,-0.0726,0.1971,0.9777,,0.0000,0.0000,0.0000
3.4427,Left,0.4387,1.5562,-3.1120,0.0393,0.0810,0.9959,,0.0000,0.0000,0.0000
3.4427,Right,-0.0198,1.5632,-3.1489,-0.0152,0.0815,0.9966,,0.0000,0.0000,0.0000
3.4427,Combined,-0.0198,1.5632,-3.1489,-0.0748,0.2235,0.9718,,0.0000,0.0000,0.0000
3.5116,Left,0.4379,1.5543,-3.1082,0.0235,0.0666,0.9975,,0.0000,0.0000,0.0000
3.5116,Right,-0.0201,1.5638,-3.1494,-0.0312,0.0674,0.9972,,0.0000,0.0000,0.0000
3.5116,Combined,-0.0201,1.5638,-3.1494,-0.0820,0.2390,0.9676,,0.0000,0.0000,0.0000
3.5808,Left,0.4377,1.5531,-3.1043,0.3953,0.0323,0.9180,,0.0000,0.0000,0.0000
3.5808,Right,-0.0199,1.5642,-3.1499,0.3497,0.0310,0.9363,,0.0000,0.0000,0.0000
3.5808,Combined,-0.0199,1.5642,-3.1499,-0.0899,0.2507,0.9639,,0.0000,0.0000,0.0000
3.6396,Left,0.4382,1.5515,-3.1022,0.3969,0.0363,0.9172,,0.0000,0.0000,0.0000
3.6396,Right,-0.0192,1.5646,-3.1500,0.3514,0.0354,0.9356,,0.0000,0.0000,0.0000
3.6396,Combined,-0.0192,1.5646,-3.1500,-0.0928,0.2622,0.9605,,0.0000,0.0000,0.0000
3.7073,Left,0.4389,1.5503,-3.1017,0.4041,0.0392,0.9139,,0.0000,0.0000,0.0000
3.7073,Right,-0.0184,1.5648,-3.1498,0.3590,0.0385,0.9326,,0.0000,0.0000,0.0000
3.7073,Combined,-0.0184,1.5648,-3.1498,-0.0926,0.2659,0.9595,,0.0000,0.0000,0.0000
3.7776,Left,0.4400,1.5510,-3.1016,0.3750,0.0277,0.9266,,0.0000,0.0000,0.0000
3.7776,Right,-0.0173,1.5643,-3.1495,0.3285,0.0267,0.9441,,0.0000,0.0000,0.0000
3.7776,Combined,-0.0173,1.5643,-3.1495,-0.0931,0.2611,0.9608,,0.0000,0.0000,0.0000
3.8337,Left,0.4406,1.5508,-3.1012,0.0881,0.0415,0.9952,,0.0000,0.0000,0.0000
3.8337,Right,-0.0168,1.5639,-3.1486,0.0337,0.0422,0.9985,,0.0000,0.0000,0.0000
3.8337,Combined,-0.0168,1.5639,-3.1486,-0.0926,0.2545,0.9626,,0.0000,0.0000,0.0000
3.9023,Left,0.4403,1.5509,-3.1000,0.0003,0.0417,0.9991,,0.0000,0.0000,0.0000
3.9023,Right,-0.0170,1.5629,-3.1477,-0.0547,0.0428,0.9976,,0.0000,0.0000,0.0000
3.9023,Combined,-0.0170,1.5629,-3.1477,-0.0941,0.2446,0.9651,,0.0000,0.0000,0.0000
3.9711,Left,0.4400,1.5482,-3.0993,0.0011,0.0377,0.9993,,0.0000,0.0000,0.0000
3.9711,Right,-0.0174,1.5615,-3.1466,-0.0538,0.0389,0.9978,,0.0000,0.0000,0.0000
3.9711,Combined,-0.0174,1.5615,-3.1466,-0.0935,0.2296,0.9688,,0.0000,0.0000,0.0000
4.0169,Left,0.4402,1.5461,-3.1002,0.0046,0.0342,0.9994,,0.0000,0.0000,0.0000
4.0169,Right,-0.0173,1.5605,-3.1458,-0.0502,0.0355,0.9981,,0.0000,0.0000,0.0000
4.0169,Combined,-0.0173,1.5605,-3.1458,-0.0898,0.2181,0.9718,,0.0000,0.0000,0.0000
4.0933,Left,0.4404,1.5463,-3.1004,0.0021,0.0525,0.9986,,0.0000,0.0000,0.0000
4.0933,Right,-0.0172,1.5604,-3.1453,-0.0526,0.0538,0.9972,,0.0000,0.0000,0.0000
4.0933,Combined,-0.0172,1.5604,-3.1453,-0.0887,0.2176,0.9720,,0.0000,0.0000,0.0000
4.1647,Left,0.4408,1.5456,-3.1005,0.0010,0.0577,0.9983,,0.0000,0.0000,0.0000
4.1647,Right,-0.0168,1.5604,-3.1449,-0.0537,0.0591,0.9968,,0.0000,0.0000,0.0000
4.1647,Combined,-0.0168,1.5604,-3.1449,-0.0872,0.2179,0.9721,,0.0000,0.0000,0.0000
4.2259,Left,0.4417,1.5439,-3.1006,-0.0019,0.0570,0.9984,,0.0000,0.0000,0.0000
4.2259,Right,-0.0159,1.5599,-3.1448,-0.0565,0.0586,0.9967,,0.0000,0.0000,0.0000
4.2259,Combined,-0.0159,1.5599,-3.1448,-0.0865,0.2114,0.9736,,0.0000,0.0000,0.0000
4.2918,Left,0.4427,1.5430,-3.1013,0.0007,0.0521,0.9986,,0.0000,0.0000,0.0000
4.2918,Right,-0.0150,1.5594,-3.1446,-0.0539,0.0538,0.9971,,0.0000,0.0000,0.0000
4.2918,Combined,-0.0150,1.5594,-3.1446,-0.0848,0.2068,0.9747,,0.0000,0.0000,0.0000
4.3588,Left,0.4443,1.5420,-3.1030,0.0062,0.0557,0.9984,,0.0000,0.0000,0.0000
4.3588,Right,-0.0135,1.5591,-3.1447,-0.0484,0.0574,0.9972,,0.0000,0.0000,0.0000
4.3588,Combined,-0.0135,1.5591,-3.1447,-0.0812,0.2041,0.9756,,0.0000,0.0000,0.0000
4.4172,Left,0.4460,1.5407,-3.1046,-0.0018,0.0568,0.9984,,0.0000,0.0000,0.0000
4.4172,Right,-0.0119,1.5588,-3.1447,-0.0564,0.0587,0.9967,,0.0000,0.0000,0.0000
4.4172,Combined,-0.0119,1.5588,-3.1447,-0.0776,0.2014,0.9764,,0.0000,0.0000,0.0000
4.4874,Left,0.4470,1.5400,-3.1048,-0.0016,0.0562,0.9984,,0.0000,0.0000,0.0000
4.4874,Right,-0.0109,1.5585,-3.1446,-0.0561,0.0581,0.9967,,0.0000,0.0000,0.0000
4.4874,Combined,-0.0109,1.5585,-3.1446,-0.0767,0.1994,0.9769,,0.0000,0.0000,0.0000
4.5563,Left,0.4482,1.5382,-3.1055,0.0135,0.0558,0.9983,,0.0000,0.0000,0.0000
4.5563,Right,-0.0097,1.5582,-3.1445,-0.0410,0.0579,0.9975,,0.0000,0.0000,0.0000
4.5563,Combined,-0.0097,1.5582,-3.1445,-0.0747,0.1960,0.9778,,0.0000,0.0000,0.0000
4.6125,Left,0.4493,1.5374,-3.1076,0.2150,0.0378,0.9759,,0.0000,0.0000,0.0000
4.6125,Right,-0.0088,1.5577,-3.1443,0.1632,0.0388,0.9858,,0.0000,0.0000,0.0000
4.6125,Combined,-0.0088,1.5577,-3.1443,-0.0699,0.1910,0.9791,,0.0000,0.0000,0.0000
4.6832,Left,0.4502,1.5371,-3.1104,0.4234,0.0254,0.9056,,0.0000,0.0000,0.0000
4.6832,Right,-0.0081,1.5572,-3.1442,0.3790,0.0251,0.9251,,0.0000,0.0000,0.0000
4.6832,Combined,-0.0081,1.5572,-3.1442,-0.0641,0.1853,0.9806,,0.0000,0.0000,0.0000
4.7504,Left,0.4515,1.5373,-3.1151,0.4272,0.0298,0.9037,,0.0000,0.0000,0.0000
4.7504,Right,-0.0071,1.5568,-3.1442,0.3828,0.0295,0.9234,,0.0000,0.0000,0.0000
4.7504,Combined,-0.0071,1.5568,-3.1442,-0.0545,0.1813,0.9819,,0.0000,0.0000,0.0000
4.7941,Left,0.4528,1.5374,-3.1192,0.4354,0.0293,0.8997,,0.0000,0.0000,0.0000
4.7941,Right,-0.0062,1.5567,-3.1442,0.3913,0.0288,0.9198,,0.0000,0.0000,0.0000
4.7941,Combined,-0.0062,1.5567,-3.1442,-0.0461,0.1796,0.9827,,0.0000,0.0000,0.0000
4.8634,Left,0.4531,1.5367,-3.1198,0.4304,0.0299,0.9021,,0.0000,0.0000,0.0000
4.8634,Right,-0.0059,1.5565,-3.1444,0.3860,0.0296,0.9220,,0.0000,0.0000,0.0000
4.8634,Combined,-0.0059,1.5565,-3.1444,-0.0450,0.1772,0.9832,,0.0000,0.0000,0.0000
4.9465,Left,0.4536,1.5358,-3.1204,0.4283,0.0303,0.9031,,0.0000,0.0000,0.0000
4.9465,Right,-0.0053,1.5565,-3.1445,0.3837,0.0301,0.9230,,0.0000,0.0000,0.0000
4.9465,Combined,-0.0053,1.5565,-3.1445,-0.0436,0.1769,0.9833,,0.0000,0.0000,0.0000
5.0180,Left,0.4543,1.5367,-3.1205,0.2504,0.0484,0.9669,,0.0000,0.0000,0.0000
5.0180,Right,-0.0047,1.5570,-3.1442,0.1992,0.0495,0.9787,,0.0000,0.0000,0.0000
5.0180,Combined,-0.0047,1.5570,-3.1442,-0.0427,0.1814,0.9825,,0.0000,0.0000,0.0000
5.0926,Left,0.4546,1.5350,-3.1206,-0.0322,-0.0526,0.9981,,0.0000,0.0000,0.0000
5.0926,Right,-0.0043,1.5569,-3.1440,-0.0874,-0.0499,0.9949,,0.0000,0.0000,0.0000
5.0926,Combined,-0.0043,1.5569,-3.1440,-0.0414,0.1808,0.9827,,0.0000,0.0000,0.0000
5.1403,Left,0.4546,1.5334,-3.1201,-0.1126,-0.0526,0.9922,,0.0000,0.0000,0.0000
5.1403,Right,-0.0041,1.5565,-3.1444,-0.1671,-0.0490,0.9847,item 1-1,-1.9284,0.9925,8.1924
5.1403,Combined,-0.0041,1.5565,-3.1444,-0.0431,0.1765,0.9834,,0.0000,0.0000,0.0000
5.2111,Left,0.4545,1.5316,-3.1202,-0.1102,0.0171,0.9938,,0.0000,0.0000,0.0000
5.2111,Right,-0.0042,1.5562,-3.1450,-0.1642,0.0206,0.9862,,0.0000,0.0000,0.0000
5.2111,Combined,-0.0042,1.5562,-3.1450,-0.0439,0.1752,0.9836,,0.0000,0.0000,0.0000
5.2797,Left,0.4545,1.5315,-3.1211,-0.0634,0.0576,0.9963,,0.0000,0.0000,0.0000
5.2797,Right,-0.0042,1.5564,-3.1458,-0.1176,0.0607,0.9912,,0.0000,0.0000,0.0000
5.2797,Combined,-0.0042,1.5564,-3.1458,-0.0431,0.1787,0.9830,,0.0000,0.0000,0.0000
5.3356,Left,0.4547,1.5334,-3.1214,-0.0538,0.0697,0.9961,,0.0000,0.0000,0.0000
5.3356,Right,-0.0040,1.5574,-3.1459,-0.1080,0.0727,0.9915,,0.0000,0.0000,0.0000
5.3356,Combined,-0.0040,1.5574,-3.1459,-0.0423,0.1899,0.9809,,0.0000,0.0000,0.0000
5.4068,Left,0.4553,1.5346,-3.1216,-0.0506,0.0828,0.9953,,0.0000,0.0000,0.0000
5.4068,Right,-0.0035,1.5578,-3.1457,-0.1048,0.0857,0.9908,,0.0000,0.0000,0.0000
5.4068,Combined,-0.0035,1.5578,-3.1457,-0.0415,0.1945,0.9800,,0.0000,0.0000,0.0000
5.4760,Left,0.4562,1.5352,-3.1219,-0.0548,0.0644,0.9964,,0.0000,0.0000,0.0000
5.4760,Right,-0.0026,1.5577,-3.1457,-0.1091,0.0672,0.9918,,0.0000,0.0000,0.0000
5.4760,Combined,-0.0026,1.5577,-3.1457,-0.0414,0.1925,0.9804,,0.0000,0.0000,0.0000
5.5314,Left,0.4570,1.5337,-3.1211,-0.0558,0.0599,0.9966,,0.0000,0.0000,0.0000
5.5314,Right,-0.0017,1.5573,-3.1453,-0.1101,0.0628,0.9919,,0.0000,0.0000,0.0000
5.5314,Combined,-0.0017,1.5573,-3.1453,-0.0420,0.1887,0.9811,,0.0000,0.0000,0.0000
5.6014,Left,0.4574,1.5296,-3.1206,0.0354,0.0299,0.9989,,0.0000,0.0000,0.0000
5.6014,Right,-0.0011,1.5569,-3.1448,-0.0192,0.0327,0.9993,,0.0000,0.0000,0.0000
5.6014,Combined,-0.0011,1.5569,-3.1448,-0.0410,0.1843,0.9820,,0.0000,0.0000,0.0000
5.6698,Left,0.4578,1.5252,-3.1224,0.0409,0.0272,0.9988,,0.0000,0.0000,0.0000
5.6698,Right,-0.0006,1.5564,-3.1445,-0.0137,0.0305,0.9994,,0.0000,0.0000,0.0000
5.6698,Combined,-0.0006,1.5564,-3.1445,-0.0352,0.1787,0.9833,,0.0000,0.0000,0.0000
5.7144,Left,0.4583,1.5241,-3.1266,0.0505,0.0346,0.9981,,0.0000,0.0000,0.0000
5.7144,Right,-0.0002,1.5563,-3.1440,-0.0039,0.0382,0.9993,,0.0000,0.0000,0.0000
5.7144,Combined,-0.0002,1.5563,-3.1440,-0.0249,0.1785,0.9836,,0.0000,0.0000,0.0000
5.7824,Left,0.4590,1.5269,-3.1284,0.0529,0.0373,0.9979,,0.0000,0.0000,0.0000
5.7824,Right,0.0002,1.5566,-3.1439,-0.0016,0.0406,0.9992,,0.0000,0.0000,0.0000
5.7824,Combined,0.0002,1.5566,-3.1439,-0.0216,0.1790,0.9836,,0.0000,0.0000,0.0000
5.8512,Left,0.4601,1.5293,-3.1294,0.0384,0.0310,0.9988,,0.0000,0.0000,0.0000
5.8512,Right,0.0011,1.5562,-3.1446,-0.0162,0.0340,0.9993,,0.0000,0.0000,0.0000
5.8512,Combined,0.0011,1.5562,-3.1446,-0.0223,0.1760,0.9841,,0.0000,0.0000,0.0000
5.8952,Left,0.4607,1.5263,-3.1282,0.0351,0.0322,0.9989,,0.0000,0.0000,0.0000
5.8952,Right,0.0020,1.5558,-3.1459,-0.0195,0.0354,0.9992,,0.0000,0.0000,0.0000
5.8952,Combined,0.0020,1.5558,-3.1459,-0.0267,0.1764,0.9840,,0.0000,0.0000,0.0000
5.9776,Left,0.4607,1.5235,-3.1247,-0.0575,-0.0603,0.9965,,0.0000,0.0000,0.0000
5.9776,Right,0.0024,1.5552,-3.1473,-0.1125,-0.0563,0.9921,,0.0000,0.0000,0.0000
5.9776,Combined,0.0024,1.5552,-3.1473,-0.0367,0.1702,0.9847,,0.0000,0.0000,0.0000
6.0473,Left,0.4602,1.5195,-3.1205,0.0671,-0.1298,0.9893,,0.0000,0.0000,0.0000
6.0473,Right,0.0025,1.5553,-3.1489,0.0116,-0.1271,0.9918,,0.0000,0.0000,0.0000
6.0473,Combined,0.0025,1.5553,-3.1489,-0.0477,0.1719,0.9840,,0.0000,0.0000,0.0000
6.1257,Left,0.4598,1.5186,-3.1177,0.0528,-0.1927,0.9798,,0.0000,0.0000,0.0000
6.1257,Right,0.0024,1.5561,-3.1484,-0.0034,-0.1900,0.9818,,0.0000,0.0000,0.0000
6.1257,Combined,0.0024,1.5561,-3.1484,-0.0512,0.1790,0.9825,,0.0000,0.0000,0.0000
6.1881,Left,0.4602,1.5180,-3.1174,-0.0548,-0.4740,0.8788,,0.0000,0.0000,0.0000
6.1881,Right,0.0026,1.5557,-3.1464,-0.1141,-0.4698,0.8754,,0.0000,0.0000,0.0000
6.1881,Combined,0.0026,1.5557,-3.1464,-0.0480,0.1736,0.9837,,0.0000,0.0000,0.0000
6.2389,Left,0.4605,1.5175,-3.1181,-0.0467,-0.5057,0.8614,,0.0000,0.0000,0.0000
6.2389,Right,0.0027,1.5545,-3.1440,-0.1064,-0.5017,0.8585,,0.0000,0.0000,0.0000
6.2389,Combined,0.0027,1.5545,-3.1440,-0.0430,0.1594,0.9863,,0.0000,0.0000,0.0000
6.3097,Left,0.4606,1.5183,-3.1184,-0.0439,-0.5263,0.8492,,0.0000,0.0000,0.0000
6.3097,Right,0.0026,1.5535,-3.1427,-0.1038,-0.5224,0.8464,,0.0000,0.0000,0.0000
6.3097,Combined,0.0026,1.5535,-3.1427,-0.0411,0.1472,0.9883,,0.0000,0.0000,0.0000
6.3789,Left,0.4605,1.5200,-3.1188,-0.0400,-0.5399,0.8408,,0.0000,0.0000,0.0000
6.3789,Right,0.0023,1.5530,-3.1415,-0.1000,-0.5363,0.8381,,0.0000,0.0000,0.0000
6.3789,Combined,0.0023,1.5530,-3.1415,-0.0390,0.1401,0.9894,,0.0000,0.0000,0.0000
6.4375,Left,0.4603,1.5214,-3.1190,-0.0434,-0.5615,0.8263,,0.0000,0.0000,0.0000
6.4375,Right,0.0019,1.5527,-3.1411,-0.1037,-0.5579,0.8234,,0.0000,0.0000,0.0000
6.4375,Combined,0.0019,1.5527,-3.1411,-0.0384,0.1352,0.9901,,0.0000,0.0000,0.0000
6.5063,Left,0.4601,1.5217,-3.1194,-0.0441,-0.5615,0.8263,,0.0000,0.0000,0.0000
6.5063,Right,0.0016,1.5527,-3.1411,-0.1044,-0.5579,0.8233,,0.0000,0.0000,0.0000
6.5063,Combined,0.0016,1.5527,-3.1411,-0.0376,0.1360,0.9900,,0.0000,0.0000,0.0000
6.5772,Left,0.4602,1.5231,-3.1211,-0.0369,-0.5539,0.8318,,0.0000,0.0000,0.0000
6.5772,Right,0.0016,1.5529,-3.1412,-0.0971,-0.5506,0.8291,,0.0000,0.0000,0.0000
6.5772,Combined,0.0016,1.5529,-3.1412,-0.0343,0.1386,0.9898,,0.0000,0.0000,0.0000
6.6314,Left,0.4606,1.5240,-3.1248,-0.0307,-0.5534,0.8324,,0.0000,0.0000,0.0000
6.6314,Right,0.0018,1.5536,-3.1412,-0.0910,-0.5502,0.8301,,0.0000,0.0000,0.0000
6.6314,Combined,0.0018,1.5536,-3.1412,-0.0262,0.1442,0.9892,,0.0000,0.0000,0.0000
6.6994,Left,0.4620,1.5244,-3.1340,-0.0257,-0.5615,0.8271,,0.0000,0.0000,0.0000
6.6994,Right,0.0030,1.5535,-3.1413,-0.0861,-0.5579,0.8254,,0.0000,0.0000,0.0000
6.6994,Combined,0.0030,1.5535,-3.1413,-0.0066,0.1439,0.9896,,0.0000,0.0000,0.0000
6.7696,Left,0.4645,1.5268,-3.1502,0.2022,-0.5118,0.8350,,0.0000,0.0000,0.0000
6.7696,Right,0.0054,1.5534,-3.1417,0.1443,-0.5151,0.8449,,0.0000,0.0000,0.0000
6.7696,Combined,0.0054,1.5534,-3.1417,0.0266,0.1427,0.9894,,0.0000,0.0000,0.0000
6.8260,Left,0.4659,1.5294,-3.1637,0.2385,-0.5117,0.8254,,0.0000,0.0000,0.0000
6.8260,Right,0.0070,1.5534,-3.1424,0.1812,-0.5157,0.8374,,0.0000,0.0000,0.0000
6.8260,Combined,0.0070,1.5534,-3.1424,0.0532,0.1402,0.9887,,0.0000,0.0000,0.0000
6.8964,Left,0.4658,1.5312,-3.1680,0.2138,-0.5111,0.8325,,0.0000,0.0000,0.0000
6.8964,Right,0.0071,1.5537,-3.1430,0.1558,-0.5140,0.8435,,0.0000,0.0000,0.0000
6.8964,Combined,0.0071,1.5537,-3.1430,0.0609,0.1438,0.9877,,0.0000,0.0000,0.0000
6.9645,Left,0.4648,1.5334,-3.1669,0.2053,-0.3385,0.9183,,0.0000,0.0000,0.0000
6.9645,Right,0.0058,1.5543,-3.1441,0.1491,-0.3396,0.9287,,0.0000,0.0000,0.0000
6.9645,Combined,0.0058,1.5543,-3.1441,0.0557,0.1489,0.9873,,0.0000,0.0000,0.0000
7.0213,Left,0.4634,1.5337,-3.1618,0.1993,-0.1261,0.9718,,0.0000,0.0000,0.0000
7.0213,Right,0.0042,1.5547,-3.1455,0.1449,-0.1256,0.9814,,0.0000,0.0000,0.0000
7.0213,Combined,0.0042,1.5547,-3.1455,0.0421,0.1540,0.9872,,0.0000,0.0000,0.0000
7.0916,Left,0.4625,1.5324,-3.1575,-0.0041,-0.0064,1.0000,,0.0000,0.0000,0.0000
7.0916,Right,0.0032,1.5549,-3.1463,-0.0587,-0.0033,0.9983,,0.0000,0.0000,0.0000
7.0916,Combined,0.0032,1.5549,-3.1463,0.0317,0.1565,0.9872,,0.0000,0.0000,0.0000
7.1621,Left,0.4617,1.5308,-3.1531,-0.0094,0.0287,0.9995,,0.0000,0.0000,0.0000
7.1621,Right,0.0024,1.5550,-3.1470,-0.0638,0.0319,0.9975,,0.0000,0.0000,0.0000
7.1621,Combined,0.0024,1.5550,-3.1470,0.0215,0.1588,0.9871,,0.0000,0.0000,0.0000
7.2178,Left,0.4614,1.5307,-3.1502,-0.0022,0.0310,0.9995,,0.0000,0.0000,0.0000
7.2178,Right,0.0021,1.5552,-3.1469,-0.0566,0.0341,0.9978,,0.0000,0.0000,0.0000
7.2178,Combined,0.0021,1.5552,-3.1469,0.0157,0.1604,0.9869,,0.0000,0.0000,0.0000
7.3070,Left,0.3931,1.5360,-3.4996,0.7689,0.0379,0.6382,,0.0000,0.0000,0.0000
7.3070,Right,0.1017,1.5599,-3.1445,0.7329,0.0409,0.6791,,0.0000,0.0000,0.0000
7.3070,Combined,0.1017,1.5599,-3.1445,0.7684,0.1586,0.6200,,0.0000,0.0000,0.0000
7.6404,Left,0.2388,1.5322,-3.3047,0.7737,0.0366,0.6325,,0.0000,0.0000,0.0000
7.6404,Right,-0.0575,1.5594,-2.9538,0.7381,0.0398,0.6735,,0.0000,0.0000,0.0000
7.6404,Combined,-0.0575,1.5594,-2.9538,0.7613,0.1473,0.6314,,0.0000,0.0000,0.0000
7.8562,Left,0.2486,1.5312,-3.3128,0.7750,0.0331,0.6311,,0.0000,0.0000,0.0000
7.8562,Right,-0.0491,1.5595,-2.9632,0.7394,0.0365,0.6723,,0.0000,0.0000,0.0000
7.8562,Combined,-0.0491,1.5595,-2.9632,0.7587,0.1506,0.6338,,0.0000,0.0000,0.0000
7.9659,Left,0.2502,1.5300,-3.3110,0.7765,0.0332,0.6293,,0.0000,0.0000,0.0000
7.9659,Right,-0.0490,1.5594,-2.9629,0.7410,0.0366,0.6705,,0.0000,0.0000,0.0000
7.9659,Combined,-0.0490,1.5594,-2.9629,0.7561,0.1501,0.6371,,0.0000,0.0000,0.0000
8.0470,Left,0.2503,1.5291,-3.3112,0.8422,0.0238,0.5387,,0.0000,0.0000,0.0000
8.0470,Right,-0.0487,1.5594,-2.9629,0.8117,0.0268,0.5834,,0.0000,0.0000,0.0000
8.0470,Combined,-0.0487,1.5594,-2.9629,0.7565,0.1509,0.6363,,0.0000,0.0000,0.0000
8.1290,Left,0.2492,1.5292,-3.3125,0.9664,0.0327,0.2550,,0.0000,0.0000,0.0000
8.1290,Right,-0.0485,1.5595,-2.9632,0.9525,0.0340,0.3026,,0.0000,0.0000,0.0000
8.1290,Combined,-0.0485,1.5595,-2.9632,0.7587,0.1518,0.6335,,0.0000,0.0000,0.0000
8.2151,Left,0.2483,1.5293,-3.3136,0.9671,0.0335,0.2521,,0.0000,0.0000,0.0000
8.2151,Right,-0.0485,1.5595,-2.9635,0.9534,0.0348,0.2998,,0.0000,0.0000,0.0000
8.2151,Combined,-0.0485,1.5595,-2.9635,0.7605,0.1518,0.6314,,0.0000,0.0000,0.0000
8.2956,Left,-0.0861,1.5288,-3.4209,0.8154,-0.0228,-0.5784,,0.0000,0.0000,0.0000
8.2956,Right,-0.0486,1.5595,-2.9635,0.8422,-0.0234,-0.5387,,0.0000,0.0000,0.0000
8.2956,Combined,-0.0486,1.5595,-2.9635,0.9840,0.1532,-0.0910,,0.0000,0.0000,0.0000
8.3823,Left,-0.0863,1.5287,-3.4208,0.8110,-0.0271,-0.5844,,0.0000,0.0000,0.0000
8.3823,Right,-0.0486,1.5595,-2.9634,0.8380,-0.0279,-0.5450,,0.0000,0.0000,0.0000
8.3823,Combined,-0.0486,1.5595,-2.9634,0.9838,0.1541,-0.0914,,0.0000,0.0000,0.0000
8.4653,Left,-0.0867,1.5295,-3.4207,0.8142,-0.0216,-0.5802,,0.0000,0.0000,0.0000
8.4653,Right,-0.0484,1.5594,-2.9633,0.8410,-0.0223,-0.5406,,0.0000,0.0000,0.0000
8.4653,Combined,-0.0484,1.5594,-2.9633,0.9836,0.1550,-0.0924,,0.0000,0.0000,0.0000
8.5495,Left,-0.0855,1.5303,-3.4205,0.8943,0.0318,-0.4464,,0.0000,0.0000,0.0000
8.5495,Right,-0.0478,1.5594,-2.9630,0.9159,0.0333,-0.4001,,0.0000,0.0000,0.0000
8.5495,Combined,-0.0478,1.5594,-2.9630,0.9836,0.1558,-0.0908,,0.0000,0.0000,0.0000
8.6441,Left,-0.0829,1.5306,-3.4205,0.8954,0.0316,-0.4441,,0.0000,0.0000,0.0000
8.6441,Right,-0.0470,1.5594,-2.9628,0.9169,0.0330,-0.3978,,0.0000,0.0000,0.0000
8.6441,Combined,-0.0470,1.5594,-2.9628,0.9840,0.1554,-0.0869,,0.0000,0.0000,0.0000
8.7414,Left,-0.0770,1.5301,-3.4201,0.9914,0.0363,-0.1261,,0.0000,0.0000,0.0000
8.7414,Right,-0.0460,1.5593,-2.9621,0.9966,0.0396,-0.0720,,0.0000,0.0000,0.0000
8.7414,Combined,-0.0460,1.5593,-2.9621,0.9849,0.1552,-0.0766,,0.0000,0.0000,0.0000
8.8514,Left,-0.0690,1.5296,-3.4192,0.9980,0.0332,0.0538,,0.0000,0.0000,0.0000
8.8514,Right,-0.0450,1.5593,-2.9607,0.9935,0.0375,0.1075,,0.0000,0.0000,0.0000
8.8514,Combined,-0.0450,1.5593,-2.9607,0.9859,0.1557,-0.0617,,0.0000,0.0000,0.0000
8.9238,Left,-0.0639,1.5302,-3.4183,0.9972,0.0318,0.0671,,0.0000,0.0000,0.0000
8.9238,Right,-0.0445,1.5593,-2.9596,0.9920,0.0360,0.1207,,0.0000,0.0000,0.0000
8.9238,Combined,-0.0445,1.5593,-2.9596,0.9865,0.1552,-0.0516,,0.0000,0.0000,0.0000
9.0053,Left,-0.0599,1.5302,-3.4175,0.9611,0.0340,0.2742,,0.0000,0.0000,0.0000
9.0053,Right,-0.0441,1.5592,-2.9587,0.9456,0.0393,0.3231,,0.0000,0.0000,0.0000
9.0053,Combined,-0.0441,1.5592,-2.9587,0.9871,0.1541,-0.0439,,0.0000,0.0000,0.0000
9.0901,Left,-0.0568,1.5297,-3.4170,0.9594,0.0332,0.2802,,0.0000,0.0000,0.0000
9.0901,Right,-0.0437,1.5591,-2.9581,0.9435,0.0385,0.3290,,0.0000,0.0000,0.0000
9.0901,Combined,-0.0437,1.5591,-2.9581,0.9875,0.1530,-0.0379,,0.0000,0.0000,0.0000
9.1590,Left,-0.0557,1.5291,-3.4168,0.9611,0.0319,0.2744,,0.0000,0.0000,0.0000
9.1590,Right,-0.0435,1.5589,-2.9580,0.9455,0.0373,0.3234,,0.0000,0.0000,0.0000
9.1590,Combined,-0.0435,1.5589,-2.9580,0.9878,0.1517,-0.0360,,0.0000,0.0000,0.0000
9.2265,Left,-0.0554,1.5293,-3.4170,0.9610,0.0345,0.2744,,0.0000,0.0000,0.0000
9.2265,Right,-0.0434,1.5589,-2.9581,0.9454,0.0398,0.3235,,0.0000,0.0000,0.0000
9.2265,Combined,-0.0434,1.5589,-2.9581,0.9878,0.1516,-0.0357,,0.0000,0.0000,0.0000
9.2837,Left,-0.0554,1.5291,-3.4171,0.9918,0.0380,0.1216,,0.0000,0.0000,0.0000
9.2837,Right,-0.0434,1.5589,-2.9582,0.9837,0.0425,0.1745,,0.0000,0.0000,0.0000
9.2837,Combined,-0.0434,1.5589,-2.9582,0.9879,0.1511,-0.0356,,0.0000,0.0000,0.0000
9.3534,Left,-0.0555,1.5287,-3.4172,0.9921,0.0376,0.1198,,0.0000,0.0000,0.0000
9.3534,Right,-0.0434,1.5588,-2.9583,0.9841,0.0421,0.1727,,0.0000,0.0000,0.0000
9.3534,Combined,-0.0434,1.5588,-2.9583,0.9879,0.1509,-0.0358,,0.0000,0.0000,0.0000
9.4252,Left,-0.0554,1.5287,-3.4173,0.9925,0.0388,0.1156,,0.0000,0.0000,0.0000
9.4252,Right,-0.0435,1.5590,-2.9584,0.9847,0.0433,0.1686,,0.0000,0.0000,0.0000
9.4252,Combined,-0.0435,1.5590,-2.9584,0.9877,0.1520,-0.0357,,0.0000,0.0000,0.0000
9.4795,Left,-0.0553,1.5286,-3.4174,0.9921,0.0414,0.1187,,0.0000,0.0000,0.0000
9.4795,Right,-0.0435,1.5590,-2.9586,0.9841,0.0459,0.1716,,0.0000,0.0000,0.0000
9.4795,Combined,-0.0435,1.5590,-2.9586,0.9876,0.1528,-0.0354,,0.0000,0.0000,0.0000
9.5506,Left,-0.0552,1.5284,-3.4176,0.9926,0.0416,0.1143,,0.0000,0.0000,0.0000
9.5506,Right,-0.0434,1.5590,-2.9587,0.9848,0.0461,0.1673,,0.0000,0.0000,0.0000
9.5506,Combined,-0.0434,1.5590,-2.9587,0.9876,0.1531,-0.0357,,0.0000,0.0000,0.0000
9.6201,Left,-0.0550,1.5281,-3.4177,0.9931,0.0320,0.1130,,0.0000,0.0000,0.0000
9.6201,Right,-0.0433,1.5589,-2.9589,0.9854,0.0366,0.1661,,0.0000,0.0000,0.0000
9.6201,Combined,-0.0433,1.5589,-2.9589,0.9876,0.1529,-0.0356,,0.0000,0.0000,0.0000
9.6766,Left,-0.0547,1.5275,-3.4178,0.9931,0.0318,0.1130,,0.0000,0.0000,0.0000
9.6766,Right,-0.0431,1.5588,-2.9590,0.9854,0.0365,0.1661,,0.0000,0.0000,0.0000
9.6766,Combined,-0.0431,1.5588,-2.9590,0.9878,0.1519,-0.0352,,0.0000,0.0000,0.0000
9.7446,Left,-0.0549,1.5271,-3.4179,0.9941,0.0352,0.1030,,0.0000,0.0000,0.0000
9.7446,Right,-0.0429,1.5586,-2.9591,0.9869,0.0398,0.1562,,0.0000,0.0000,0.0000
9.7446,Combined,-0.0429,1.5586,-2.9591,0.9879,0.1508,-0.0362,,0.0000,0.0000,0.0000
9.8155,Left,-0.0557,1.5267,-3.4181,0.9946,0.0300,0.0998,,0.0000,0.0000,0.0000
9.8155,Right,-0.0427,1.5585,-2.9594,0.9876,0.0346,0.1531,,0.0000,0.0000,0.0000
9.8155,Combined,-0.0427,1.5585,-2.9594,0.9881,0.1487,-0.0383,,0.0000,0.0000,0.0000
9.8702,Left,-0.0562,1.5267,-3.4182,0.9820,0.0439,-0.1838,,0.0000,0.0000,0.0000
9.8702,Right,-0.0425,1.5584,-2.9595,0.9903,0.0470,-0.1306,,0.0000,0.0000,0.0000
9.8702,Combined,-0.0425,1.5584,-2.9595,0.9883,0.1474,-0.0397,,0.0000,0.0000,0.0000
9.9390,Left,-0.0561,1.5265,-3.4183,0.9573,0.0456,-0.2856,,0.0000,0.0000,0.0000
9.9390,Right,-0.0424,1.5584,-2.9596,0.9709,0.0482,-0.2346,,0.0000,0.0000,0.0000
9.9390,Combined,-0.0424,1.5584,-2.9596,0.9883,0.1473,-0.0399,,0.0000,0.0000,0.0000
10.0094,Left,-0.0560,1.5263,-3.4185,0.9572,0.0461,-0.2858,,0.0000,0.0000,0.0000
10.0094,Right,-0.0422,1.5584,-2.9598,0.9708,0.0488,-0.2348,,0.0000,0.0000,0.0000
10.0094,Combined,-0.0422,1.5584,-2.9598,0.9883,0.1473,-0.0399,,0.0000,0.0000,0.0000
10.0652,Left,-0.0558,1.5261,-3.4185,0.9571,0.0458,-0.2860,,0.0000,0.0000,0.0000
10.0652,Right,-0.0422,1.5583,-2.9599,0.9708,0.0485,-0.2350,,0.0000,0.0000,0.0000
10.0652,Combined,-0.0422,1.5583,-2.9599,0.9883,0.1474,-0.0397,,0.0000,0.0000,0.0000
10.1243,Left,-0.0556,1.5259,-3.4186,0.9576,0.0457,-0.2843,,0.0000,0.0000,0.0000
10.1243,Right,-0.0422,1.5584,-2.9600,0.9712,0.0484,-0.2333,,0.0000,0.0000,0.0000
10.1243,Combined,-0.0422,1.5584,-2.9600,0.9883,0.1477,-0.0393,,0.0000,0.0000,0.0000
10.1896,Left,-0.0551,1.5258,-3.4187,0.9584,0.0369,-0.2832,,0.0000,0.0000,0.0000
10.1896,Right,-0.0420,1.5584,-2.9600,0.9719,0.0395,-0.2321,,0.0000,0.0000,0.0000
10.1896,Combined,-0.0420,1.5584,-2.9600,0.9883,0.1476,-0.0386,,0.0000,0.0000,0.0000
10.2464,Left,-0.0546,1.5254,-3.4187,0.9974,0.0347,0.0639,,0.0000,0.0000,0.0000
10.2464,Right,-0.0420,1.5583,-2.9601,0.9923,0.0393,0.1176,,0.0000,0.0000,0.0000
10.2464,Combined,-0.0420,1.5583,-2.9601,0.9884,0.1474,-0.0377,,0.0000,0.0000,0.0000
10.3149,Left,-0.0541,1.5253,-3.4188,0.9957,0.0362,0.0849,,0.0000,0.0000,0.0000
10.3149,Right,-0.0419,1.5583,-2.9601,0.9895,0.0409,0.1383,,0.0000,0.0000,0.0000
10.3149,Combined,-0.0419,1.5583,-2.9601,0.9884,0.1474,-0.0369,,0.0000,0.0000,0.0000
10.3867,Left,-0.0533,1.5250,-3.4188,0.9967,0.0300,0.0760,,0.0000,0.0000,0.0000
10.3867,Right,-0.0416,1.5582,-2.9601,0.9910,0.0347,0.1296,,0.0000,0.0000,0.0000
10.3867,Combined,-0.0416,1.5582,-2.9601,0.9885,0.1467,-0.0357,,0.0000,0.0000,0.0000
10.4424,Left,-0.0526,1.5245,-3.4189,0.9966,0.0297,0.0770,,0.0000,0.0000,0.0000
10.4424,Right,-0.0414,1.5581,-2.9603,0.9908,0.0345,0.1306,,0.0000,0.0000,0.0000
10.4424,Combined,-0.0414,1.5581,-2.9603,0.9886,0.1464,-0.0349,,0.0000,0.0000,0.0000
10.5115,Left,-0.0521,1.5241,-3.4190,0.9963,0.0332,0.0787,,0.0000,0.0000,0.0000
10.5115,Right,-0.0413,1.5580,-2.9604,0.9905,0.0379,0.1322,,0.0000,0.0000,0.0000
10.5115,Combined,-0.0413,1.5580,-2.9604,0.9888,0.1453,-0.0340,,0.0000,0.0000,0.0000
10.5801,Left,-0.0514,1.5235,-3.4191,0.9964,0.0313,0.0782,,0.0000,0.0000,0.0000
10.5801,Right,-0.0410,1.5579,-2.9605,0.9906,0.0361,0.1318,,0.0000,0.0000,0.0000
10.5801,Combined,-0.0410,1.5579,-2.9605,0.9890,0.1444,-0.0333,,0.0000,0.0000,0.0000
10.6376,Left,-0.0509,1.5231,-3.4191,0.9964,0.0324,0.0780,,0.0000,0.0000,0.0000
10.6376,Right,-0.0409,1.5579,-2.9606,0.9906,0.0372,0.1316,,0.0000,0.0000,0.0000
10.6376,Combined,-0.0409,1.5579,-2.9606,0.9891,0.1439,-0.0324,,0.0000,0.0000,0.0000
10.7081,Left,-0.0504,1.5231,-3.4191,0.9965,0.0309,0.0779,,0.0000,0.0000,0.0000
10.7081,Right,-0.0409,1.5579,-2.9605,0.9907,0.0357,0.1314,,0.0000,0.0000,0.0000
10.7081,Combined,-0.0409,1.5579,-2.9605,0.9891,0.1439,-0.0315,,0.0000,0.0000,0.0000
10.7749,Left,-0.0500,1.5232,-3.4191,0.9961,0.0349,0.0808,,0.0000,0.0000,0.0000
10.7749,Right,-0.0408,1.5579,-2.9605,0.9901,0.0397,0.1343,,0.0000,0.0000,0.0000
10.7749,Combined,-0.0408,1.5579,-2.9605,0.9891,0.1437,-0.0308,,0.0000,0.0000,0.0000
10.8314,Left,-0.0499,1.5233,-3.4190,0.9961,0.0367,0.0806,,0.0000,0.0000,0.0000
10.8314,Right,-0.0408,1.5579,-2.9604,0.9901,0.0415,0.1341,,0.0000,0.0000,0.0000
10.8314,Combined,-0.0408,1.5579,-2.9604,0.9891,0.1438,-0.0305,,0.0000,0.0000,0.0000
10.9017,Left,-0.0497,1.5233,-3.4189,0.9963,0.0322,0.0802,,0.0000,0.0000,0.0000
10.9017,Right,-0.0408,1.5579,-2.9603,0.9903,0.0370,0.1338,,0.0000,0.0000,0.0000
10.9017,Combined,-0.0408,1.5579,-2.9603,0.9891,0.1439,-0.0301,,0.0000,0.0000,0.0000
10.9709,Left,-0.0495,1.5235,-3.4188,0.9966,0.0354,0.0745,,0.0000,0.0000,0.0000
10.9709,Right,-0.0407,1.5579,-2.9602,0.9910,0.0401,0.1281,,0.0000,0.0000,0.0000
10.9709,Combined,-0.0407,1.5579,-2.9602,0.9892,0.1435,-0.0297,,0.0000,0.0000,0.0000
11.0266,Left,-0.0491,1.5240,-3.4187,0.9989,-0.0473,-0.0039,,0.0000,0.0000,0.0000
11.0266,Right,-0.0407,1.5579,-2.9601,0.9978,-0.0428,0.0509,,0.0000,0.0000,0.0000
11.0266,Combined,-0.0407,1.5579,-2.9601,0.9892,0.1437,-0.0289,,0.0000,0.0000,0.0000
11.0978,Left,-0.0490,1.5240,-3.4187,0.9905,-0.0859,0.1070,,0.0000,0.0000,0.0000
11.0978,Right,-0.0407,1.5580,-2.9600,0.9837,-0.0801,0.1611,,0.0000,0.0000,0.0000
11.0978,Combined,-0.0407,1.5580,-2.9600,0.9891,0.1443,-0.0284,,0.0000,0.0000,0.0000
11.1699,Left,-0.0489,1.5240,-3.4186,0.9940,0.0230,0.1066,,0.0000,0.0000,0.0000
11.1699,Right,-0.0408,1.5580,-2.9599,0.9867,0.0280,0.1599,,0.0000,0.0000,0.0000
11.1699,Combined,-0.0408,1.5580,-2.9599,0.9890,0.1451,-0.0281,,0.0000,0.0000,0.0000
11.2212,Left,-0.0491,1.5241,-3.4186,0.9940,0.0253,0.1064,,0.0000,0.0000,0.0000
11.2212,Right,-0.0411,1.5582,-2.9599,0.9867,0.0302,0.1597,,0.0000,0.0000,0.0000
11.2212,Combined,-0.0411,1.5582,-2.9599,0.9888,0.1465,-0.0281,,0.0000,0.0000,0.0000
11.2896,Left,-0.0494,1.5244,-3.4185,0.9949,0.0262,0.0979,,0.0000,0.0000,0.0000
11.2896,Right,-0.0413,1.5583,-2.9599,0.9880,0.0311,0.1513,,0.0000,0.0000,0.0000
11.2896,Combined,-0.0413,1.5583,-2.9599,0.9886,0.1476,-0.0283,,0.0000,0.0000,0.0000
11.3473,Left,-0.0497,1.5248,-3.4184,0.9948,0.0293,0.0972,,0.0000,0.0000,0.0000
11.3473,Right,-0.0415,1.5584,-2.9597,0.9880,0.0341,0.1506,,0.0000,0.0000,0.0000
11.3473,Combined,-0.0415,1.5584,-2.9597,0.9885,0.1486,-0.0285,,0.0000,0.0000,0.0000
11.4025,Left,-0.0497,1.5250,-3.4184,0.9948,0.0303,0.0972,,0.0000,0.0000,0.0000
11.4025,Right,-0.0417,1.5583,-2.9596,0.9880,0.0350,0.1506,,0.0000,0.0000,0.0000
11.4025,Combined,-0.0417,1.5583,-2.9596,0.9885,0.1483,-0.0281,,0.0000,0.0000,0.0000
11.4720,Left,-0.0496,1.5247,-3.4182,0.9950,0.0248,0.0966,,0.0000,0.0000,0.0000
11.4720,Right,-0.0418,1.5582,-2.9595,0.9882,0.0296,0.1500,,0.0000,0.0000,0.0000
11.4720,Combined,-0.0418,1.5582,-2.9595,0.9887,0.1475,-0.0275,,0.0000,0.0000,0.0000
11.5408,Left,-0.0497,1.5242,-3.4182,0.9951,0.0240,0.0963,,0.0000,0.0000,0.0000
11.5408,Right,-0.0419,1.5581,-2.9595,0.9883,0.0289,0.1497,,0.0000,0.0000,0.0000
11.5408,Combined,-0.0419,1.5581,-2.9595,0.9888,0.1466,-0.0276,,0.0000,0.0000,0.0000
11.5996,Left,-0.0508,1.5240,-3.4182,0.9953,0.0200,0.0944,,0.0000,0.0000,0.0000
11.5996,Right,-0.0423,1.5577,-2.9595,0.9887,0.0249,0.1478,,0.0000,0.0000,0.0000
11.5996,Combined,-0.0423,1.5577,-2.9595,0.9893,0.1429,-0.0287,,0.0000,0.0000,0.0000
11.6673,Left,-0.0511,1.5244,-3.4179,0.9958,0.0091,0.0914,,0.0000,0.0000,0.0000
11.6673,Right,-0.0425,1.5564,-2.9591,0.9893,0.0139,0.1449,,0.0000,0.0000,0.0000
11.6673,Combined,-0.0425,1.5564,-2.9591,0.9913,0.1287,-0.0276,,0.0000,0.0000,0.0000
11.7367,Left,-0.0490,1.5253,-3.4172,0.9977,-0.0668,-0.0137,,0.0000,0.0000,0.0000
11.7367,Right,-0.0415,1.5535,-2.9581,0.9972,-0.0631,0.0409,,0.0000,0.0000,0.0000
11.7367,Combined,-0.0415,1.5535,-2.9581,0.9953,0.0939,-0.0221,,0.0000,0.0000,0.0000
11.7933,Left,-0.0436,1.5251,-3.4161,0.9950,-0.0991,-0.0073,,0.0000,0.0000,0.0000
11.7933,Right,-0.0392,1.5499,-2.9568,0.9943,-0.0958,0.0473,,0.0000,0.0000,0.0000
11.7933,Combined,-0.0392,1.5499,-2.9568,0.9986,0.0512,-0.0124,,0.0000,0.0000,0.0000
11.8631,Left,-0.0373,1.5247,-3.4149,0.9968,-0.0801,-0.0085,,0.0000,0.0000,0.0000
11.8631,Right,-0.0370,1.5472,-2.9554,0.9960,-0.0772,0.0458,,0.0000,0.0000,0.0000
11.8631,Combined,-0.0370,1.5472,-2.9554,0.9998,0.0199,-0.0017,,0.0000,0.0000,0.0000
11.9311,Left,-0.0293,1.5235,-3.4134,0.9977,-0.0680,-0.0060,,0.0000,0.0000,0.0000
11.9311,Right,-0.0345,1.5445,-2.9539,0.9967,-0.0654,0.0480,,0.0000,0.0000,0.0000
11.9311,Combined,-0.0345,1.5445,-2.9539,0.9999,-0.0112,0.0118,,0.0000,0.0000,0.0000
11.9940,Left,-0.0225,1.5225,-3.4122,0.9973,-0.0729,-0.0010,,0.0000,0.0000,0.0000
11.9940,Right,-0.0327,1.5426,-2.9527,0.9961,-0.0705,0.0529,,0.0000,0.0000,0.0000
11.9940,Combined,-0.0327,1.5426,-2.9527,0.9991,-0.0344,0.0235,,0.0000,0.0000,0.0000
12.0593,Left,-0.0183,1.5218,-3.4115,0.9985,-0.0545,0.0000,,0.0000,0.0000,0.0000
12.0593,Right,-0.0318,1.5417,-2.9521,0.9972,-0.0522,0.0536,,0.0000,0.0000,0.0000
12.0593,Combined,-0.0318,1.5417,-2.9521,0.9985,-0.0445,0.0312,,0.0000,0.0000,0.0000
12.1267,Left,-0.0146,1.5213,-3.4109,0.9995,-0.0304,-0.0071,,0.0000,0.0000,0.0000
12.1267,Right,-0.0314,1.5415,-2.9516,0.9985,-0.0283,0.0463,,0.0000,0.0000,0.0000
12.1267,Combined,-0.0314,1.5415,-2.9516,0.9982,-0.0468,0.0386,,0.0000,0.0000,0.0000
12.1844,Left,-0.0134,1.5209,-3.4109,0.9996,-0.0249,-0.0097,,0.0000,0.0000,0.0000
12.1844,Right,-0.0316,1.5418,-2.9518,0.9988,-0.0227,0.0437,,0.0000,0.0000,0.0000
12.1844,Combined,-0.0316,1.5418,-2.9518,0.9982,-0.0438,0.0414,,0.0000,0.0000,0.0000
12.2517,Left,-0.0140,1.5205,-3.4115,0.9994,-0.0272,-0.0204,,0.0000,0.0000,0.0000
12.2517,Right,-0.0318,1.5421,-2.9524,0.9991,-0.0250,0.0330,,0.0000,0.0000,0.0000
12.2517,Combined,-0.0318,1.5421,-2.9524,0.9983,-0.0408,0.0406,,0.0000,0.0000,0.0000
12.3220,Left,-0.0152,1.5198,-3.4123,0.9994,-0.0238,-0.0245,,0.0000,0.0000,0.0000
12.3220,Right,-0.0323,1.5425,-2.9532,0.9994,-0.0215,0.0289,,0.0000,0.0000,0.0000
12.3220,Combined,-0.0323,1.5425,-2.9532,0.9986,-0.0366,0.0390,,0.0000,0.0000,0.0000
12.3777,Left,-0.0152,1.5191,-3.4127,0.9995,-0.0222,-0.0205,,0.0000,0.0000,0.0000
12.3777,Right,-0.0327,1.5431,-2.9537,0.9993,-0.0197,0.0329,,0.0000,0.0000,0.0000
12.3777,Combined,-0.0327,1.5431,-2.9537,0.9988,-0.0290,0.0396,,0.0000,0.0000,0.0000
12.4494,Left,-0.0143,1.5185,-3.4127,0.9998,-0.0123,-0.0186,,0.0000,0.0000,0.0000
12.4494,Right,-0.0330,1.5442,-2.9538,0.9993,-0.0096,0.0349,,0.0000,0.0000,0.0000
12.4494,Combined,-0.0330,1.5442,-2.9538,0.9990,-0.0177,0.0416,,0.0000,0.0000,0.0000
12.5243,Left,-0.0135,1.5179,-3.4126,0.9930,0.0467,0.1089,,0.0000,0.0000,0.0000
12.5243,Right,-0.0336,1.5459,-2.9539,0.9856,0.0504,0.1613,,0.0000,0.0000,0.0000
12.5243,Combined,-0.0336,1.5459,-2.9539,0.9990,0.0005,0.0438,,0.0000,0.0000,0.0000
12.5841,Left,-0.0138,1.5182,-3.4125,0.9922,0.0645,0.1067,,0.0000,0.0000,0.0000
12.5841,Right,-0.0346,1.5478,-2.9539,0.9849,0.0683,0.1592,,0.0000,0.0000,0.0000
12.5841,Combined,-0.0346,1.5478,-2.9539,0.9988,0.0225,0.0439,,0.0000,0.0000,0.0000
12.6541,Left,-0.0151,1.5193,-3.4125,0.9923,0.0634,0.1068,,0.0000,0.0000,0.0000
12.6541,Right,-0.0359,1.5495,-2.9540,0.9849,0.0673,0.1595,,0.0000,0.0000,0.0000
12.6541,Combined,-0.0359,1.5495,-2.9540,0.9982,0.0426,0.0426,,0.0000,0.0000,0.0000
12.7241,Left,-0.0173,1.5208,-3.4126,0.9938,0.0548,0.0970,,0.0000,0.0000,0.0000
12.7241,Right,-0.0374,1.5508,-2.9540,0.9870,0.0587,0.1500,,0.0000,0.0000,0.0000
12.7241,Combined,-0.0374,1.5508,-2.9540,0.9975,0.0579,0.0398,,0.0000,0.0000,0.0000
12.7798,Left,-0.0196,1.5224,-3.4128,0.9945,0.0456,0.0943,,0.0000,0.0000,0.0000
12.7798,Right,-0.0384,1.5519,-2.9542,0.9878,0.0495,0.1474,,0.0000,0.0000,0.0000
12.7798,Combined,-0.0384,1.5519,-2.9542,0.9969,0.0698,0.0362,,0.0000,0.0000,0.0000
12.8508,Left,-0.0212,1.5236,-3.4131,0.9935,0.0481,0.1029,,0.0000,0.0000,0.0000
12.8508,Right,-0.0390,1.5528,-2.9544,0.9864,0.0519,0.1559,,0.0000,0.0000,0.0000
12.8508,Combined,-0.0390,1.5528,-2.9544,0.9962,0.0810,0.0335,,0.0000,0.0000,0.0000
12.9196,Left,-0.0228,1.5243,-3.4136,0.9934,0.0488,0.1036,,0.0000,0.0000,0.0000
12.9196,Right,-0.0398,1.5539,-2.9548,0.9862,0.0527,0.1568,,0.0000,0.0000,0.0000
12.9196,Combined,-0.0398,1.5539,-2.9548,0.9951,0.0937,0.0307,,0.0000,0.0000,0.0000
12.9763,Left,-0.0241,1.5243,-3.4139,0.9930,0.0493,0.1071,,0.0000,0.0000,0.0000
12.9763,Right,-0.0406,1.5547,-2.9552,0.9856,0.0534,0.1603,,0.0000,0.0000,0.0000
12.9763,Combined,-0.0406,1.5547,-2.9552,0.9943,0.1028,0.0290,,0.0000,0.0000,0.0000
13.0454,Left,-0.0248,1.5237,-3.4143,0.9918,0.0511,0.1171,,0.0000,0.0000,0.0000
13.0454,Right,-0.0412,1.5551,-2.9556,0.9839,0.0553,0.1701,,0.0000,0.0000,0.0000
13.0454,Combined,-0.0412,1.5551,-2.9556,0.9938,0.1078,0.0281,,0.0000,0.0000,0.0000
13.1157,Left,-0.0255,1.5232,-3.4147,0.9915,0.0572,0.1168,,0.0000,0.0000,0.0000
13.1157,Right,-0.0421,1.5556,-2.9561,0.9836,0.0614,0.1698,,0.0000,0.0000,0.0000
13.1157,Combined,-0.0421,1.5556,-2.9561,0.9930,0.1152,0.0276,,0.0000,0.0000,0.0000
13.1709,Left,-0.0261,1.5231,-3.4150,0.9914,0.0537,0.1196,,0.0000,0.0000,0.0000
13.1709,Right,-0.0427,1.5564,-2.9565,0.9833,0.0581,0.1726,,0.0000,0.0000,0.0000
13.1709,Combined,-0.0427,1.5564,-2.9565,0.9919,0.1245,0.0270,,0.0000,0.0000,0.0000
13.2410,Left,-0.0268,1.5230,-3.4153,0.9914,0.0544,0.1190,,0.0000,0.0000,0.0000
13.2410,Right,-0.0431,1.5569,-2.9568,0.9833,0.0588,0.1721,,0.0000,0.0000,0.0000
13.2410,Combined,-0.0431,1.5569,-2.9568,0.9912,0.1300,0.0256,,0.0000,0.0000,0.0000
13.3098,Left,-0.0282,1.5230,-3.4158,0.9923,-0.0196,0.1223,,0.0000,0.0000,0.0000
13.3098,Right,-0.0434,1.5572,-2.9573,0.9843,-0.0146,0.1759,,0.0000,0.0000,0.0000
13.3098,Combined,-0.0434,1.5572,-2.9573,0.9908,0.1330,0.0230,,0.0000,0.0000,0.0000
13.3670,Left,-0.0290,1.5230,-3.4159,0.9995,-0.0288,-0.0122,,0.0000,0.0000,0.0000
13.3670,Right,-0.0436,1.5573,-2.9574,0.9988,-0.0249,0.0425,,0.0000,0.0000,0.0000
13.3670,Combined,-0.0436,1.5573,-2.9574,0.9907,0.1342,0.0215,,0.0000,0.0000,0.0000
13.4360,Left,-0.0287,1.5228,-3.4159,0.9944,0.0204,0.1038,,0.0000,0.0000,0.0000
13.4360,Right,-0.0436,1.5573,-2.9574,0.9872,0.0251,0.1573,,0.0000,0.0000,0.0000
13.4360,Combined,-0.0436,1.5573,-2.9574,0.9907,0.1342,0.0221,,0.0000,0.0000,0.0000
13.5362,Left,-0.0285,1.5226,-3.4158,0.9936,0.0486,0.1017,,0.0000,0.0000,0.0000
13.5362,Right,-0.0436,1.5573,-2.9573,0.9865,0.0532,0.1550,,0.0000,0.0000,0.0000
13.5362,Combined,-0.0436,1.5573,-2.9573,0.9907,0.1344,0.0225,,0.0000,0.0000,0.0000
13.6033,Left,-0.0291,1.5228,-3.4158,0.9936,0.0557,0.0982,,0.0000,0.0000,0.0000
13.6033,Right,-0.0436,1.5573,-2.9573,0.9866,0.0602,0.1515,,0.0000,0.0000,0.0000
13.6033,Combined,-0.0436,1.5573,-2.9573,0.9907,0.1345,0.0214,,0.0000,0.0000,0.0000
13.6727,Left,-0.0291,1.5230,-3.4157,0.9937,0.0586,0.0960,,0.0000,0.0000,0.0000
13.6727,Right,-0.0438,1.5575,-2.9572,0.9868,0.0630,0.1494,,0.0000,0.0000,0.0000
13.6727,Combined,-0.0438,1.5575,-2.9572,0.9905,0.1360,0.0214,,0.0000,0.0000,0.0000
13.7279,Left,-0.0289,1.5230,-3.4155,0.9934,0.0617,0.0969,,0.0000,0.0000,0.0000
13.7279,Right,-0.0440,1.5577,-2.9571,0.9864,0.0662,0.1503,,0.0000,0.0000,0.0000
13.7279,Combined,-0.0440,1.5577,-2.9571,0.9900,0.1390,0.0222,,0.0000,0.0000,0.0000
13.7979,Left,-0.0293,1.5234,-3.4156,0.9929,0.0635,0.1004,,0.0000,0.0000,0.0000
13.7979,Right,-0.0443,1.5581,-2.9571,0.9858,0.0679,0.1537,,0.0000,0.0000,0.0000
13.7979,Combined,-0.0443,1.5581,-2.9571,0.9893,0.1442,0.0215,,0.0000,0.0000,0.0000
13.8674,Left,-0.0302,1.5240,-3.4158,0.9929,0.0704,0.0957,,0.0000,0.0000,0.0000
13.8674,Right,-0.0449,1.5590,-2.9573,0.9860,0.0749,0.1491,,0.0000,0.0000,0.0000
13.8674,Combined,-0.0449,1.5590,-2.9573,0.9877,0.1552,0.0197,,0.0000,0.0000,0.0000
13.9227,Left,-0.0314,1.5240,-3.4160,0.9957,0.0660,0.0644,,0.0000,0.0000,0.0000
13.9227,Right,-0.0459,1.5596,-2.9576,0.9905,0.0705,0.1182,,0.0000,0.0000,0.0000
13.9227,Combined,-0.0459,1.5596,-2.9576,0.9855,0.1684,0.0181,,0.0000,0.0000,0.0000
13.9945,Left,-0.0331,1.5237,-3.4163,0.9975,0.0388,0.0586,,0.0000,0.0000,0.0000
13.9945,Right,-0.0470,1.5598,-2.9579,0.9927,0.0434,0.1127,,0.0000,0.0000,0.0000
13.9945,Combined,-0.0470,1.5598,-2.9579,0.9850,0.1716,0.0163,,0.0000,0.0000,0.0000
14.0616,Left,-0.0355,1.5234,-3.4168,0.9981,0.0218,0.0582,,0.0000,0.0000,0.0000
14.0616,Right,-0.0479,1.5596,-2.9584,0.9933,0.0264,0.1125,,0.0000,0.0000,0.0000
14.0616,Combined,-0.0479,1.5596,-2.9584,0.9852,0.1706,0.0131,,0.0000,0.0000,0.0000
14.1203,Left,-0.0366,1.5237,-3.4170,0.9982,0.0166,0.0571,,0.0000,0.0000,0.0000
14.1203,Right,-0.0482,1.5591,-2.9585,0.9936,0.0212,0.1114,,0.0000,0.0000,0.0000
14.1203,Combined,-0.0482,1.5591,-2.9585,0.9864,0.1642,0.0122,,0.0000,0.0000,0.0000
14.1907,Left,-0.0363,1.5240,-3.4169,0.9980,0.0132,0.0620,,0.0000,0.0000,0.0000
14.1907,Right,-0.0477,1.5581,-2.9583,0.9931,0.0177,0.1162,,0.0000,0.0000,0.0000
14.1907,Combined,-0.0477,1.5581,-2.9583,0.9881,0.1530,0.0133,,0.0000,0.0000,0.0000
14.2570,Left,-0.0349,1.5243,-3.4168,0.9983,0.0073,0.0574,,0.0000,0.0000,0.0000
14.2570,Right,-0.0467,1.5567,-2.9580,0.9937,0.0116,0.1115,,0.0000,0.0000,0.0000
14.2570,Combined,-0.0467,1.5567,-2.9580,0.9906,0.1356,0.0159,,0.0000,0.0000,0.0000
14.3123,Left,-0.0331,1.5240,-3.4167,0.9983,0.0031,0.0588,,0.0000,0.0000,0.0000
14.3123,Right,-0.0454,1.5557,-2.9580,0.9936,0.0073,0.1129,,0.0000,0.0000,0.0000
14.3123,Combined,-0.0454,1.5557,-2.9580,0.9921,0.1239,0.0181,,0.0000,0.0000,0.0000
14.3825,Left,-0.0317,1.5230,-3.4167,0.9976,0.0218,0.0650,,0.0000,0.0000,0.0000
14.3825,Right,-0.0444,1.5552,-2.9580,0.9926,0.0260,0.1189,,0.0000,0.0000,0.0000
14.3825,Combined,-0.0444,1.5552,-2.9580,0.9928,0.1179,0.0192,,0.0000,0.0000,0.0000
14.4509,Left,-0.0305,1.5225,-3.4168,0.9976,0.0210,0.0656,,0.0000,0.0000,0.0000
14.4509,Right,-0.0434,1.5548,-2.9581,0.9925,0.0252,0.1195,,0.0000,0.0000,0.0000
14.4509,Combined,-0.0434,1.5548,-2.9581,0.9934,0.1128,0.0201,,0.0000,0.0000,0.0000
14.5085,Left,-0.0299,1.5225,-3.4169,0.9977,0.0214,0.0643,,0.0000,0.0000,0.0000
14.5085,Right,-0.0429,1.5548,-2.9582,0.9927,0.0256,0.1181,,0.0000,0.0000,0.0000
14.5085,Combined,-0.0429,1.5548,-2.9582,0.9935,0.1120,0.0203,,0.0000,0.0000,0.0000
14.5744,Left,-0.0297,1.5227,-3.4170,0.9974,0.0364,0.0628,,0.0000,0.0000,0.0000
14.5744,Right,-0.0425,1.5550,-2.9583,0.9924,0.0405,0.1165,,0.0000,0.0000,0.0000
14.5744,Combined,-0.0425,1.5550,-2.9583,0.9933,0.1139,0.0199,,0.0000,0.0000,0.0000
14.6462,Left,-0.0296,1.5227,-3.4170,0.9973,0.0366,0.0630,,0.0000,0.0000,0.0000
14.6462,Right,-0.0426,1.5552,-2.9583,0.9923,0.0407,0.1168,,0.0000,0.0000,0.0000
14.6462,Combined,-0.0426,1.5552,-2.9583,0.9930,0.1166,0.0197,,0.0000,0.0000,0.0000
14.7014,Left,-0.0298,1.5227,-3.4169,0.9973,0.0401,0.0621,,0.0000,0.0000,0.0000
14.7014,Right,-0.0429,1.5554,-2.9582,0.9923,0.0442,0.1158,,0.0000,0.0000,0.0000
14.7014,Combined,-0.0429,1.5554,-2.9582,0.9927,0.1188,0.0199,,0.0000,0.0000,0.0000
14.7718,Left,-0.0299,1.5231,-3.4166,0.9975,0.0283,0.0655,,0.0000,0.0000,0.0000
14.7718,Right,-0.0433,1.5555,-2.9580,0.9923,0.0325,0.1193,,0.0000,0.0000,0.0000
14.7718,Combined,-0.0433,1.5555,-2.9580,0.9926,0.1199,0.0204,,0.0000,0.0000,0.0000
14.8396,Left,-0.0295,1.5239,-3.4164,0.9973,0.0304,0.0664,,0.0000,0.0000,0.0000
14.8396,Right,-0.0436,1.5558,-2.9577,0.9921,0.0346,0.1202,,0.0000,0.0000,0.0000
14.8396,Combined,-0.0436,1.5558,-2.9577,0.9922,0.1227,0.0220,,0.0000,0.0000,0.0000
14.8997,Left,-0.0287,1.5245,-3.4161,0.9971,0.0330,0.0687,,0.0000,0.0000,0.0000
14.8997,Right,-0.0438,1.5560,-2.9574,0.9918,0.0371,0.1225,,0.0000,0.0000,0.0000
14.8997,Combined,-0.0438,1.5560,-2.9574,0.9918,0.1254,0.0240,,0.0000,0.0000,0.0000
14.9659,Left,-0.0283,1.5248,-3.4160,0.9931,0.0265,0.1146,,0.0000,0.0000,0.0000
14.9659,Right,-0.0440,1.5562,-2.9573,0.9853,0.0309,0.1679,,0.0000,0.0000,0.0000
14.9659,Combined,-0.0440,1.5562,-2.9573,0.9915,0.1278,0.0251,,0.0000,0.0000,0.0000
15.0373,Left,-0.0279,1.5253,-3.4158,0.9930,0.0250,0.1151,,0.0000,0.0000,0.0000
15.0373,Right,-0.0442,1.5565,-2.9572,0.9853,0.0294,0.1685,,0.0000,0.0000,0.0000
15.0373,Combined,-0.0442,1.5565,-2.9572,0.9910,0.1313,0.0264,,0.0000,0.0000,0.0000
15.0929,Left,-0.0277,1.5256,-3.4157,0.9931,0.0280,0.1137,,0.0000,0.0000,0.0000
15.0929,Right,-0.0445,1.5568,-2.9571,0.9854,0.0323,0.1671,,0.0000,0.0000,0.0000
15.0929,Combined,-0.0445,1.5568,-2.9571,0.9906,0.1342,0.0271,,0.0000,0.0000,0.0000
15.1637,Left,-0.0276,1.5256,-3.4157,0.9934,0.0281,0.1111,,0.0000,0.0000,0.0000
15.1637,Right,-0.0445,1.5568,-2.9571,0.9858,0.0324,0.1646,,0.0000,0.0000,0.0000
15.1637,Combined,-0.0445,1.5568,-2.9571,0.9904,0.1352,0.0272,,0.0000,0.0000,0.0000
15.2326,Left,-0.0274,1.5258,-3.4156,0.9935,0.0265,0.1105,,0.0000,0.0000,0.0000
15.2326,Right,-0.0444,1.5569,-2.9570,0.9860,0.0308,0.1640,,0.0000,0.0000,0.0000
15.2326,Combined,-0.0444,1.5569,-2.9570,0.9903,0.1364,0.0275,,0.0000,0.0000,0.0000
15.2856,Left,-0.0265,1.5258,-3.4155,0.9939,0.0278,0.1064,,0.0000,0.0000,0.0000
15.2856,Right,-0.0444,1.5572,-2.9569,0.9866,0.0320,0.1600,,0.0000,0.0000,0.0000
15.2856,Combined,-0.0444,1.5572,-2.9569,0.9898,0.1395,0.0290,,0.0000,0.0000,0.0000
15.3728,Left,-0.0253,1.5257,-3.4152,0.9928,0.0302,0.1160,,0.0000,0.0000,0.0000
15.3728,Right,-0.0446,1.5579,-2.9567,0.9849,0.0346,0.1695,,0.0000,0.0000,0.0000
15.3728,Combined,-0.0446,1.5579,-2.9567,0.9884,0.1484,0.0311,,0.0000,0.0000,0.0000
15.4405,Left,-0.0252,1.5263,-3.4152,0.9922,-0.0317,-0.1206,,0.0000,0.0000,0.0000
15.4405,Right,-0.0451,1.5598,-2.9569,0.9974,-0.0289,-0.0663,,0.0000,0.0000,0.0000
15.4405,Combined,-0.0451,1.5598,-2.9569,0.9850,0.1696,0.0305,,0.0000,0.0000,0.0000
15.5229,Left,-0.0282,1.5263,-3.4157,0.9669,-0.2319,0.1068,,0.0000,0.0000,0.0000
15.5229,Right,-0.0464,1.5615,-2.9575,0.9603,-0.2262,0.1632,,0.0000,0.0000,0.0000
15.5229,Combined,-0.0464,1.5615,-2.9575,0.9773,0.2108,0.0226,,0.0000,0.0000,0.0000
15.5931,Left,-0.0348,1.5256,-3.4166,0.9281,-0.3538,0.1160,,0.0000,0.0000,0.0000
15.5931,Right,-0.0491,1.5636,-2.9584,0.9215,-0.3471,0.1741,,0.0000,0.0000,0.0000
15.5931,Combined,-0.0491,1.5636,-2.9584,0.9658,0.2590,0.0088,,0.0000,0.0000,0.0000
15.6632,Left,-0.0407,1.5267,-3.4173,0.9144,-0.3985,0.0709,,0.0000,0.0000,0.0000
15.6632,Right,-0.0519,1.5644,-2.9589,0.9104,-0.3928,0.1303,,0.0000,0.0000,0.0000
15.6632,Combined,-0.0519,1.5644,-2.9589,0.9605,0.2782,0.0006,,0.0000,0.0000,0.0000
15.7321,Left,-0.0449,1.5274,-3.4176,0.9177,-0.3972,-0.0038,,0.0000,0.0000,0.0000
15.7321,Right,-0.0535,1.5642,-2.9592,0.9176,-0.3934,0.0560,,0.0000,0.0000,0.0000
15.7321,Combined,-0.0535,1.5642,-2.9592,0.9608,0.2772,-0.0043,,0.0000,0.0000,0.0000
15.7880,Left,-0.0464,1.5270,-3.4179,0.9079,-0.4191,-0.0118,,0.0000,0.0000,0.0000
15.7880,Right,-0.0537,1.5635,-2.9594,0.9083,-0.4155,0.0482,,0.0000,0.0000,0.0000
15.7880,Combined,-0.0537,1.5635,-2.9594,0.9628,0.2701,-0.0062,,0.0000,0.0000,0.0000
15.8580,Left,-0.0457,1.5264,-3.4181,0.9054,-0.4227,-0.0404,,0.0000,0.0000,0.0000
15.8580,Right,-0.0531,1.5633,-2.9596,0.9073,-0.4200,0.0195,,0.0000,0.0000,0.0000
15.8580,Combined,-0.0531,1.5633,-2.9596,0.9640,0.2660,-0.0058,,0.0000,0.0000,0.0000
15.9276,Left,-0.0442,1.5248,-3.4182,0.9013,-0.4315,-0.0375,,0.0000,0.0000,0.0000
15.9276,Right,-0.0523,1.5628,-2.9598,0.9032,-0.4286,0.0225,,0.0000,0.0000,0.0000
15.9276,Combined,-0.0523,1.5628,-2.9598,0.9653,0.2612,-0.0048,,0.0000,0.0000,0.0000
15.9845,Left,-0.0435,1.5233,-3.4182,0.8979,-0.4395,-0.0252,,0.0000,0.0000,0.0000
15.9845,Right,-0.0516,1.5622,-2.9600,0.8991,-0.4363,0.0348,,0.0000,0.0000,0.0000
15.9845,Combined,-0.0516,1.5622,-2.9600,0.9671,0.2543,-0.0044,,0.0000,0.0000,0.0000
16.0536,Left,-0.0438,1.5225,-3.4185,0.9005,-0.4337,-0.0313,,0.0000,0.0000,0.0000
16.0536,Right,-0.0512,1.5617,-2.9602,0.9022,-0.4305,0.0285,,0.0000,0.0000,0.0000
16.0536,Combined,-0.0512,1.5617,-2.9602,0.9687,0.2483,-0.0054,,0.0000,0.0000,0.0000
16.1235,Left,-0.0441,1.5221,-3.4187,0.8789,-0.4769,-0.0107,,0.0000,0.0000,0.0000
16.1235,Right,-0.0510,1.5611,-2.9604,0.8795,-0.4733,0.0498,,0.0000,0.0000,0.0000
16.1235,Combined,-0.0510,1.5611,-2.9604,0.9704,0.2415,-0.0060,,0.0000,0.0000,0.0000
16.1841,Left,-0.0440,1.5222,-3.4187,0.8769,-0.4806,-0.0113,,0.0000,0.0000,0.0000
16.1841,Right,-0.0507,1.5608,-2.9604,0.8775,-0.4771,0.0492,,0.0000,0.0000,0.0000
16.1841,Combined,-0.0507,1.5608,-2.9604,0.9712,0.2382,-0.0058,,0.0000,0.0000,0.0000
16.2483,Left,-0.0435,1.5223,-3.4187,0.8772,-0.4801,0.0011,,0.0000,0.0000,0.0000
16.2483,Right,-0.0504,1.5608,-2.9603,0.8772,-0.4762,0.0616,,0.0000,0.0000,0.0000
16.2483,Combined,-0.0504,1.5608,-2.9603,0.9713,0.2376,-0.0053,,0.0000,0.0000,0.0000
16.3150,Left,-0.0433,1.5225,-3.4186,0.8773,-0.4795,0.0190,,0.0000,0.0000,0.0000
16.3150,Right,-0.0503,1.5608,-2.9602,0.8764,-0.4750,0.0794,,0.0000,0.0000,0.0000
16.3150,Combined,-0.0503,1.5608,-2.9602,0.9714,0.2373,-0.0049,,0.0000,0.0000,0.0000
16.3719,Left,-0.0432,1.5229,-3.4184,0.9954,-0.0847,-0.0454,,0.0000,0.0000,0.0000
16.3719,Right,-0.0502,1.5606,-2.9600,0.9967,-0.0805,0.0105,,0.0000,0.0000,0.0000
16.3719,Combined,-0.0502,1.5606,-2.9600,0.9719,0.2352,-0.0045,,0.0000,0.0000,0.0000
16.4431,Left,-0.0428,1.5232,-3.4183,0.9983,-0.0435,-0.0388,,0.0000,0.0000,0.0000
16.4431,Right,-0.0501,1.5603,-2.9598,0.9991,-0.0393,0.0168,,0.0000,0.0000,0.0000
16.4431,Combined,-0.0501,1.5603,-2.9598,0.9729,0.2311,-0.0032,,0.0000,0.0000,0.0000
16.5132,Left,-0.0412,1.5233,-3.4180,0.9933,0.0527,0.1025,,0.0000,0.0000,0.0000
16.5132,Right,-0.0497,1.5601,-2.9596,0.9860,0.0576,0.1565,,0.0000,0.0000,0.0000
16.5132,Combined,-0.0497,1.5601,-2.9596,0.9739,0.2270,-0.0002,,0.0000,0.0000,0.0000
16.5678,Left,-0.0394,1.5228,-3.4176,0.9917,0.0514,0.1177,,0.0000,0.0000,0.0000
16.5678,Right,-0.0493,1.5596,-2.9592,0.9836,0.0564,0.1715,,0.0000,0.0000,0.0000
16.5678,Combined,-0.0493,1.5596,-2.9592,0.9747,0.2234,0.0030,,0.0000,0.0000,0.0000
16.6702,Left,-0.0382,1.5220,-3.4175,0.9901,0.0765,0.1178,,0.0000,0.0000,0.0000
16.6702,Right,-0.0488,1.5592,-2.9591,0.9819,0.0813,0.1713,,0.0000,0.0000,0.0000
16.6702,Combined,-0.0488,1.5592,-2.9591,0.9758,0.2186,0.0049,,0.0000,0.0000,0.0000
16.7502,Left,-0.0373,1.5220,-3.4174,0.9910,0.0674,0.1155,,0.0000,0.0000,0.0000
16.7502,Right,-0.0484,1.5588,-2.9590,0.9829,0.0722,0.1691,,0.0000,0.0000,0.0000
16.7502,Combined,-0.0484,1.5588,-2.9590,0.9765,0.2153,0.0064,,0.0000,0.0000,0.0000
16.8321,Left,-0.0360,1.5216,-3.4173,0.9925,0.0450,0.1137,,0.0000,0.0000,0.0000
16.8321,Right,-0.0481,1.5585,-2.9589,0.9846,0.0499,0.1675,,0.0000,0.0000,0.0000
16.8321,Combined,-0.0481,1.5585,-2.9589,0.9770,0.2133,0.0085,,0.0000,0.0000,0.0000
16.9039,Left,-0.0349,1.5211,-3.4172,0.9932,0.0415,0.1088,,0.0000,0.0000,0.0000
16.9039,Right,-0.0479,1.5583,-2.9588,0.9856,0.0465,0.1627,,0.0000,0.0000,0.0000
16.9039,Combined,-0.0479,1.5583,-2.9588,0.9771,0.2124,0.0104,,0.0000,0.0000,0.0000
17.0010,Left,-0.0337,1.5206,-3.4169,0.9932,0.0437,0.1076,,0.0000,0.0000,0.0000
17.0010,Right,-0.0476,1.5582,-2.9587,0.9857,0.0487,0.1615,,0.0000,0.0000,0.0000
17.0010,Combined,-0.0476,1.5582,-2.9587,0.9771,0.2126,0.0122,,0.0000,0.0000,0.0000
17.0861,Left,-0.0327,1.5200,-3.4169,0.9940,0.0419,0.1007,,0.0000,0.0000,0.0000
17.0861,Right,-0.0473,1.5582,-2.9587,0.9869,0.0469,0.1547,,0.0000,0.0000,0.0000
17.0861,Combined,-0.0473,1.5582,-2.9587,0.9770,0.2126,0.0134,,0.0000,0.0000,0.0000
17.1697,Left,-0.0320,1.5194,-3.4167,0.9948,0.0321,0.0969,,0.0000,0.0000,0.0000
17.1697,Right,-0.0471,1.5580,-2.9585,0.9878,0.0372,0.1511,,0.0000,0.0000,0.0000
17.1697,Combined,-0.0471,1.5580,-2.9585,0.9773,0.2113,0.0144,,0.0000,0.0000,0.0000
17.2538,Left,-0.0319,1.5193,-3.4165,0.9945,0.0337,0.0989,,0.0000,0.0000,0.0000
17.2538,Right,-0.0468,1.5580,-2.9584,0.9875,0.0389,0.1530,,0.0000,0.0000,0.0000
17.2538,Combined,-0.0468,1.5580,-2.9584,0.9775,0.2106,0.0141,,0.0000,0.0000,0.0000
17.3318,Left,-0.0318,1.5201,-3.4162,0.9946,0.0340,0.0984,,0.0000,0.0000,0.0000
17.3318,Right,-0.0466,1.5581,-2.9580,0.9875,0.0390,0.1525,,0.0000,0.0000,0.0000
17.3318,Combined,-0.0466,1.5581,-2.9580,0.9774,0.2110,0.0140,,0.0000,0.0000,0.0000
17.4474,Left,-0.0331,1.5228,-3.4161,0.9943,0.0398,0.0988,,0.0000,0.0000,0.0000
17.4474,Right,-0.0465,1.5592,-2.9577,0.9872,0.0447,0.1529,,0.0000,0.0000,0.0000
17.4474,Combined,-0.0465,1.5592,-2.9577,0.9751,0.2215,0.0111,,0.0000,0.0000,0.0000
17.5288,Left,-0.0372,1.5251,-3.4163,0.9941,0.0565,0.0924,,0.0000,0.0000,0.0000
17.5288,Right,-0.0470,1.5608,-2.9578,0.9873,0.0612,0.1465,,0.0000,0.0000,0.0000
17.5288,Combined,-0.0470,1.5608,-2.9578,0.9708,0.2398,0.0021,,0.0000,0.0000,0.0000
17.6139,Left,-0.0411,1.5278,-3.4160,0.9879,0.0574,0.1438,,0.0000,0.0000,0.0000
17.6139,Right,-0.0475,1.5622,-2.9573,0.9784,0.0623,0.1973,,0.0000,0.0000,0.0000
17.6139,Combined,-0.0475,1.5622,-2.9573,0.9665,0.2566,-0.0058,,0.0000,0.0000,0.0000
17.6960,Left,-0.0422,1.5301,-3.4151,0.9873,0.0479,0.1513,,0.0000,0.0000,0.0000
17.6960,Right,-0.0475,1.5635,-2.9564,0.9774,0.0527,0.2048,,0.0000,0.0000,0.0000
17.6960,Combined,-0.0475,1.5635,-2.9564,0.9637,0.2668,-0.0082,,0.0000,0.0000,0.0000
17.7779,Left,-0.0425,1.5317,-3.4141,0.9872,0.0375,0.1551,,0.0000,0.0000,0.0000
17.7779,Right,-0.0474,1.5625,-2.9551,0.9771,0.0422,0.2085,,0.0000,0.0000,0.0000
17.7779,Combined,-0.0474,1.5625,-2.9551,0.9665,0.2566,-0.0069,,0.0000,0.0000,0.0000
17.8636,Left,-0.0433,1.5352,-3.4136,0.9872,0.0445,0.1534,,0.0000,0.0000,0.0000
17.8636,Right,-0.0464,1.5618,-2.9544,0.9772,0.0486,0.2067,,0.0000,0.0000,0.0000
17.8636,Combined,-0.0464,1.5618,-2.9544,0.9691,0.2464,-0.0078,,0.0000,0.0000,0.0000
17.9472,Left,-0.0428,1.5387,-3.4137,0.9922,0.0413,0.1178,,0.0000,0.0000,0.0000
17.9472,Right,-0.0450,1.5616,-2.9542,0.9841,0.0448,0.1717,,0.0000,0.0000,0.0000
17.9472,Combined,-0.0450,1.5616,-2.9542,0.9705,0.2409,-0.0074,,0.0000,0.0000,0.0000
18.0333,Left,0.2831,1.5390,-3.2770,0.6165,0.0440,0.7862,,0.0000,0.0000,0.0000
18.0333,Right,-0.0440,1.5613,-2.9543,0.5726,0.0473,0.8185,,0.0000,0.0000,0.0000
18.0333,Combined,-0.0440,1.5613,-2.9543,0.6903,0.2380,0.6832,,0.0000,0.0000,0.0000
18.1168,Left,0.2832,1.5367,-3.2769,0.6186,0.0447,0.7844,,0.0000,0.0000,0.0000
18.1168,Right,-0.0431,1.5612,-2.9537,0.5749,0.0483,0.8168,,0.0000,0.0000,0.0000
18.1168,Combined,-0.0431,1.5612,-2.9537,0.6926,0.2371,0.6812,,0.0000,0.0000,0.0000
18.2125,Left,0.2815,1.5371,-3.2790,0.6263,0.0416,0.7785,,0.0000,0.0000,0.0000
18.2125,Right,-0.0416,1.5613,-2.9526,0.5828,0.0452,0.8113,,0.0000,0.0000,0.0000
18.2125,Combined,-0.0416,1.5613,-2.9526,0.6995,0.2345,0.6750,,0.0000,0.0000,0.0000
18.2967,Left,0.2820,1.5382,-3.2784,0.6241,0.0409,0.7803,,0.0000,0.0000,0.0000
18.2967,Right,-0.0404,1.5610,-2.9510,0.5806,0.0444,0.8130,,0.0000,0.0000,0.0000
18.2967,Combined,-0.0404,1.5610,-2.9510,0.7016,0.2287,0.6749,,0.0000,0.0000,0.0000
18.3814,Left,0.2830,1.5388,-3.2774,0.6233,0.0363,0.7811,,0.0000,0.0000,0.0000
18.3814,Right,-0.0395,1.5605,-2.9500,0.5798,0.0397,0.8138,,0.0000,0.0000,0.0000
18.3814,Combined,-0.0395,1.5605,-2.9500,0.7019,0.2227,0.6766,,0.0000,0.0000,0.0000
18.4637,Left,0.2828,1.5395,-3.2796,0.6265,0.0343,0.7786,,0.0000,0.0000,0.0000
18.4637,Right,-0.0381,1.5598,-2.9506,0.5832,0.0376,0.8115,,0.0000,0.0000,0.0000
18.4637,Combined,-0.0381,1.5598,-2.9506,0.7056,0.2159,0.6749,,0.0000,0.0000,0.0000
18.5445,Left,0.2846,1.5393,-3.2801,0.6313,0.0313,0.7749,,0.0000,0.0000,0.0000
18.5445,Right,-0.0367,1.5595,-2.9515,0.5881,0.0345,0.8080,,0.0000,0.0000,0.0000
18.5445,Combined,-0.0367,1.5595,-2.9515,0.7053,0.2124,0.6763,,0.0000,0.0000,0.0000
18.6151,Left,0.2881,1.5380,-3.2787,0.6275,0.0206,0.7783,,0.0000,0.0000,0.0000
18.6151,Right,-0.0354,1.5589,-2.9523,0.5842,0.0240,0.8113,,0.0000,0.0000,0.0000
18.6151,Combined,-0.0354,1.5589,-2.9523,0.7016,0.2067,0.6819,,0.0000,0.0000,0.0000
18.6872,Left,0.2911,1.5355,-3.2772,0.5569,0.0063,0.8306,,0.0000,0.0000,0.0000
18.6872,Right,-0.0343,1.5586,-2.9529,0.5115,0.0105,0.8592,,0.0000,0.0000,0.0000
18.6872,Combined,-0.0343,1.5586,-2.9529,0.6985,0.2023,0.6864,,0.0000,0.0000,0.0000
18.7543,Left,0.4256,1.5323,-2.9498,-0.2300,-0.0025,0.9732,item 2-2,-3.1944,1.4936,12.3658
18.7543,Right,-0.0337,1.5583,-2.9530,-0.2816,0.0024,0.9595,,0.0000,0.0000,0.0000
18.7543,Combined,-0.0337,1.5583,-2.9530,0.0044,0.1988,0.9800,,0.0000,0.0000,0.0000
18.8094,Left,0.4254,1.5297,-2.9477,-0.2331,-0.0041,0.9724,item 2-2,-3.2323,1.4652,12.3110
18.8094,Right,-0.0337,1.5580,-2.9527,-0.2846,0.0011,0.9586,,0.0000,0.0000,0.0000
18.8094,Combined,-0.0337,1.5580,-2.9527,0.0014,0.1958,0.9806,,0.0000,0.0000,0.0000
18.8808,Left,0.4249,1.5295,-2.9465,-0.2259,-0.0064,0.9741,item 2-2,-3.1242,1.4286,12.3586
18.8808,Right,-0.0342,1.5578,-2.9524,-0.2776,-0.0012,0.9607,,0.0000,0.0000,0.0000
18.8808,Combined,-0.0342,1.5578,-2.9524,-0.0008,0.1929,0.9812,,0.0000,0.0000,0.0000
18.9483,Left,0.4242,1.5301,-2.9456,-0.2208,0.0022,0.9753,item 2-2,-3.0954,1.5646,12.5977
18.9483,Right,-0.0349,1.5575,-2.9522,-0.2726,0.0071,0.9621,,0.0000,0.0000,0.0000
18.9483,Combined,-0.0349,1.5575,-2.9522,-0.0028,0.1893,0.9819,,0.0000,0.0000,0.0000
19.0053,Left,0.4235,1.5307,-2.9443,-0.2109,-0.0003,0.9775,,0.0000,0.0000,0.0000
19.0053,Right,-0.0357,1.5572,-2.9518,-0.2630,0.0045,0.9648,,0.0000,0.0000,0.0000
19.0053,Combined,-0.0357,1.5572,-2.9518,-0.0053,0.1864,0.9825,,0.0000,0.0000,0.0000
19.0739,Left,0.4230,1.5305,-2.9437,-0.2018,0.0037,0.9794,,0.0000,0.0000,0.0000
19.0739,Right,-0.0362,1.5571,-2.9514,-0.2541,0.0083,0.9671,,0.0000,0.0000,0.0000
19.0739,Combined,-0.0362,1.5571,-2.9514,-0.0058,0.1855,0.9826,,0.0000,0.0000,0.0000
19.1434,Left,0.4227,1.5306,-2.9446,0.0385,0.0038,0.9993,,0.0000,0.0000,0.0000
19.1434,Right,-0.0364,1.5571,-2.9510,-0.0164,0.0068,0.9998,,0.0000,0.0000,0.0000
19.1434,Combined,-0.0364,1.5571,-2.9510,-0.0031,0.1851,0.9827,,0.0000,0.0000,0.0000
19.2070,Left,0.4226,1.5310,-2.9446,0.0716,-0.0022,0.9974,,0.0000,0.0000,0.0000
19.2070,Right,-0.0366,1.5570,-2.9507,0.0168,0.0005,0.9999,,0.0000,0.0000,0.0000
19.2070,Combined,-0.0366,1.5570,-2.9507,-0.0028,0.1841,0.9829,,0.0000,0.0000,0.0000
19.2682,Left,0.4225,1.5308,-2.9437,0.0693,-0.0037,0.9976,,0.0000,0.0000,0.0000
19.2682,Right,-0.0367,1.5568,-2.9504,0.0145,-0.0010,0.9999,,0.0000,0.0000,0.0000
19.2682,Combined,-0.0367,1.5568,-2.9504,-0.0040,0.1825,0.9832,,0.0000,0.0000,0.0000
19.3394,Left,0.4225,1.5307,-2.9427,-0.0241,0.0185,0.9995,,0.0000,0.0000,0.0000
19.3394,Right,-0.0367,1.5565,-2.9500,-0.0788,0.0218,0.9967,,0.0000,0.0000,0.0000
19.3394,Combined,-0.0367,1.5565,-2.9500,-0.0055,0.1797,0.9837,,0.0000,0.0000,0.0000
19.3969,Left,0.4228,1.5301,-2.9423,-0.0245,0.0157,0.9996,,0.0000,0.0000,0.0000
19.3969,Right,-0.0364,1.5562,-2.9496,-0.0792,0.0191,0.9967,,0.0000,0.0000,0.0000
19.3969,Combined,-0.0364,1.5562,-2.9496,-0.0055,0.1773,0.9841,,0.0000,0.0000,0.0000
19.4640,Left,0.4230,1.5296,-2.9422,-0.0190,0.0253,0.9995,,0.0000,0.0000,0.0000
19.4640,Right,-0.0362,1.5560,-2.9493,-0.0736,0.0286,0.9969,,0.0000,0.0000,0.0000
19.4640,Combined,-0.0362,1.5560,-2.9493,-0.0051,0.1768,0.9842,,0.0000,0.0000,0.0000
19.5322,Left,0.4231,1.5293,-2.9414,-0.0220,0.0307,0.9993,,0.0000,0.0000,0.0000
19.5322,Right,-0.0361,1.5560,-2.9490,-0.0765,0.0341,0.9965,,0.0000,0.0000,0.0000
19.5322,Combined,-0.0361,1.5560,-2.9490,-0.0060,0.1772,0.9842,,0.0000,0.0000,0.0000
19.5887,Left,0.4230,1.5290,-2.9398,-0.0213,0.0302,0.9993,,0.0000,0.0000,0.0000
19.5887,Right,-0.0361,1.5559,-2.9486,-0.0759,0.0335,0.9966,,0.0000,0.0000,0.0000
19.5887,Combined,-0.0361,1.5559,-2.9486,-0.0085,0.1773,0.9841,,0.0000,0.0000,0.0000
19.6591,Left,0.4228,1.5287,-2.9386,-0.0240,0.0246,0.9994,,0.0000,0.0000,0.0000
19.6591,Right,-0.0363,1.5558,-2.9484,-0.0786,0.0280,0.9965,,0.0000,0.0000,0.0000
19.6591,Combined,-0.0363,1.5558,-2.9484,-0.0106,0.1763,0.9843,,0.0000,0.0000,0.0000
19.7285,Left,0.4228,1.5280,-2.9380,-0.0250,0.0232,0.9994,,0.0000,0.0000,0.0000
19.7285,Right,-0.0362,1.5555,-2.9482,-0.0795,0.0267,0.9965,,0.0000,0.0000,0.0000
19.7285,Combined,-0.0362,1.5555,-2.9482,-0.0115,0.1748,0.9845,,0.0000,0.0000,0.0000
19.7848,Left,0.4230,1.5274,-2.9380,-0.0244,0.0293,0.9993,,0.0000,0.0000,0.0000
19.7848,Right,-0.0361,1.5554,-2.9482,-0.0790,0.0328,0.9963,,0.0000,0.0000,0.0000
19.7848,Combined,-0.0361,1.5554,-2.9482,-0.0114,0.1732,0.9848,,0.0000,0.0000,0.0000
19.8596,Left,0.4230,1.5274,-2.9381,-0.2053,0.0185,0.9785,,0.0000,0.0000,0.0000
19.8596,Right,-0.0361,1.5553,-2.9483,-0.2573,0.0232,0.9661,,0.0000,0.0000,0.0000
19.8596,Combined,-0.0361,1.5553,-2.9483,-0.0114,0.1727,0.9849,,0.0000,0.0000,0.0000
19.9252,Left,0.4228,1.5271,-2.9375,-0.2074,0.0162,0.9781,,0.0000,0.0000,0.0000
19.9252,Right,-0.0362,1.5550,-2.9484,-0.2593,0.0209,0.9656,,0.0000,0.0000,0.0000
19.9252,Combined,-0.0362,1.5550,-2.9484,-0.0129,0.1700,0.9854,,0.0000,0.0000,0.0000
19.9795,Left,0.4226,1.5266,-2.9363,-0.2097,0.0103,0.9777,,0.0000,0.0000,0.0000
19.9795,Right,-0.0364,1.5545,-2.9482,-0.2616,0.0151,0.9651,,0.0000,0.0000,0.0000
19.9795,Combined,-0.0364,1.5545,-2.9482,-0.0156,0.1631,0.9865,,0.0000,0.0000,0.0000
20.0483,Left,0.4223,1.5261,-2.9350,-0.2105,0.0086,0.9776,,0.0000,0.0000,0.0000
20.0483,Right,-0.0367,1.5541,-2.9478,-0.2624,0.0134,0.9649,,0.0000,0.0000,0.0000
20.0483,Combined,-0.0367,1.5541,-2.9478,-0.0178,0.1587,0.9872,,0.0000,0.0000,0.0000
20.1187,Left,0.4219,1.5260,-2.9335,-0.2303,-0.0812,0.9697,item 1-1,-2.2206,0.5940,8.1924
20.1187,Right,-0.0370,1.5546,-2.9474,-0.2825,-0.0752,0.9563,,0.0000,0.0000,0.0000
20.1187,Combined,-0.0370,1.5546,-2.9474,-0.0197,0.1639,0.9863,,0.0000,0.0000,0.0000
20.1751,Left,0.4213,1.5262,-2.9309,-0.2348,-0.1680,0.9574,,0.0000,0.0000,0.0000
20.1751,Right,-0.0374,1.5565,-2.9477,-0.2879,-0.1609,0.9440,,0.0000,0.0000,0.0000
20.1751,Combined,-0.0374,1.5565,-2.9477,-0.0239,0.1842,0.9826,,0.0000,0.0000,0.0000
20.2607,Left,0.4207,1.5266,-2.9288,-0.2152,-0.4105,0.8861,,0.0000,0.0000,0.0000
20.2607,Right,-0.0378,1.5580,-2.9485,-0.2716,-0.4017,0.8746,,0.0000,0.0000,0.0000
20.2607,Combined,-0.0378,1.5580,-2.9485,-0.0283,0.2009,0.9792,,0.0000,0.0000,0.0000
20.3281,Left,0.4207,1.5267,-2.9288,-0.1230,-0.4705,0.8738,,0.0000,0.0000,0.0000
20.3281,Right,-0.0377,1.5589,-2.9500,-0.1821,-0.4642,0.8668,,0.0000,0.0000,0.0000
20.3281,Combined,-0.0377,1.5589,-2.9500,-0.0304,0.2102,0.9772,,0.0000,0.0000,0.0000
20.4056,Left,0.4212,1.5270,-2.9314,-0.0389,-0.4634,0.8853,,0.0000,0.0000,0.0000
20.4056,Right,-0.0373,1.5586,-2.9509,-0.0986,-0.4596,0.8826,,0.0000,0.0000,0.0000
20.4056,Combined,-0.0373,1.5586,-2.9509,-0.0275,0.2064,0.9781,,0.0000,0.0000,0.0000
20.5227,Left,0.4216,1.5279,-2.9340,-0.0107,-0.4861,0.8738,,0.0000,0.0000,0.0000
20.5227,Right,-0.0370,1.5583,-2.9512,-0.0708,-0.4833,0.8726,,0.0000,0.0000,0.0000
20.5227,Combined,-0.0370,1.5583,-2.9512,-0.0235,0.2010,0.9793,,0.0000,0.0000,0.0000
20.6061,Left,0.4212,1.5284,-2.9328,0.0062,-0.4906,0.8714,,0.0000,0.0000,0.0000
20.6061,Right,-0.0374,1.5584,-2.9511,-0.0540,-0.4884,0.8710,,0.0000,0.0000,0.0000
20.6061,Combined,-0.0374,1.5584,-2.9511,-0.0258,0.2021,0.9790,,0.0000,0.0000,0.0000
20.6897,Left,0.4209,1.5281,-2.9314,0.0215,-0.4948,0.8687,,0.0000,0.0000,0.0000
20.6897,Right,-0.0377,1.5583,-2.9508,-0.0387,-0.4932,0.8690,,0.0000,0.0000,0.0000
20.6897,Combined,-0.0377,1.5583,-2.9508,-0.0283,0.1996,0.9795,,0.0000,0.0000,0.0000
20.7740,Left,0.4210,1.5277,-2.9315,0.0347,-0.4979,0.8665,,0.0000,0.0000,0.0000
20.7740,Right,-0.0377,1.5577,-2.9508,-0.0254,-0.4967,0.8675,,0.0000,0.0000,0.0000
20.7740,Combined,-0.0377,1.5577,-2.9508,-0.0285,0.1938,0.9806,,0.0000,0.0000,0.0000
20.8598,Left,0.4211,1.5275,-2.9317,0.0259,-0.5032,0.8638,,0.0000,0.0000,0.0000
20.8598,Right,-0.0375,1.5573,-2.9508,-0.0342,-0.5018,0.8643,,0.0000,0.0000,0.0000
20.8598,Combined,-0.0375,1.5573,-2.9508,-0.0287,0.1886,0.9816,,0.0000,0.0000,0.0000
20.9411,Left,0.4212,1.5274,-2.9317,0.0330,-0.5301,0.8473,,0.0000,0.0000,0.0000
20.9411,Right,-0.0375,1.5569,-2.9509,-0.0275,-0.5291,0.8481,,0.0000,0.0000,0.0000
20.9411,Combined,-0.0375,1.5569,-2.9509,-0.0293,0.1837,0.9825,,0.0000,0.0000,0.0000
21.0258,Left,0.4212,1.5273,-2.9319,0.0137,-0.5045,0.8633,,0.0000,0.0000,0.0000
21.0258,Right,-0.0374,1.5570,-2.9510,-0.0465,-0.5027,0.8632,,0.0000,0.0000,0.0000
21.0258,Combined,-0.0374,1.5570,-2.9510,-0.0289,0.1846,0.9824,,0.0000,0.0000,0.0000
21.1070,Left,0.4215,1.5272,-2.9335,-0.0143,-0.4887,0.8723,,0.0000,0.0000,0.0000
21.1070,Right,-0.0371,1.5576,-2.9513,-0.0743,-0.4858,0.8709,,0.0000,0.0000,0.0000
21.1070,Combined,-0.0371,1.5576,-2.9513,-0.0252,0.1920,0.9811,,0.0000,0.0000,0.0000
21.1936,Left,0.4219,1.5277,-2.9357,0.0050,-0.4876,0.8731,,0.0000,0.0000,0.0000
21.1936,Right,-0.0368,1.5579,-2.9517,-0.0550,-0.4852,0.8727,,0.0000,0.0000,0.0000
21.1936,Combined,-0.0368,1.5579,-2.9517,-0.0213,0.1947,0.9806,,0.0000,0.0000,0.0000
21.2758,Left,0.4221,1.5273,-2.9368,0.0287,-0.4996,0.8658,,0.0000,0.0000,0.0000
21.2758,Right,-0.0367,1.5572,-2.9519,-0.0313,-0.4981,0.8666,,0.0000,0.0000,0.0000
21.2758,Combined,-0.0367,1.5572,-2.9519,-0.0201,0.1869,0.9822,,0.0000,0.0000,0.0000
21.3579,Left,0.4224,1.5270,-2.9376,0.0327,-0.5111,0.8589,,0.0000,0.0000,0.0000
21.3579,Right,-0.0365,1.5561,-2.9516,-0.0274,-0.5097,0.8599,,0.0000,0.0000,0.0000
21.3579,Combined,-0.0365,1.5561,-2.9516,-0.0190,0.1753,0.9843,,0.0000,0.0000,0.0000
21.4403,Left,0.4225,1.5273,-2.9377,0.0639,-0.5243,0.8492,,0.0000,0.0000,0.0000
21.4403,Right,-0.0364,1.5556,-2.9511,0.0038,-0.5240,0.8517,,0.0000,0.0000,0.0000
21.4403,Combined,-0.0364,1.5556,-2.9511,-0.0183,0.1696,0.9853,,0.0000,0.0000,0.0000
21.5243,Left,0.4224,1.5271,-2.9364,0.0578,-0.5240,0.8498,,0.0000,0.0000,0.0000
21.5243,Right,-0.0365,1.5553,-2.9505,-0.0023,-0.5236,0.8520,,0.0000,0.0000,0.0000
21.5243,Combined,-0.0365,1.5553,-2.9505,-0.0201,0.1664,0.9858,,0.0000,0.0000,0.0000
21.6110,Left,0.4220,1.5272,-2.9353,0.0444,-0.5254,0.8497,,0.0000,0.0000,0.0000
21.6110,Right,-0.0369,1.5553,-2.9504,-0.0158,-0.5246,0.8512,,0.0000,0.0000,0.0000
21.6110,Combined,-0.0369,1.5553,-2.9504,-0.0223,0.1656,0.9859,,0.0000,0.0000,0.0000
21.7057,Left,0.4219,1.5278,-2.9354,0.0475,-0.5242,0.8503,,0.0000,0.0000,0.0000
21.7057,Right,-0.0371,1.5555,-2.9506,-0.0126,-0.5236,0.8519,,0.0000,0.0000,0.0000
21.7057,Combined,-0.0371,1.5555,-2.9506,-0.0225,0.1674,0.9856,,0.0000,0.0000,0.0000
21.7900,Left,0.4217,1.5286,-2.9359,0.0450,-0.5248,0.8500,,0.0000,0.0000,0.0000
21.7900,Right,-0.0372,1.5558,-2.9512,-0.0152,-0.5242,0.8515,,0.0000,0.0000,0.0000
21.7900,Combined,-0.0372,1.5558,-2.9512,-0.0227,0.1704,0.9851,,0.0000,0.0000,0.0000
21.8736,Left,0.4216,1.5292,-2.9362,0.0525,-0.5119,0.8574,,0.0000,0.0000,0.0000
21.8736,Right,-0.0373,1.5562,-2.9516,-0.0076,-0.5115,0.8593,,0.0000,0.0000,0.0000
21.8736,Combined,-0.0373,1.5562,-2.9516,-0.0227,0.1745,0.9844,,0.0000,0.0000,0.0000
21.9586,Left,0.4217,1.5299,-2.9363,0.0375,-0.5200,0.8534,,0.0000,0.0000,0.0000
21.9586,Right,-0.0373,1.5564,-2.9520,-0.0228,-0.5191,0.8544,,0.0000,0.0000,0.0000
21.9586,Combined,-0.0373,1.5564,-2.9520,-0.0233,0.1783,0.9837,,0.0000,0.0000,0.0000
22.0409,Left,0.4217,1.5303,-2.9362,0.0369,-0.5220,0.8521,,0.0000,0.0000,0.0000
22.0409,Right,-0.0373,1.5566,-2.9522,-0.0234,-0.5212,0.8531,,0.0000,0.0000,0.0000
22.0409,Combined,-0.0373,1.5566,-2.9522,-0.0240,0.1799,0.9834,,0.0000,0.0000,0.0000
22.1243,Left,0.4214,1.5297,-2.9360,0.0174,-0.5339,0.8454,,0.0000,0.0000,0.0000
22.1243,Right,-0.0375,1.5568,-2.9521,-0.0433,-0.5324,0.8454,,0.0000,0.0000,0.0000
22.1243,Combined,-0.0375,1.5568,-2.9521,-0.0238,0.1822,0.9830,,0.0000,0.0000,0.0000
22.2213,Left,0.4217,1.5400,-2.9323,-0.0088,-0.4777,0.8785,,0.0000,0.0000,0.0000
22.2213,Right,-0.0375,1.5612,-2.9487,-0.0693,-0.4756,0.8769,,0.0000,0.0000,0.0000
22.2213,Combined,-0.0375,1.5612,-2.9487,-0.0237,0.2370,0.9712,,0.0000,0.0000,0.0000
22.3396,Left,0.4238,1.5434,-2.9186,0.1876,0.0103,0.9822,,0.0000,0.0000,0.0000
22.3396,Right,-0.0353,1.5635,-2.9378,0.1339,0.0112,0.9909,,0.0000,0.0000,0.0000
22.3396,Combined,-0.0353,1.5635,-2.9378,-0.0286,0.2652,0.9638,,0.0000,0.0000,0.0000
22.4237,Left,0.4265,1.5359,-2.9110,0.1667,0.0214,0.9858,,0.0000,0.0000,0.0000
22.4237,Right,-0.0325,1.5619,-2.9274,0.1128,0.0234,0.9933,,0.0000,0.0000,0.0000
22.4237,Combined,-0.0325,1.5619,-2.9274,-0.0209,0.2440,0.9696,,0.0000,0.0000,0.0000
22.5079,Left,0.4269,1.5248,-2.9045,0.1150,-0.0957,0.9887,,0.0000,0.0000,0.0000
22.5079,Right,-0.0317,1.5573,-2.9199,0.0598,-0.0934,0.9938,,0.0000,0.0000,0.0000
22.5079,Combined,-0.0317,1.5573,-2.9199,-0.0192,0.1958,0.9805,,0.0000,0.0000,0.0000
22.5783,Left,0.4258,1.5164,-2.9027,0.0789,-0.3598,0.9297,,0.0000,0.0000,0.0000
22.5783,Right,-0.0326,1.5520,-2.9182,0.0214,-0.3583,0.9333,,0.0000,0.0000,0.0000
22.5783,Combined,-0.0326,1.5520,-2.9182,-0.0216,0.1534,0.9879,,0.0000,0.0000,0.0000
22.6513,Left,0.4251,1.5150,-2.9072,0.0167,-0.4845,0.8746,,0.0000,0.0000,0.0000
22.6513,Right,-0.0333,1.5499,-2.9207,-0.0424,-0.4819,0.8752,,0.0000,0.0000,0.0000
22.6513,Combined,-0.0333,1.5499,-2.9207,-0.0189,0.1329,0.9910,,0.0000,0.0000,0.0000
22.7194,Left,0.4249,1.5180,-2.9137,0.0229,-0.5200,0.8539,,0.0000,0.0000,0.0000
22.7194,Right,-0.0338,1.5496,-2.9249,-0.0366,-0.5179,0.8547,,0.0000,0.0000,0.0000
22.7194,Combined,-0.0338,1.5496,-2.9249,-0.0154,0.1252,0.9920,,0.0000,0.0000,0.0000
22.7763,Left,0.4251,1.5219,-2.9202,0.0272,-0.5184,0.8547,,0.0000,0.0000,0.0000
22.7763,Right,-0.0339,1.5510,-2.9293,-0.0325,-0.5165,0.8557,,0.0000,0.0000,0.0000
22.7763,Combined,-0.0339,1.5510,-2.9293,-0.0112,0.1345,0.9909,,0.0000,0.0000,0.0000
22.8462,Left,0.4253,1.5235,-2.9240,0.0371,-0.5175,0.8549,,0.0000,0.0000,0.0000
22.8462,Right,-0.0337,1.5525,-2.9322,-0.0227,-0.5160,0.8563,,0.0000,0.0000,0.0000
22.8462,Combined,-0.0337,1.5525,-2.9322,-0.0083,0.1486,0.9889,,0.0000,0.0000,0.0000
22.9175,Left,0.4256,1.5239,-2.9279,0.0024,-0.5147,0.8574,,0.0000,0.0000,0.0000
22.9175,Right,-0.0334,1.5537,-2.9354,-0.0576,-0.5119,0.8571,,0.0000,0.0000,0.0000
22.9175,Combined,-0.0334,1.5537,-2.9354,-0.0056,0.1607,0.9870,,0.0000,0.0000,0.0000
22.9773,Left,0.4263,1.5238,-2.9318,0.0072,-0.5098,0.8602,,0.0000,0.0000,0.0000
22.9773,Right,-0.0326,1.5547,-2.9376,-0.0528,-0.5070,0.8603,,0.0000,0.0000,0.0000
22.9773,Combined,-0.0326,1.5547,-2.9376,-0.0009,0.1706,0.9853,,0.0000,0.0000,0.0000
23.0552,Left,0.4270,1.5241,-2.9351,0.0168,-0.4973,0.8674,,0.0000,0.0000,0.0000
23.0552,Right,-0.0319,1.5554,-2.9388,-0.0432,-0.4945,0.8681,,0.0000,0.0000,0.0000
23.0552,Combined,-0.0319,1.5554,-2.9388,0.0044,0.1800,0.9837,,0.0000,0.0000,0.0000
23.1235,Left,0.4277,1.5237,-2.9383,0.0255,-0.4990,0.8662,,0.0000,0.0000,0.0000
23.1235,Right,-0.0312,1.5561,-2.9401,-0.0346,-0.4963,0.8674,,0.0000,0.0000,0.0000
23.1235,Combined,-0.0312,1.5561,-2.9401,0.0096,0.1884,0.9820,,0.0000,0.0000,0.0000
23.1815,Left,0.4278,1.5234,-2.9394,0.0262,-0.4914,0.8705,,0.0000,0.0000,0.0000
23.1815,Right,-0.0310,1.5567,-2.9407,-0.0338,-0.4886,0.8719,,0.0000,0.0000,0.0000
23.1815,Combined,-0.0310,1.5567,-2.9407,0.0114,0.1966,0.9804,,0.0000,0.0000,0.0000
23.2527,Left,0.4276,1.5235,-2.9389,0.0157,-0.4911,0.8709,,0.0000,0.0000,0.0000
23.2527,Right,-0.0312,1.5568,-2.9409,-0.0444,-0.4880,0.8717,,0.0000,0.0000,0.0000
23.2527,Combined,-0.0312,1.5568,-2.9409,0.0102,0.1993,0.9799,,0.0000,0.0000,0.0000
23.3182,Left,0.4271,1.5230,-2.9371,0.0201,-0.4934,0.8696,,0.0000,0.0000,0.0000
23.3182,Right,-0.0317,1.5565,-2.9406,-0.0400,-0.4904,0.8706,,0.0000,0.0000,0.0000
23.3182,Combined,-0.0317,1.5565,-2.9406,0.0068,0.1958,0.9806,,0.0000,0.0000,0.0000
23.3615,Left,0.4265,1.5228,-2.9343,0.0346,-0.5073,0.8611,,0.0000,0.0000,0.0000
23.3615,Right,-0.0323,1.5557,-2.9398,-0.0256,-0.5051,0.8627,,0.0000,0.0000,0.0000
23.3615,Combined,-0.0323,1.5557,-2.9398,0.0018,0.1886,0.9821,,0.0000,0.0000,0.0000
23.4310,Left,0.4261,1.5227,-2.9324,0.0247,-0.5143,0.8573,,0.0000,0.0000,0.0000
23.4310,Right,-0.0327,1.5553,-2.9391,-0.0356,-0.5118,0.8583,,0.0000,0.0000,0.0000
23.4310,Combined,-0.0327,1.5553,-2.9391,-0.0011,0.1838,0.9830,,0.0000,0.0000,0.0000
23.4999,Left,0.4256,1.5226,-2.9300,0.0175,-0.5189,0.8546,,0.0000,0.0000,0.0000
23.4999,Right,-0.0332,1.5547,-2.9379,-0.0428,-0.5164,0.8553,,0.0000,0.0000,0.0000
23.4999,Combined,-0.0332,1.5547,-2.9379,-0.0045,0.1778,0.9841,,0.0000,0.0000,0.0000
23.5441,Left,0.4255,1.5224,-2.9286,0.0192,-0.5224,0.8525,,0.0000,0.0000,0.0000
23.5441,Right,-0.0333,1.5544,-2.9370,-0.0410,-0.5200,0.8532,,0.0000,0.0000,0.0000
23.5441,Combined,-0.0333,1.5544,-2.9370,-0.0059,0.1745,0.9846,,0.0000,0.0000,0.0000
23.6159,Left,0.4256,1.5222,-2.9283,0.0179,-0.5198,0.8541,,0.0000,0.0000,0.0000
23.6159,Right,-0.0332,1.5544,-2.9368,-0.0423,-0.5174,0.8547,,0.0000,0.0000,0.0000
23.6159,Combined,-0.0332,1.5544,-2.9368,-0.0059,0.1739,0.9847,,0.0000,0.0000,0.0000
23.6790,Left,0.4257,1.5214,-2.9283,0.0136,-0.5164,0.8562,,0.0000,0.0000,0.0000
23.6790,Right,-0.0330,1.5542,-2.9367,-0.0465,-0.5137,0.8567,,0.0000,0.0000,0.0000
23.6790,Combined,-0.0330,1.5542,-2.9367,-0.0057,0.1723,0.9850,,0.0000,0.0000,0.0000
23.7376,Left,0.4260,1.5206,-2.9287,0.0134,-0.5143,0.8575,,0.0000,0.0000,0.0000
23.7376,Right,-0.0327,1.5541,-2.9371,-0.0467,-0.5115,0.8580,,0.0000,0.0000,0.0000
23.7376,Combined,-0.0327,1.5541,-2.9371,-0.0053,0.1723,0.9850,,0.0000,0.0000,0.0000
23.8052,Left,0.4262,1.5203,-2.9297,-0.0042,-0.4949,0.8689,,0.0000,0.0000,0.0000
23.8052,Right,-0.0325,1.5545,-2.9376,-0.0640,-0.4914,0.8686,,0.0000,0.0000,0.0000
23.8052,Combined,-0.0325,1.5545,-2.9376,-0.0040,0.1762,0.9844,,0.0000,0.0000,0.0000
23.8794,Left,0.4266,1.5199,-2.9314,0.1389,-0.1070,0.9845,,0.0000,0.0000,0.0000
23.8794,Right,-0.0320,1.5550,-2.9385,0.0840,-0.1045,0.9910,,0.0000,0.0000,0.0000
23.8794,Combined,-0.0320,1.5550,-2.9385,-0.0013,0.1826,0.9832,,0.0000,0.0000,0.0000
23.9326,Left,0.4271,1.5197,-2.9335,-0.1116,-0.1089,0.9878,,0.0000,0.0000,0.0000
23.9326,Right,-0.0315,1.5556,-2.9394,-0.1665,-0.1031,0.9806,,0.0000,0.0000,0.0000
23.9326,Combined,-0.0315,1.5556,-2.9394,0.0023,0.1893,0.9819,,0.0000,0.0000,0.0000
24.0004,Left,0.4274,1.5193,-2.9349,-0.1512,-0.0592,0.9867,,0.0000,0.0000,0.0000
24.0004,Right,-0.0312,1.5558,-2.9399,-0.2050,-0.0532,0.9773,item 1-1,-2.3664,0.9503,8.1924
24.0004,Combined,-0.0312,1.5558,-2.9399,0.0047,0.1924,0.9813,,0.0000,0.0000,0.0000
24.0976,Left,0.4275,1.5190,-2.9362,-0.1408,0.0133,0.9900,,0.0000,0.0000,0.0000
24.0976,Right,-0.0310,1.5559,-2.9404,-0.1941,0.0187,0.9808,,0.0000,0.0000,0.0000
24.0976,Combined,-0.0310,1.5559,-2.9404,0.0067,0.1938,0.9810,,0.0000,0.0000,0.0000
24.1708,Left,0.4274,1.5193,-2.9368,-0.1345,0.0375,0.9902,,0.0000,0.0000,0.0000
24.1708,Right,-0.0311,1.5559,-2.9405,-0.1877,0.0427,0.9813,,0.0000,0.0000,0.0000
24.1708,Combined,-0.0311,1.5559,-2.9405,0.0075,0.1930,0.9812,,0.0000,0.0000,0.0000
24.2369,Left,0.4275,1.5203,-2.9376,-0.1457,0.0573,0.9877,,0.0000,0.0000,0.0000
24.2369,Right,-0.0311,1.5558,-2.9403,-0.1986,0.0623,0.9781,,0.0000,0.0000,0.0000
24.2369,Combined,-0.0311,1.5558,-2.9403,0.0090,0.1914,0.9815,,0.0000,0.0000,0.0000
24.2933,Left,0.4273,1.5213,-2.9376,-0.1442,0.0703,0.9870,,0.0000,0.0000,0.0000
24.2933,Right,-0.0314,1.5558,-2.9399,-0.1970,0.0750,0.9775,,0.0000,0.0000,0.0000
24.2933,Combined,-0.0314,1.5558,-2.9399,0.0094,0.1898,0.9818,,0.0000,0.0000,0.0000
24.3627,Left,0.4269,1.5236,-2.9367,-0.0732,0.0445,0.9963,,0.0000,0.0000,0.0000
24.3627,Right,-0.0320,1.5560,-2.9397,-0.1272,0.0489,0.9907,,0.0000,0.0000,0.0000
24.3627,Combined,-0.0320,1.5560,-2.9397,0.0069,0.1884,0.9821,,0.0000,0.0000,0.0000
24.4324,Left,0.4261,1.5266,-2.9358,0.0258,0.0423,0.9988,,0.0000,0.0000,0.0000
24.4324,Right,-0.0329,1.5563,-2.9394,-0.0288,0.0458,0.9985,,0.0000,0.0000,0.0000
24.4324,Combined,-0.0329,1.5563,-2.9394,0.0044,0.1888,0.9820,,0.0000,0.0000,0.0000
24.4894,Left,0.4255,1.5303,-2.9379,0.0292,0.0402,0.9988,,0.0000,0.0000,0.0000
24.4894,Right,-0.0337,1.5563,-2.9394,-0.0255,0.0434,0.9987,,0.0000,0.0000,0.0000
24.4894,Combined,-0.0337,1.5563,-2.9394,0.0074,0.1863,0.9825,,0.0000,0.0000,0.0000
24.5583,Left,0.4253,1.5342,-2.9423,0.0417,0.0403,0.9983,,0.0000,0.0000,0.0000
24.5583,Right,-0.0341,1.5564,-2.9395,-0.0129,0.0430,0.9990,,0.0000,0.0000,0.0000
24.5583,Combined,-0.0341,1.5564,-2.9395,0.0149,0.1852,0.9826,,0.0000,0.0000,0.0000
24.6293,Left,0.4255,1.5409,-2.9502,0.0488,0.0402,0.9980,,0.0000,0.0000,0.0000
24.6293,Right,-0.0341,1.5566,-2.9396,-0.0059,0.0423,0.9991,,0.0000,0.0000,0.0000
24.6293,Combined,-0.0341,1.5566,-2.9396,0.0289,0.1836,0.9826,,0.0000,0.0000,0.0000
24.6834,Left,0.4256,1.5476,-2.9568,0.0495,0.0386,0.9980,,0.0000,0.0000,0.0000
24.6834,Right,-0.0340,1.5568,-2.9396,-0.0052,0.0399,0.9992,,0.0000,0.0000,0.0000
24.6834,Combined,-0.0340,1.5568,-2.9396,0.0405,0.1857,0.9818,,0.0000,0.0000,0.0000
24.7549,Left,0.4250,1.5496,-2.9554,0.0126,0.0686,0.9976,,0.0000,0.0000,0.0000
24.7549,Right,-0.0346,1.5599,-2.9394,-0.0421,0.0699,0.9967,,0.0000,0.0000,0.0000
24.7549,Combined,-0.0346,1.5599,-2.9394,0.0388,0.2214,0.9744,,0.0000,0.0000,0.0000
24.8219,Left,0.4238,1.5473,-2.9485,-0.0153,0.1062,0.9942,,0.0000,0.0000,0.0000
24.8219,Right,-0.0359,1.5633,-2.9410,-0.0699,0.1081,0.9917,,0.0000,0.0000,0.0000
24.8219,Combined,-0.0359,1.5633,-2.9410,0.0248,0.2612,0.9650,,0.0000,0.0000,0.0000
24.8790,Left,0.4235,1.5449,-2.9454,-0.0363,0.0602,0.9975,,0.0000,0.0000,0.0000
24.8790,Right,-0.0361,1.5630,-2.9426,-0.0911,0.0627,0.9939,,0.0000,0.0000,0.0000
24.8790,Combined,-0.0361,1.5630,-2.9426,0.0162,0.2588,0.9658,,0.0000,0.0000,0.0000
24.9494,Left,0.4235,1.5413,-2.9442,-0.2192,0.0095,0.9756,,0.0000,0.0000,0.0000
24.9494,Right,-0.0361,1.5607,-2.9433,-0.2712,0.0135,0.9624,,0.0000,0.0000,0.0000
24.9494,Combined,-0.0361,1.5607,-2.9433,0.0118,0.2344,0.9721,,0.0000,0.0000,0.0000
25.0172,Left,0.4231,1.5383,-2.9398,-0.2143,-0.0003,0.9768,item 2-2,-3.0182,1.5342,12.7425
25.0172,Right,-0.0364,1.5588,-2.9430,-0.2664,0.0039,0.9639,,0.0000,0.0000,0.0000
25.0172,Combined,-0.0364,1.5588,-2.9430,0.0027,0.2133,0.9770,,0.0000,0.0000,0.0000
25.0614,Left,0.4223,1.5359,-2.9324,-0.2271,-0.0010,0.9739,item 2-2,-3.1595,1.5202,12.4289
25.0614,Right,-0.0370,1.5591,-2.9420,-0.2790,0.0034,0.9603,,0.0000,0.0000,0.0000
25.0614,Combined,-0.0370,1.5591,-2.9420,-0.0094,0.2183,0.9758,,0.0000,0.0000,0.0000
25.1302,Left,0.4215,1.5355,-2.9273,-0.2229,0.0447,0.9738,,0.0000,0.0000,0.0000
25.1302,Right,-0.0376,1.5603,-2.9418,-0.2748,0.0487,0.9603,,0.0000,0.0000,0.0000
25.1302,Combined,-0.0376,1.5603,-2.9418,-0.0183,0.2299,0.9730,,0.0000,0.0000,0.0000
25.1991,Left,0.4206,1.5357,-2.9214,-0.2215,0.0465,0.9741,,0.0000,0.0000,0.0000
25.1991,Right,-0.0383,1.5611,-2.9419,-0.2736,0.0505,0.9605,,0.0000,0.0000,0.0000
25.1991,Combined,-0.0383,1.5611,-2.9419,-0.0301,0.2373,0.9710,,0.0000,0.0000,0.0000
25.2431,Left,0.4202,1.5353,-2.9198,-0.2230,0.0202,0.9746,,0.0000,0.0000,0.0000
25.2431,Right,-0.0386,1.5601,-2.9423,-0.2753,0.0245,0.9611,,0.0000,0.0000,0.0000
25.2431,Combined,-0.0386,1.5601,-2.9423,-0.0356,0.2253,0.9736,,0.0000,0.0000,0.0000
25.3100,Left,0.4203,1.5365,-2.9211,-0.2073,0.0070,0.9782,,0.0000,0.0000,0.0000
25.3100,Right,-0.0386,1.5592,-2.9428,-0.2600,0.0111,0.9656,,0.0000,0.0000,0.0000
25.3100,Combined,-0.0386,1.5592,-2.9428,-0.0355,0.2150,0.9760,,0.0000,0.0000,0.0000
25.3801,Left,0.4200,1.5401,-2.9223,-0.1865,-0.0149,0.9823,item 1-1,-1.8600,1.3579,9.0875
25.3801,Right,-0.0391,1.5582,-2.9447,-0.2397,-0.0113,0.9708,item 2-2,-3.7814,1.3821,12.2139
25.3801,Combined,-0.0391,1.5582,-2.9447,-0.0399,0.1973,0.9795,,0.0000,0.0000,0.0000
25.4362,Left,0.4194,1.5435,-2.9248,-0.2358,-0.0587,0.9700,item 1-1,-2.2827,0.8703,8.1924
25.4362,Right,-0.0398,1.5577,-2.9487,-0.2881,-0.0548,0.9560,,0.0000,0.0000,0.0000
25.4362,Combined,-0.0398,1.5577,-2.9487,-0.0455,0.1792,0.9828,,0.0000,0.0000,0.0000
25.5064,Left,0.4202,1.5463,-2.9337,0.0524,-0.0741,0.9959,,0.0000,0.0000,0.0000
25.5064,Right,-0.0393,1.5587,-2.9524,-0.0031,-0.0733,0.9973,,0.0000,0.0000,0.0000
25.5064,Combined,-0.0393,1.5587,-2.9524,-0.0348,0.1890,0.9814,,0.0000,0.0000,0.0000
25.5770,Left,0.4214,1.5471,-2.9464,0.0876,-0.0118,0.9961,,0.0000,0.0000,0.0000
25.5770,Right,-0.0382,1.5625,-2.9571,0.0324,-0.0107,0.9994,,0.0000,0.0000,0.0000
25.5770,Combined,-0.0382,1.5625,-2.9571,-0.0151,0.2303,0.9730,,0.0000,0.0000,0.0000
25.6332,Left,0.4227,1.5464,-2.9578,0.1424,-0.0199,0.9896,,0.0000,0.0000,0.0000
25.6332,Right,-0.0369,1.5658,-2.9625,0.0873,-0.0187,0.9960,,0.0000,0.0000,0.0000
25.6332,Combined,-0.0369,1.5658,-2.9625,0.0020,0.2821,0.9594,,0.0000,0.0000,0.0000
25.7040,Left,0.4235,1.5457,-2.9651,0.2002,0.0235,0.9795,,0.0000,0.0000,0.0000
25.7040,Right,-0.0360,1.5675,-2.9666,0.1460,0.0251,0.9890,,0.0000,0.0000,0.0000
25.7040,Combined,-0.0360,1.5675,-2.9666,0.0118,0.3147,0.9491,,0.0000,0.0000,0.0000
25.7838,Left,0.4244,1.5470,-2.9722,0.1454,0.0210,0.9892,,0.0000,0.0000,0.0000
25.7838,Right,-0.0352,1.5678,-2.9708,0.0901,0.0229,0.9957,,0.0000,0.0000,0.0000
25.7838,Combined,-0.0352,1.5678,-2.9708,0.0177,0.3283,0.9444,,0.0000,0.0000,0.0000
25.8542,Left,0.4254,1.5457,-2.9771,-0.0775,-0.0038,0.9970,,0.0000,0.0000,0.0000
25.8542,Right,-0.0342,1.5647,-2.9730,-0.1328,-0.0007,0.9911,,0.0000,0.0000,0.0000
25.8542,Combined,-0.0342,1.5647,-2.9730,0.0213,0.3119,0.9499,,0.0000,0.0000,0.0000
25.9245,Left,0.4261,1.5435,-2.9788,-0.0852,-0.0287,0.9960,,0.0000,0.0000,0.0000
25.9245,Right,-0.0335,1.5614,-2.9724,-0.1404,-0.0254,0.9898,,0.0000,0.0000,0.0000
25.9245,Combined,-0.0335,1.5614,-2.9724,0.0245,0.2887,0.9571,,0.0000,0.0000,0.0000
25.9802,Left,0.4267,1.5403,-2.9804,0.0209,-0.0149,0.9997,,0.0000,0.0000,0.0000
25.9802,Right,-0.0327,1.5602,-2.9698,-0.0350,-0.0124,0.9993,,0.0000,0.0000,0.0000
25.9802,Combined,-0.0327,1.5602,-2.9698,0.0342,0.2772,0.9602,,0.0000,0.0000,0.0000
26.0514,Left,0.4281,1.5409,-2.9891,0.1482,0.0155,0.9888,,0.0000,0.0000,0.0000
26.0514,Right,-0.0310,1.5607,-2.9674,0.0930,0.0175,0.9955,,0.0000,0.0000,0.0000
26.0514,Combined,-0.0310,1.5607,-2.9674,0.0577,0.2864,0.9564,,0.0000,0.0000,0.0000
26.1184,Left,0.4297,1.5393,-3.0044,0.1790,0.0321,0.9833,,0.0000,0.0000,0.0000
26.1184,Right,-0.0280,1.5617,-2.9647,0.1240,0.0343,0.9917,,0.0000,0.0000,0.0000
26.1184,Combined,-0.0280,1.5617,-2.9647,0.0973,0.3061,0.9470,,0.0000,0.0000,0.0000
26.1758,Left,0.4302,1.5385,-3.0175,0.1626,0.0184,0.9865,,0.0000,0.0000,0.0000
26.1758,Right,-0.0259,1.5613,-2.9627,0.1073,0.0212,0.9940,,0.0000,0.0000,0.0000
26.1758,Combined,-0.0259,1.5613,-2.9627,0.1286,0.3024,0.9445,,0.0000,0.0000,0.0000
26.2435,Left,0.4302,1.5423,-3.0162,0.1375,0.0020,0.9905,,0.0000,0.0000,0.0000
26.2435,Right,-0.0261,1.5605,-2.9613,0.0820,0.0044,0.9966,,0.0000,0.0000,0.0000
26.2435,Combined,-0.0261,1.5605,-2.9613,0.1258,0.2893,0.9489,,0.0000,0.0000,0.0000
26.3125,Left,0.4295,1.5429,-3.0044,0.0031,-0.0057,1.0000,,0.0000,0.0000,0.0000
26.3125,Right,-0.0280,1.5593,-2.9598,-0.0523,-0.0028,0.9986,,0.0000,0.0000,0.0000
26.3125,Combined,-0.0280,1.5593,-2.9598,0.1031,0.2804,0.9543,,0.0000,0.0000,0.0000
26.3717,Left,0.4281,1.5396,-2.9896,-0.0212,0.0108,0.9997,,0.0000,0.0000,0.0000
26.3717,Right,-0.0305,1.5585,-2.9592,-0.0764,0.0138,0.9970,,0.0000,0.0000,0.0000
26.3717,Combined,-0.0305,1.5585,-2.9592,0.0748,0.2753,0.9584,,0.0000,0.0000,0.0000
26.4423,Left,0.4273,1.5392,-2.9821,-0.0084,0.0161,0.9998,,0.0000,0.0000,0.0000
26.4423,Right,-0.0318,1.5581,-2.9592,-0.0636,0.0189,0.9978,,0.0000,0.0000,0.0000
26.4423,Combined,-0.0318,1.5581,-2.9592,0.0592,0.2685,0.9615,,0.0000,0.0000,0.0000
26.5078,Left,0.4269,1.5408,-2.9796,0.0127,0.0050,0.9999,,0.0000,0.0000,0.0000
26.5078,Right,-0.0324,1.5569,-2.9590,-0.0427,0.0075,0.9991,,0.0000,0.0000,0.0000
26.5078,Combined,-0.0324,1.5569,-2.9590,0.0523,0.2554,0.9654,,0.0000,0.0000,0.0000
26.5518,Left,0.4267,1.5433,-2.9802,0.0170,-0.0107,0.9998,,0.0000,0.0000,0.0000
26.5518,Right,-0.0327,1.5557,-2.9587,-0.0384,-0.0086,0.9992,,0.0000,0.0000,0.0000
26.5518,Combined,-0.0327,1.5557,-2.9587,0.0518,0.2417,0.9690,,0.0000,0.0000,0.0000
26.6208,Left,0.4260,1.5450,-2.9766,0.0246,0.0207,0.9995,,0.0000,0.0000,0.0000
26.6208,Right,-0.0336,1.5559,-2.9585,-0.0306,0.0223,0.9993,,0.0000,0.0000,0.0000
26.6208,Combined,-0.0336,1.5559,-2.9585,0.0439,0.2421,0.9693,,0.0000,0.0000,0.0000
26.6894,Left,0.4240,1.5459,-2.9647,0.1113,0.0279,0.9934,,0.0000,0.0000,0.0000
26.6894,Right,-0.0358,1.5564,-2.9585,0.0563,0.0287,0.9980,,0.0000,0.0000,0.0000
26.6894,Combined,-0.0358,1.5564,-2.9585,0.0187,0.2490,0.9683,,0.0000,0.0000,0.0000
26.7469,Left,0.4226,1.5440,-2.9565,0.1534,0.0349,0.9875,,0.0000,0.0000,0.0000
26.7469,Right,-0.0372,1.5566,-2.9589,0.0990,0.0357,0.9944,,0.0000,0.0000,0.0000
26.7469,Combined,-0.0372,1.5566,-2.9589,0.0019,0.2527,0.9676,,0.0000,0.0000,0.0000
26.8153,Left,0.4234,1.5443,-2.9607,0.1910,0.0240,0.9813,,0.0000,0.0000,0.0000
26.8153,Right,-0.0364,1.5567,-2.9590,0.1371,0.0245,0.9902,,0.0000,0.0000,0.0000
26.8153,Combined,-0.0364,1.5567,-2.9590,0.0104,0.2528,0.9675,,0.0000,0.0000,0.0000
26.8853,Left,0.4259,1.5437,-2.9802,0.2369,0.0267,0.9712,,0.0000,0.0000,0.0000
26.8853,Right,-0.0334,1.5563,-2.9588,0.1837,0.0272,0.9826,,0.0000,0.0000,0.0000
26.8853,Combined,-0.0334,1.5563,-2.9588,0.0518,0.2486,0.9672,,0.0000,0.0000,0.0000
26.9418,Left,0.4283,1.5431,-3.0098,0.2961,0.0201,0.9550,,0.0000,0.0000,0.0000
26.9418,Right,-0.0288,1.5556,-2.9593,0.2436,0.0206,0.9696,,0.0000,0.0000,0.0000
26.9418,Combined,-0.0288,1.5556,-2.9593,0.1130,0.2395,0.9643,,0.0000,0.0000,0.0000
27.0237,Left,0.4291,1.5443,-3.0290,0.1179,0.0295,0.9926,,0.0000,0.0000,0.0000
27.0237,Right,-0.0256,1.5553,-2.9599,0.0630,0.0312,0.9975,,0.0000,0.0000,0.0000
27.0237,Combined,-0.0256,1.5553,-2.9599,0.1516,0.2359,0.9599,,0.0000,0.0000,0.0000
27.0941,Left,0.4295,1.5460,-3.0355,0.0509,0.0602,0.9969,,0.0000,0.0000,0.0000
27.0941,Right,-0.0240,1.5572,-2.9594,-0.0036,0.0621,0.9981,,0.0000,0.0000,0.0000
27.0941,Combined,-0.0240,1.5572,-2.9594,0.1662,0.2561,0.9523,,0.0000,0.0000,0.0000
27.1639,Left,0.4296,1.5472,-3.0346,0.0200,0.0547,0.9983,,0.0000,0.0000,0.0000
27.1639,Right,-0.0239,1.5587,-2.9587,-0.0345,0.0568,0.9978,,0.0000,0.0000,0.0000
27.1639,Combined,-0.0239,1.5587,-2.9587,0.1656,0.2697,0.9486,,0.0000,0.0000,0.0000
27.2323,Left,0.4299,1.5457,-3.0389,0.0234,0.0349,0.9991,,0.0000,0.0000,0.0000
27.2323,Right,-0.0228,1.5581,-2.9581,-0.0311,0.0373,0.9988,,0.0000,0.0000,0.0000
27.2323,Combined,-0.0228,1.5581,-2.9581,0.1765,0.2626,0.9486,,0.0000,0.0000,0.0000
27.2888,Left,0.4300,1.5439,-3.0467,0.0397,0.0308,0.9987,,0.0000,0.0000,0.0000
27.2888,Right,-0.0211,1.5574,-2.9577,-0.0147,0.0334,0.9993,,0.0000,0.0000,0.0000
27.2888,Combined,-0.0211,1.5574,-2.9577,0.1945,0.2561,0.9469,,0.0000,0.0000,0.0000
27.3566,Left,0.4301,1.5421,-3.0493,0.0339,0.0331,0.9989,,0.0000,0.0000,0.0000
27.3566,Right,-0.0205,1.5570,-2.9578,-0.0203,0.0359,0.9991,,0.0000,0.0000,0.0000
27.3566,Combined,-0.0205,1.5570,-2.9578,0.2007,0.2505,0.9471,,0.0000,0.0000,0.0000
27.4290,Left,0.4305,1.5408,-3.0435,0.0168,0.0220,0.9996,,0.0000,0.0000,0.0000
27.4290,Right,-0.0212,1.5563,-2.9578,-0.0374,0.0251,0.9990,,0.0000,0.0000,0.0000
27.4290,Combined,-0.0212,1.5563,-2.9578,0.1889,0.2438,0.9512,,0.0000,0.0000,0.0000
27.4821,Left,0.4311,1.5436,-3.0241,-0.0208,0.0196,0.9996,,0.0000,0.0000,0.0000
27.4821,Right,-0.0239,1.5573,-2.9579,-0.0751,0.0224,0.9969,,0.0000,0.0000,0.0000
27.4821,Combined,-0.0239,1.5573,-2.9579,0.1468,0.2577,0.9550,,0.0000,0.0000,0.0000
27.5525,Left,0.4297,1.5415,-2.9952,-0.2861,-0.1134,0.9515,,0.0000,0.0000,0.0000
27.5525,Right,-0.0284,1.5612,-2.9591,-0.3358,-0.1063,0.9359,,0.0000,0.0000,0.0000
27.5525,Combined,-0.0284,1.5612,-2.9591,0.0879,0.3046,0.9484,,0.0000,0.0000,0.0000
27.6216,Left,0.4244,1.5382,-2.9567,-0.3876,-0.2278,0.8932,,0.0000,0.0000,0.0000
27.6216,Right,-0.0348,1.5647,-2.9625,-0.4365,-0.2176,0.8730,,0.0000,0.0000,0.0000
27.6216,Combined,-0.0348,1.5647,-2.9625,0.0082,0.3489,0.9371,,0.0000,0.0000,0.0000
27.6774,Left,0.4201,1.5366,-2.9379,-0.3337,-0.2955,0.8952,,0.0000,0.0000,0.0000
27.6774,Right,-0.0381,1.5653,-2.9658,-0.3867,-0.2860,0.8767,,0.0000,0.0000,0.0000
27.6774,Combined,-0.0381,1.5653,-2.9658,-0.0341,0.3607,0.9320,,0.0000,0.0000,0.0000
27.7541,Left,0.4194,1.5373,-2.9348,-0.2161,-0.3394,0.9155,,0.0000,0.0000,0.0000
27.7541,Right,-0.0387,1.5645,-2.9674,-0.2735,-0.3325,0.9026,,0.0000,0.0000,0.0000
27.7541,Combined,-0.0387,1.5645,-2.9674,-0.0456,0.3534,0.9344,,0.0000,0.0000,0.0000
27.8165,Left,0.4182,1.5410,-2.9291,-0.1920,-0.3565,0.9143,,0.0000,0.0000,0.0000
27.8165,Right,-0.0396,1.5636,-2.9679,-0.2502,-0.3508,0.9024,,0.0000,0.0000,0.0000
27.8165,Combined,-0.0396,1.5636,-2.9679,-0.0625,0.3439,0.9369,,0.0000,0.0000,0.0000
27.8726,Left,0.4149,1.5416,-2.9152,-0.2242,-0.3770,0.8987,,0.0000,0.0000,0.0000
27.8726,Right,-0.0416,1.5625,-2.9673,-0.2819,-0.3712,0.8847,,0.0000,0.0000,0.0000
27.8726,Combined,-0.0416,1.5625,-2.9673,-0.0921,0.3310,0.9391,,0.0000,0.0000,0.0000
27.9420,Left,0.4113,1.5395,-2.9011,-0.2568,-0.3717,0.8921,,0.0000,0.0000,0.0000
27.9420,Right,-0.0435,1.5622,-2.9661,-0.3138,-0.3656,0.8763,,0.0000,0.0000,0.0000
27.9420,Combined,-0.0435,1.5622,-2.9661,-0.1177,0.3286,0.9371,,0.0000,0.0000,0.0000
28.0117,Left,0.4074,1.5371,-2.8861,-0.2641,-0.3611,0.8944,,0.0000,0.0000,0.0000
28.0117,Right,-0.0452,1.5625,-2.9643,-0.3210,-0.3553,0.8779,,0.0000,0.0000,0.0000
28.0117,Combined,-0.0452,1.5625,-2.9643,-0.1422,0.3325,0.9323,,0.0000,0.0000,0.0000
28.0551,Left,0.4055,1.5347,-2.8781,-0.2699,-0.3678,0.8899,,0.0000,0.0000,0.0000
28.0551,Right,-0.0459,1.5618,-2.9627,-0.3268,-0.3619,0.8731,,0.0000,0.0000,0.0000
28.0551,Combined,-0.0459,1.5618,-2.9627,-0.1556,0.3224,0.9337,,0.0000,0.0000,0.0000
28.1236,Left,0.4058,1.5344,-2.8783,-0.2462,-0.3895,0.8875,,0.0000,0.0000,0.0000
28.1236,Right,-0.0458,1.5611,-2.9617,-0.3039,-0.3842,0.8718,,0.0000,0.0000,0.0000
28.1236,Combined,-0.0458,1.5611,-2.9617,-0.1544,0.3140,0.9368,,0.0000,0.0000,0.0000
28.1930,Left,0.4073,1.5331,-2.8813,-0.2377,-0.4012,0.8846,,0.0000,0.0000,0.0000
28.1930,Right,-0.0451,1.5596,-2.9602,-0.2954,-0.3958,0.8695,,0.0000,0.0000,0.0000
28.1930,Combined,-0.0451,1.5596,-2.9602,-0.1467,0.2994,0.9428,,0.0000,0.0000,0.0000
28.2404,Left,0.4076,1.5413,-2.8839,-0.2323,-0.4072,0.8833,,0.0000,0.0000,0.0000
28.2404,Right,-0.0461,1.5586,-2.9579,-0.2900,-0.4022,0.8684,,0.0000,0.0000,0.0000
28.2404,Combined,-0.0461,1.5586,-2.9579,-0.1434,0.2893,0.9464,,0.0000,0.0000,0.0000
28.3066,Left,0.4054,1.5540,-2.8819,-0.2316,-0.4111,0.8817,,0.0000,0.0000,0.0000
28.3066,Right,-0.0487,1.5575,-2.9556,-0.2890,-0.4074,0.8663,,0.0000,0.0000,0.0000
28.3066,Combined,-0.0487,1.5575,-2.9556,-0.1518,0.2771,0.9488,,0.0000,0.0000,0.0000
28.3766,Left,0.3997,1.5651,-2.8760,-0.2232,-0.4668,0.8557,,0.0000,0.0000,0.0000
28.3766,Right,-0.0541,1.5546,-2.9505,-0.2806,-0.4648,0.8398,,0.0000,0.0000,0.0000
28.3766,Combined,-0.0541,1.5546,-2.9505,-0.1629,0.2358,0.9581,,0.0000,0.0000,0.0000
28.4278,Left,0.3977,1.5610,-2.8709,-0.1634,-0.4829,0.8603,,0.0000,0.0000,0.0000
28.4278,Right,-0.0557,1.5532,-2.9478,-0.2222,-0.4827,0.8472,,0.0000,0.0000,0.0000
28.4278,Combined,-0.0557,1.5532,-2.9478,-0.1668,0.2210,0.9609,,0.0000,0.0000,0.0000
28.4867,Left,0.3981,1.5547,-2.8686,-0.2064,-0.4975,0.8425,,0.0000,0.0000,0.0000
28.4867,Right,-0.0554,1.5515,-2.9459,-0.2644,-0.4954,0.8274,,0.0000,0.0000,0.0000
28.4867,Combined,-0.0554,1.5515,-2.9459,-0.1658,0.2057,0.9645,,0.0000,0.0000,0.0000
28.5579,Left,0.4003,1.5498,-2.8703,-0.1981,-0.5290,0.8252,,0.0000,0.0000,0.0000
28.5579,Right,-0.0537,1.5499,-2.9445,-0.2565,-0.5264,0.8106,,0.0000,0.0000,0.0000
28.5579,Combined,-0.0537,1.5499,-2.9445,-0.1582,0.1873,0.9695,,0.0000,0.0000,0.0000
28.6090,Left,0.4053,1.5465,-2.8784,-0.1913,-0.5259,0.8288,,0.0000,0.0000,0.0000
28.6090,Right,-0.0501,1.5493,-2.9430,-0.2497,-0.5227,0.8151,,0.0000,0.0000,0.0000
28.6090,Combined,-0.0501,1.5493,-2.9430,-0.1370,0.1838,0.9734,,0.0000,0.0000,0.0000
28.6808,Left,0.4095,1.5469,-2.8874,-0.1716,-0.2888,0.9419,,0.0000,0.0000,0.0000
28.6808,Right,-0.0472,1.5491,-2.9421,-0.2278,-0.2867,0.9306,,0.0000,0.0000,0.0000
28.6808,Combined,-0.0472,1.5491,-2.9421,-0.1161,0.1882,0.9753,,0.0000,0.0000,0.0000
28.7487,Left,0.4140,1.5495,-2.8997,0.0118,-0.1150,0.9933,,0.0000,0.0000,0.0000
28.7487,Right,-0.0441,1.5494,-2.9412,-0.0441,-0.1160,0.9923,,0.0000,0.0000,0.0000
28.7487,Combined,-0.0441,1.5494,-2.9412,-0.0886,0.1925,0.9773,,0.0000,0.0000,0.0000
28.8043,Left,0.4182,1.5499,-2.9124,0.0080,-0.0419,0.9991,,0.0000,0.0000,0.0000
28.8043,Right,-0.0410,1.5488,-2.9398,-0.0473,-0.0424,0.9980,,0.0000,0.0000,0.0000
28.8043,Combined,-0.0410,1.5488,-2.9398,-0.0590,0.1884,0.9803,,0.0000,0.0000,0.0000
28.8775,Left,0.4210,1.5473,-2.9214,0.0517,-0.0002,0.9987,,0.0000,0.0000,0.0000
28.8775,Right,-0.0387,1.5476,-2.9383,-0.0032,-0.0007,1.0000,,0.0000,0.0000,0.0000
28.8775,Combined,-0.0387,1.5476,-2.9383,-0.0361,0.1726,0.9843,,0.0000,0.0000,0.0000
28.9438,Left,0.4224,1.5430,-2.9267,0.0278,0.0120,0.9995,,0.0000,0.0000,0.0000
28.9438,Right,-0.0375,1.5469,-2.9366,-0.0269,0.0122,0.9996,,0.0000,0.0000,0.0000
28.9438,Combined,-0.0375,1.5469,-2.9366,-0.0198,0.1639,0.9863,,0.0000,0.0000,0.0000
28.9992,Left,0.4220,1.5383,-2.9267,0.0190,0.0445,0.9988,,0.0000,0.0000,0.0000
28.9992,Right,-0.0378,1.5465,-2.9361,-0.0355,0.0454,0.9983,,0.0000,0.0000,0.0000
28.9992,Combined,-0.0378,1.5465,-2.9361,-0.0173,0.1611,0.9868,,0.0000,0.0000,0.0000
29.0713,Left,0.4216,1.5367,-2.9275,0.0153,0.0502,0.9986,,0.0000,0.0000,0.0000
29.0713,Right,-0.0382,1.5464,-2.9366,-0.0391,0.0513,0.9979,,0.0000,0.0000,0.0000
29.0713,Combined,-0.0382,1.5464,-2.9366,-0.0163,0.1596,0.9871,,0.0000,0.0000,0.0000
29.1384,Left,0.4220,1.5391,-2.9308,0.0544,0.0254,0.9982,,0.0000,0.0000,0.0000
29.1384,Right,-0.0379,1.5462,-2.9377,-0.0002,0.0260,0.9997,,0.0000,0.0000,0.0000
29.1384,Combined,-0.0379,1.5462,-2.9377,-0.0124,0.1570,0.9875,,0.0000,0.0000,0.0000
29.1949,Left,0.4230,1.5413,-2.9355,0.0644,0.0307,0.9975,,0.0000,0.0000,0.0000
29.1949,Right,-0.0370,1.5464,-2.9386,0.0099,0.0311,0.9995,,0.0000,0.0000,0.0000
29.1949,Combined,-0.0370,1.5464,-2.9386,-0.0049,0.1584,0.9874,,0.0000,0.0000,0.0000
29.2641,Left,0.4239,1.5411,-2.9392,0.0619,0.0416,0.9972,,0.0000,0.0000,0.0000
29.2641,Right,-0.0360,1.5471,-2.9390,0.0074,0.0421,0.9991,,0.0000,0.0000,0.0000
29.2641,Combined,-0.0360,1.5471,-2.9390,0.0026,0.1657,0.9862,,0.0000,0.0000,0.0000
29.3333,Left,0.4249,1.5391,-2.9437,0.0644,0.0455,0.9969,,0.0000,0.0000,0.0000
29.3333,Right,-0.0350,1.5480,-2.9394,0.0099,0.0463,0.9989,,0.0000,0.0000,0.0000
29.3333,Combined,-0.0350,1.5480,-2.9394,0.0127,0.1772,0.9841,,0.0000,0.0000,0.0000
29.3965,Left,0.4257,1.5384,-2.9469,0.0653,0.0469,0.9968,,0.0000,0.0000,0.0000
29.3965,Right,-0.0341,1.5485,-2.9395,0.0107,0.0480,0.9988,,0.0000,0.0000,0.0000
29.3965,Combined,-0.0341,1.5485,-2.9395,0.0199,0.1838,0.9828,,0.0000,0.0000,0.0000
29.4603,Left,0.4260,1.5376,-2.9477,0.0542,0.0391,0.9978,,0.0000,0.0000,0.0000
29.4603,Right,-0.0338,1.5483,-2.9395,-0.0005,0.0404,0.9992,,0.0000,0.0000,0.0000
29.4603,Combined,-0.0338,1.5483,-2.9395,0.0218,0.1819,0.9831,,0.0000,0.0000,0.0000
29.5308,Left,0.4259,1.5365,-2.9469,0.0245,0.0358,0.9991,,0.0000,0.0000,0.0000
29.5308,Right,-0.0339,1.5479,-2.9392,-0.0302,0.0372,0.9989,,0.0000,0.0000,0.0000
29.5308,Combined,-0.0339,1.5479,-2.9392,0.0209,0.1783,0.9837,,0.0000,0.0000,0.0000
29.5872,Left,0.4255,1.5358,-2.9452,0.0193,0.0439,0.9988,,0.0000,0.0000,0.0000
29.5872,Right,-0.0343,1.5476,-2.9388,-0.0352,0.0454,0.9983,,0.0000,0.0000,0.0000
29.5872,Combined,-0.0343,1.5476,-2.9388,0.0184,0.1756,0.9843,,0.0000,0.0000,0.0000
29.6575,Left,0.4253,1.5354,-2.9439,0.0180,0.0404,0.9990,,0.0000,0.0000,0.0000
29.6575,Right,-0.0345,1.5472,-2.9384,-0.0366,0.0420,0.9984,,0.0000,0.0000,0.0000
29.6575,Combined,-0.0345,1.5472,-2.9384,0.0162,0.1722,0.9849,,0.0000,0.0000,0.0000
29.7385,Left,0.4251,1.5351,-2.9427,0.0179,0.0353,0.9992,,0.0000,0.0000,0.0000
29.7385,Right,-0.0348,1.5470,-2.9380,-0.0367,0.0368,0.9986,,0.0000,0.0000,0.0000
29.7385,Combined,-0.0348,1.5470,-2.9380,0.0144,0.1700,0.9853,,0.0000,0.0000,0.0000
29.8238,Left,0.4249,1.5345,-2.9412,0.0190,0.0443,0.9988,,0.0000,0.0000,0.0000
29.8238,Right,-0.0349,1.5470,-2.9377,-0.0356,0.0458,0.9983,,0.0000,0.0000,0.0000
29.8238,Combined,-0.0349,1.5470,-2.9377,0.0121,0.1705,0.9853,,0.0000,0.0000,0.0000
29.9336,Left,0.4250,1.5331,-2.9400,0.0227,0.0406,0.9989,,0.0000,0.0000,0.0000
29.9336,Right,-0.0348,1.5467,-2.9373,-0.0319,0.0422,0.9986,,0.0000,0.0000,0.0000
29.9336,Combined,-0.0348,1.5467,-2.9373,0.0107,0.1675,0.9858,,0.0000,0.0000,0.0000
30.0189,Left,0.4248,1.5310,-2.9376,0.0223,0.0543,0.9983,,0.0000,0.0000,0.0000
30.0189,Right,-0.0348,1.5494,-2.9365,-0.0323,0.0563,0.9979,,0.0000,0.0000,0.0000
30.0189,Combined,-0.0348,1.5494,-2.9365,0.0103,0.1947,0.9808,,0.0000,0.0000,0.0000
30.1014,Left,0.4243,1.5290,-2.9339,0.0664,0.0462,0.9967,,0.0000,0.0000,0.0000
30.1014,Right,-0.0351,1.5522,-2.9371,0.0115,0.0487,0.9987,,0.0000,0.0000,0.0000
30.1014,Combined,-0.0351,1.5522,-2.9371,0.0045,0.2264,0.9740,,0.0000,0.0000,0.0000
30.1908,Left,0.4251,1.5310,-2.9374,0.0646,0.0195,0.9977,,0.0000,0.0000,0.0000
30.1908,Right,-0.0344,1.5534,-2.9394,0.0095,0.0220,0.9997,,0.0000,0.0000,0.0000
30.1908,Combined,-0.0344,1.5534,-2.9394,0.0074,0.2393,0.9709,,0.0000,0.0000,0.0000
30.2684,Left,0.4260,1.5313,-2.9428,0.0736,0.0168,0.9972,,0.0000,0.0000,0.0000
30.2684,Right,-0.0335,1.5534,-2.9408,0.0184,0.0192,0.9996,,0.0000,0.0000,0.0000
30.2684,Combined,-0.0335,1.5534,-2.9408,0.0157,0.2397,0.9707,,0.0000,0.0000,0.0000
30.3523,Left,0.4265,1.5312,-2.9468,0.0725,0.0028,0.9974,,0.0000,0.0000,0.0000
30.3523,Right,-0.0329,1.5527,-2.9416,0.0172,0.0051,0.9998,,0.0000,0.0000,0.0000
30.3523,Combined,-0.0329,1.5527,-2.9416,0.0218,0.2319,0.9725,,0.0000,0.0000,0.0000
30.4387,Left,0.4265,1.5318,-2.9480,0.0739,0.0141,0.9972,,0.0000,0.0000,0.0000
30.4387,Right,-0.0330,1.5523,-2.9416,0.0188,0.0163,0.9997,,0.0000,0.0000,0.0000
30.4387,Combined,-0.0330,1.5523,-2.9416,0.0237,0.2271,0.9736,,0.0000,0.0000,0.0000
30.5199,Left,0.4260,1.5327,-2.9474,0.1758,0.0545,0.9829,,0.0000,0.0000,0.0000
30.5199,Right,-0.0336,1.5520,-2.9413,0.1220,0.0563,0.9909,,0.0000,0.0000,0.0000
30.5199,Combined,-0.0336,1.5520,-2.9413,0.0224,0.2241,0.9743,,0.0000,0.0000,0.0000
30.6037,Left,0.4255,1.5328,-2.9460,0.2525,0.0832,0.9640,,0.0000,0.0000,0.0000
30.6037,Right,-0.0341,1.5514,-2.9410,0.2005,0.0848,0.9760,,0.0000,0.0000,0.0000
30.6037,Combined,-0.0341,1.5514,-2.9410,0.0196,0.2181,0.9757,,0.0000,0.0000,0.0000
30.6998,Left,0.4253,1.5319,-2.9444,0.2552,0.0926,0.9624,,0.0000,0.0000,0.0000
30.6998,Right,-0.0343,1.5507,-2.9404,0.2035,0.0943,0.9745,,0.0000,0.0000,0.0000
30.6998,Combined,-0.0343,1.5507,-2.9404,0.0172,0.2105,0.9774,,0.0000,0.0000,0.0000
30.7825,Left,0.4257,1.5314,-2.9442,0.2572,0.0853,0.9626,,0.0000,0.0000,0.0000
30.7825,Right,-0.0340,1.5498,-2.9399,0.2055,0.0869,0.9748,,0.0000,0.0000,0.0000
30.7825,Combined,-0.0340,1.5498,-2.9399,0.0172,0.1995,0.9797,,0.0000,0.0000,0.0000
30.8696,Left,0.4254,1.5316,-2.9397,0.2414,0.0426,0.9695,,0.0000,0.0000,0.0000
30.8696,Right,-0.0342,1.5497,-2.9389,0.1891,0.0437,0.9810,,0.0000,0.0000,0.0000
30.8696,Combined,-0.0342,1.5497,-2.9389,0.0095,0.1988,0.9800,,0.0000,0.0000,0.0000
30.9646,Left,0.4242,1.5318,-2.9317,0.2827,-0.0369,0.9585,,0.0000,0.0000,0.0000
30.9646,Right,-0.0354,1.5499,-2.9381,0.2311,-0.0373,0.9722,,0.0000,0.0000,0.0000
30.9646,Combined,-0.0354,1.5499,-2.9381,-0.0058,0.2001,0.9798,,0.0000,0.0000,0.0000
31.0526,Left,0.4237,1.5320,-2.9284,0.2315,-0.0304,0.9724,,0.0000,0.0000,0.0000
31.0526,Right,-0.0358,1.5500,-2.9378,0.1786,-0.0302,0.9834,,0.0000,0.0000,0.0000
31.0526,Combined,-0.0358,1.5500,-2.9378,-0.0122,0.2014,0.9794,,0.0000,0.0000,0.0000
31.1365,Left,0.4237,1.5316,-2.9283,0.2515,0.0202,0.9677,,0.0000,0.0000,0.0000
31.1365,Right,-0.0359,1.5500,-2.9380,0.1995,0.0209,0.9797,,0.0000,0.0000,0.0000
31.1365,Combined,-0.0359,1.5500,-2.9380,-0.0126,0.2018,0.9793,,0.0000,0.0000,0.0000
31.2121,Left,0.4236,1.5316,-2.9289,0.2647,0.0320,0.9638,,0.0000,0.0000,0.0000
31.2121,Right,-0.0359,1.5498,-2.9382,0.2132,0.0327,0.9765,,0.0000,0.0000,0.0000
31.2121,Combined,-0.0359,1.5498,-2.9382,-0.0119,0.2003,0.9797,,0.0000,0.0000,0.0000
31.2944,Left,0.4233,1.5319,-2.9279,0.2579,0.0354,0.9655,,0.0000,0.0000,0.0000
31.2944,Right,-0.0363,1.5497,-2.9380,0.2063,0.0362,0.9778,,0.0000,0.0000,0.0000
31.2944,Combined,-0.0363,1.5497,-2.9380,-0.0140,0.1989,0.9799,,0.0000,0.0000,0.0000
31.3839,Left,0.4229,1.5317,-2.9264,0.2527,0.0287,0.9671,,0.0000,0.0000,0.0000
31.3839,Right,-0.0366,1.5494,-2.9377,0.2009,0.0293,0.9792,,0.0000,0.0000,0.0000
31.3839,Combined,-0.0366,1.5494,-2.9377,-0.0165,0.1959,0.9805,,0.0000,0.0000,0.0000
31.4758,Left,0.4229,1.5313,-2.9254,0.2529,0.0262,0.9671,,0.0000,0.0000,0.0000
31.4758,Right,-0.0366,1.5491,-2.9373,0.2011,0.0268,0.9792,,0.0000,0.0000,0.0000
31.4758,Combined,-0.0366,1.5491,-2.9373,-0.0180,0.1934,0.9810,,0.0000,0.0000,0.0000
31.5630,Left,0.4230,1.5308,-2.9250,0.2295,0.0217,0.9731,,0.0000,0.0000,0.0000
31.5630,Right,-0.0365,1.5490,-2.9372,0.1772,0.0224,0.9839,,0.0000,0.0000,0.0000
31.5630,Combined,-0.0365,1.5490,-2.9372,-0.0185,0.1918,0.9813,,0.0000,0.0000,0.0000
31.6421,Left,0.4232,1.5304,-2.9249,0.1458,0.0345,0.9887,,0.0000,0.0000,0.0000
31.6421,Right,-0.0363,1.5488,-2.9372,0.0920,0.0359,0.9951,,0.0000,0.0000,0.0000
31.6421,Combined,-0.0363,1.5488,-2.9372,-0.0187,0.1895,0.9817,,0.0000,0.0000,0.0000
31.7136,Left,0.4233,1.5293,-2.9251,0.1420,0.0265,0.9895,,0.0000,0.0000,0.0000
31.7136,Right,-0.0362,1.5483,-2.9374,0.0882,0.0279,0.9957,,0.0000,0.0000,0.0000
31.7136,Combined,-0.0362,1.5483,-2.9374,-0.0185,0.1846,0.9826,,0.0000,0.0000,0.0000
31.7829,Left,0.4234,1.5281,-2.9252,0.1296,0.0199,0.9914,,0.0000,0.0000,0.0000
31.7829,Right,-0.0360,1.5478,-2.9374,0.0756,0.0214,0.9969,,0.0000,0.0000,0.0000
31.7829,Combined,-0.0360,1.5478,-2.9374,-0.0185,0.1785,0.9838,,0.0000,0.0000,0.0000
31.8390,Left,0.4238,1.5271,-2.9250,0.0632,0.0210,0.9978,,0.0000,0.0000,0.0000
31.8390,Right,-0.0356,1.5476,-2.9368,0.0086,0.0230,0.9997,,0.0000,0.0000,0.0000
31.8390,Combined,-0.0356,1.5476,-2.9368,-0.0174,0.1770,0.9841,,0.0000,0.0000,0.0000
31.9085,Left,0.4242,1.5266,-2.9254,-0.0074,0.0293,0.9995,,0.0000,0.0000,0.0000
31.9085,Right,-0.0352,1.5481,-2.9365,-0.0621,0.0319,0.9976,,0.0000,0.0000,0.0000
31.9085,Combined,-0.0352,1.5481,-2.9365,-0.0151,0.1827,0.9831,,0.0000,0.0000,0.0000
31.9771,Left,0.4247,1.5267,-2.9267,0.0066,0.0333,0.9994,,0.0000,0.0000,0.0000
31.9771,Right,-0.0347,1.5489,-2.9366,-0.0481,0.0359,0.9982,,0.0000,0.0000,0.0000
31.9771,Combined,-0.0347,1.5489,-2.9366,-0.0118,0.1907,0.9816,,0.0000,0.0000,0.0000
32.0346,Left,0.4253,1.5268,-2.9285,0.0199,0.0273,0.9994,,0.0000,0.0000,0.0000
32.0346,Right,-0.0341,1.5490,-2.9369,-0.0349,0.0299,0.9989,,0.0000,0.0000,0.0000
32.0346,Combined,-0.0341,1.5490,-2.9369,-0.0086,0.1922,0.9813,,0.0000,0.0000,0.0000
32.1133,Left,0.4255,1.5251,-2.9297,0.0182,0.0252,0.9995,,0.0000,0.0000,0.0000
32.1133,Right,-0.0338,1.5485,-2.9372,-0.0365,0.0279,0.9989,,0.0000,0.0000,0.0000
32.1133,Combined,-0.0338,1.5485,-2.9372,-0.0064,0.1870,0.9823,,0.0000,0.0000,0.0000
32.1858,Left,0.4254,1.5226,-2.9302,0.0116,-0.0134,0.9998,,0.0000,0.0000,0.0000
32.1858,Right,-0.0339,1.5477,-2.9375,-0.0434,-0.0104,0.9990,,0.0000,0.0000,0.0000
32.1858,Combined,-0.0339,1.5477,-2.9375,-0.0059,0.1768,0.9842,,0.0000,0.0000,0.0000
32.2568,Left,0.4253,1.5228,-2.9306,0.0187,0.0092,0.9998,,0.0000,0.0000,0.0000
32.2568,Right,-0.0339,1.5476,-2.9374,-0.0361,0.0121,0.9993,,0.0000,0.0000,0.0000
32.2568,Combined,-0.0339,1.5476,-2.9374,-0.0050,0.1759,0.9844,,0.0000,0.0000,0.0000
32.3259,Left,0.4252,1.5241,-2.9307,0.0283,0.0335,0.9990,,0.0000,0.0000,0.0000
32.3259,Right,-0.0341,1.5478,-2.9372,-0.0264,0.0363,0.9990,,0.0000,0.0000,0.0000
32.3259,Combined,-0.0341,1.5478,-2.9372,-0.0049,0.1776,0.9841,,0.0000,0.0000,0.0000
32.3832,Left,0.4251,1.5248,-2.9300,0.0359,0.0111,0.9993,,0.0000,0.0000,0.0000
32.3832,Right,-0.0342,1.5479,-2.9369,-0.0189,0.0137,0.9997,,0.0000,0.0000,0.0000
32.3832,Combined,-0.0342,1.5479,-2.9369,-0.0058,0.1779,0.9840,,0.0000,0.0000,0.0000
32.4515,Left,0.4250,1.5238,-2.9290,0.0375,0.0169,0.9992,,0.0000,0.0000,0.0000
32.4515,Right,-0.0343,1.5472,-2.9365,-0.0172,0.0196,0.9997,,0.0000,0.0000,0.0000
32.4515,Combined,-0.0343,1.5472,-2.9365,-0.0074,0.1710,0.9852,,0.0000,0.0000,0.0000
32.5218,Left,0.4249,1.5236,-2.9279,0.0465,0.0307,0.9984,,0.0000,0.0000,0.0000
32.5218,Right,-0.0344,1.5470,-2.9361,-0.0081,0.0333,0.9994,,0.0000,0.0000,0.0000
32.5218,Combined,-0.0344,1.5470,-2.9361,-0.0090,0.1684,0.9857,,0.0000,0.0000,0.0000
32.5768,Left,0.4251,1.5238,-2.9289,0.0172,-0.1002,0.9948,,0.0000,0.0000,0.0000
32.5768,Right,-0.0343,1.5469,-2.9359,-0.0384,-0.0975,0.9945,,0.0000,0.0000,0.0000
32.5768,Combined,-0.0343,1.5469,-2.9359,-0.0067,0.1660,0.9861,,0.0000,0.0000,0.0000
32.6477,Left,0.4258,1.5243,-2.9318,0.0183,-0.0454,0.9988,,0.0000,0.0000,0.0000
32.6477,Right,-0.0336,1.5469,-2.9356,-0.0369,-0.0427,0.9984,,0.0000,0.0000,0.0000
32.6477,Combined,-0.0336,1.5469,-2.9356,0.0000,0.1659,0.9861,,0.0000,0.0000,0.0000
32.7157,Left,0.4268,1.5243,-2.9364,0.0716,0.0166,0.9973,,0.0000,0.0000,0.0000
32.7157,Right,-0.0326,1.5464,-2.9354,0.0171,0.0190,0.9997,,0.0000,0.0000,0.0000
32.7157,Combined,-0.0326,1.5464,-2.9354,0.0100,0.1616,0.9868,,0.0000,0.0000,0.0000
32.7727,Left,0.4275,1.5244,-2.9399,0.0801,0.0153,0.9967,,0.0000,0.0000,0.0000
32.7727,Right,-0.0320,1.5461,-2.9353,0.0256,0.0177,0.9995,,0.0000,0.0000,0.0000
32.7727,Combined,-0.0320,1.5461,-2.9353,0.0173,0.1569,0.9875,,0.0000,0.0000,0.0000
32.8478,Left,0.4275,1.5240,-2.9407,0.0809,0.0146,0.9966,,0.0000,0.0000,0.0000
32.8478,Right,-0.0320,1.5456,-2.9352,0.0265,0.0169,0.9995,,0.0000,0.0000,0.0000
32.8478,Combined,-0.0320,1.5456,-2.9352,0.0189,0.1513,0.9883,,0.0000,0.0000,0.0000
32.9088,Left,0.4273,1.5241,-2.9403,0.0718,0.0158,0.9973,,0.0000,0.0000,0.0000
32.9088,Right,-0.0322,1.5451,-2.9351,0.0173,0.0181,0.9997,,0.0000,0.0000,0.0000
32.9088,Combined,-0.0322,1.5451,-2.9351,0.0181,0.1470,0.9890,,0.0000,0.0000,0.0000
32.9533,Left,0.4269,1.5246,-2.9389,0.0688,0.0205,0.9974,,0.0000,0.0000,0.0000
32.9533,Right,-0.0326,1.5454,-2.9349,0.0143,0.0227,0.9996,,0.0000,0.0000,0.0000
32.9533,Combined,-0.0326,1.5454,-2.9349,0.0154,0.1483,0.9888,,0.0000,0.0000,0.0000
33.0218,Left,0.4268,1.5247,-2.9385,0.0678,0.0242,0.9974,,0.0000,0.0000,0.0000
33.0218,Right,-0.0327,1.5453,-2.9350,0.0133,0.0265,0.9996,,0.0000,0.0000,0.0000
33.0218,Combined,-0.0327,1.5453,-2.9350,0.0142,0.1483,0.9888,,0.0000,0.0000,0.0000
33.0918,Left,0.4270,1.5246,-2.9385,0.0693,0.0224,0.9973,,0.0000,0.0000,0.0000
33.0918,Right,-0.0325,1.5453,-2.9352,0.0148,0.0247,0.9996,,0.0000,0.0000,0.0000
33.0918,Combined,-0.0325,1.5453,-2.9352,0.0138,0.1493,0.9887,,0.0000,0.0000,0.0000
33.1477,Left,0.4273,1.5238,-2.9391,0.0143,0.0321,0.9994,,0.0000,0.0000,0.0000
33.1477,Right,-0.0322,1.5454,-2.9354,-0.0401,0.0348,0.9986,,0.0000,0.0000,0.0000
33.1477,Combined,-0.0322,1.5454,-2.9354,0.0149,0.1497,0.9886,,0.0000,0.0000,0.0000
33.2246,Left,0.4274,1.5229,-2.9396,0.0105,0.0339,0.9994,,0.0000,0.0000,0.0000
33.2246,Right,-0.0320,1.5454,-2.9356,-0.0439,0.0367,0.9984,,0.0000,0.0000,0.0000
33.2246,Combined,-0.0320,1.5454,-2.9356,0.0159,0.1504,0.9885,,0.0000,0.0000,0.0000
33.2865,Left,0.4275,1.5226,-2.9400,0.0086,0.0298,0.9995,,0.0000,0.0000,0.0000
33.2865,Right,-0.0319,1.5454,-2.9358,-0.0459,0.0327,0.9984,,0.0000,0.0000,0.0000
33.2865,Combined,-0.0319,1.5454,-2.9358,0.0164,0.1504,0.9885,,0.0000,0.0000,0.0000
33.3423,Left,0.4274,1.5230,-2.9401,0.0074,0.0315,0.9995,,0.0000,0.0000,0.0000
33.3423,Right,-0.0320,1.5457,-2.9360,-0.0471,0.0344,0.9983,,0.0000,0.0000,0.0000
33.3423,Combined,-0.0320,1.5457,-2.9360,0.0163,0.1529,0.9881,,0.0000,0.0000,0.0000
33.4099,Left,0.4274,1.5229,-2.9402,0.0084,0.0384,0.9992,,0.0000,0.0000,0.0000
33.4099,Right,-0.0320,1.5458,-2.9363,-0.0459,0.0413,0.9981,,0.0000,0.0000,0.0000
33.4099,Combined,-0.0320,1.5458,-2.9363,0.0161,0.1540,0.9879,,0.0000,0.0000,0.0000
33.4800,Left,0.4274,1.5228,-2.9403,0.0086,0.0309,0.9995,,0.0000,0.0000,0.0000
33.4800,Right,-0.0320,1.5458,-2.9365,-0.0458,0.0338,0.9984,,0.0000,0.0000,0.0000
33.4800,Combined,-0.0320,1.5458,-2.9365,0.0161,0.1543,0.9879,,0.0000,0.0000,0.0000
33.5372,Left,0.4275,1.5228,-2.9405,0.0124,0.0292,0.9995,,0.0000,0.0000,0.0000
33.5372,Right,-0.0319,1.5459,-2.9366,-0.0421,0.0321,0.9986,,0.0000,0.0000,0.0000
33.5372,Combined,-0.0319,1.5459,-2.9366,0.0161,0.1556,0.9877,,0.0000,0.0000,0.0000
33.6358,Left,0.4275,1.5221,-2.9404,0.0413,0.0332,0.9986,,0.0000,0.0000,0.0000
33.6358,Right,-0.0318,1.5457,-2.9367,-0.0131,0.0359,0.9993,,0.0000,0.0000,0.0000
33.6358,Combined,-0.0318,1.5457,-2.9367,0.0159,0.1533,0.9881,,0.0000,0.0000,0.0000
33.7094,Left,0.4279,1.5224,-2.9404,0.0412,0.0313,0.9987,,0.0000,0.0000,0.0000
33.7094,Right,-0.0315,1.5459,-2.9366,-0.0133,0.0341,0.9993,,0.0000,0.0000,0.0000
33.7094,Combined,-0.0315,1.5459,-2.9366,0.0159,0.1555,0.9877,,0.0000,0.0000,0.0000
33.7740,Left,0.4282,1.5224,-2.9404,0.0412,0.0357,0.9985,,0.0000,0.0000,0.0000
33.7740,Right,-0.0311,1.5463,-2.9367,-0.0133,0.0385,0.9992,,0.0000,0.0000,0.0000
33.7740,Combined,-0.0311,1.5463,-2.9367,0.0162,0.1591,0.9871,,0.0000,0.0000,0.0000
33.8419,Left,0.4286,1.5212,-2.9409,0.0419,0.0331,0.9986,,0.0000,0.0000,0.0000
33.8419,Right,-0.0307,1.5461,-2.9368,-0.0126,0.0360,0.9993,,0.0000,0.0000,0.0000
33.8419,Combined,-0.0307,1.5461,-2.9368,0.0173,0.1580,0.9873,,0.0000,0.0000,0.0000
33.9007,Left,0.4288,1.5206,-2.9419,0.0437,0.0315,0.9986,,0.0000,0.0000,0.0000
33.9007,Right,-0.0304,1.5459,-2.9370,-0.0108,0.0345,0.9993,,0.0000,0.0000,0.0000
33.9007,Combined,-0.0304,1.5459,-2.9370,0.0191,0.1566,0.9875,,0.0000,0.0000,0.0000
33.9699,Left,0.4289,1.5206,-2.9423,0.0434,0.0355,0.9984,,0.0000,0.0000,0.0000
33.9699,Right,-0.0304,1.5459,-2.9371,-0.0111,0.0385,0.9992,,0.0000,0.0000,0.0000
33.9699,Combined,-0.0304,1.5459,-2.9371,0.0197,0.1559,0.9876,,0.0000,0.0000,0.0000
34.0396,Left,0.4288,1.5207,-2.9422,0.0433,0.0362,0.9984,,0.0000,0.0000,0.0000
34.0396,Right,-0.0304,1.5459,-2.9371,-0.0111,0.0392,0.9992,,0.0000,0.0000,0.0000
34.0396,Combined,-0.0304,1.5459,-2.9371,0.0194,0.1571,0.9874,,0.0000,0.0000,0.0000
34.0944,Left,0.4288,1.5208,-2.9419,0.0429,0.0357,0.9984,,0.0000,0.0000,0.0000
34.0944,Right,-0.0305,1.5462,-2.9372,-0.0116,0.0386,0.9992,,0.0000,0.0000,0.0000
34.0944,Combined,-0.0305,1.5462,-2.9372,0.0190,0.1596,0.9870,,0.0000,0.0000,0.0000
34.1645,Left,0.4288,1.5204,-2.9421,0.0414,0.0374,0.9984,,0.0000,0.0000,0.0000
34.1645,Right,-0.0305,1.5463,-2.9372,-0.0130,0.0405,0.9991,,0.0000,0.0000,0.0000
34.1645,Combined,-0.0305,1.5463,-2.9372,0.0194,0.1610,0.9868,,0.0000,0.0000,0.0000
34.2351,Left,0.4288,1.5205,-2.9416,0.0420,0.0332,0.9986,,0.0000,0.0000,0.0000
34.2351,Right,-0.0305,1.5463,-2.9374,-0.0125,0.0363,0.9993,,0.0000,0.0000,0.0000
34.2351,Combined,-0.0305,1.5463,-2.9374,0.0182,0.1618,0.9867,,0.0000,0.0000,0.0000
34.2904,Left,0.4278,1.5222,-2.9343,-0.3844,-0.0143,0.9231,,0.0000,0.0000,0.0000
34.2904,Right,-0.0316,1.5464,-2.9375,-0.4302,-0.0082,0.9027,item 3-3,-3.0732,1.4883,3.4448
34.2904,Combined,-0.0316,1.5464,-2.9375,0.0019,0.1643,0.9864,,0.0000,0.0000,0.0000
34.3745,Left,0.4250,1.5240,-2.9187,-0.4640,-0.0162,0.8857,item 3-3,-2.9985,1.4043,3.6162
34.3745,Right,-0.0341,1.5465,-2.9376,-0.5067,-0.0098,0.8621,item 3-3,-3.4811,1.4796,2.9268
34.3745,Combined,-0.0341,1.5465,-2.9376,-0.0326,0.1655,0.9857,,0.0000,0.0000,0.0000
34.4434,Left,0.4181,1.5252,-2.8906,-0.4841,-0.0255,0.8746,item 3-3,-3.0358,1.3431,3.3489
34.4434,Right,-0.0390,1.5461,-2.9377,-0.5271,-0.0194,0.8496,item 3-3,-3.6177,1.4141,2.8304
34.4434,Combined,-0.0390,1.5461,-2.9377,-0.0938,0.1618,0.9823,,0.0000,0.0000,0.0000
34.5124,Left,0.4085,1.5256,-2.8603,-0.4944,-0.0358,0.8685,item 3-3,-3.0629,1.2741,3.2371
34.5124,Right,-0.0445,1.5451,-2.9377,-0.5381,-0.0301,0.8423,item 3-3,-3.6954,1.3408,2.7771
34.5124,Combined,-0.0445,1.5451,-2.9377,-0.1602,0.1514,0.9754,,0.0000,0.0000,0.0000
34.5819,Left,0.3967,1.5257,-2.8309,-0.5227,-0.0270,0.8521,item 3-3,-3.2158,1.3392,3.0576
34.5819,Right,-0.0504,1.5437,-2.9376,-0.5659,-0.0219,0.8242,item 3-3,-3.9726,1.3922,2.7746
34.5819,Combined,-0.0504,1.5437,-2.9376,-0.2247,0.1371,0.9647,,0.0000,0.0000,0.0000
34.6443,Left,0.3852,1.5257,-2.8065,-0.5697,-0.0332,0.8212,item 3-3,-3.5192,1.2980,2.8215
34.6443,Right,-0.0555,1.5423,-2.9375,-0.6112,-0.0282,0.7910,,0.0000,0.0000,0.0000
34.6443,Combined,-0.0555,1.5423,-2.9375,-0.2786,0.1213,0.9527,,0.0000,0.0000,0.0000
34.7068,Left,0.3774,1.5262,-2.7920,-0.5515,-0.0309,0.8336,item 3-3,-3.3879,1.3154,2.9000
34.7068,Right,-0.0588,1.5415,-2.9372,-0.5943,-0.0264,0.8038,item 3-3,-4.3494,1.3506,2.8654
34.7068,Combined,-0.0588,1.5415,-2.9372,-0.3102,0.1120,0.9441,,0.0000,0.0000,0.0000
34.7840,Left,0.3705,1.5268,-2.7803,-0.5332,-0.0230,0.8457,item 3-3,-3.2798,1.3693,3.0094
34.7840,Right,-0.0619,1.5411,-2.9367,-0.5772,-0.0192,0.8164,item 3-3,-4.1204,1.4060,2.8031
34.7840,Combined,-0.0619,1.5411,-2.9367,-0.3351,0.1062,0.9362,,0.0000,0.0000,0.0000
34.8465,Left,0.3666,1.5277,-2.7743,-0.4426,0.0213,0.8965,,0.0000,0.0000,0.0000
34.8465,Right,-0.0637,1.5408,-2.9364,-0.4901,0.0237,0.8714,item 3-3,-3.4768,1.7058,3.1319
34.8465,Combined,-0.0637,1.5408,-2.9364,-0.3480,0.1024,0.9319,,0.0000,0.0000,0.0000
34.9190,Left,0.3650,1.5280,-2.7719,-0.4485,0.0175,0.8936,,0.0000,0.0000,0.0000
34.9190,Right,-0.0645,1.5405,-2.9361,-0.4958,0.0198,0.8682,item 3-3,-3.5011,1.6778,3.0814
34.9190,Combined,-0.0645,1.5405,-2.9361,-0.3528,0.0985,0.9305,,0.0000,0.0000,0.0000
34.9997,Left,0.3650,1.5277,-2.7723,-0.4286,0.0218,0.9032,,0.0000,0.0000,0.0000
34.9997,Right,-0.0648,1.5402,-2.9358,-0.4766,0.0239,0.8788,item 3-3,-3.3959,1.7073,3.2071
34.9997,Combined,-0.0648,1.5402,-2.9358,-0.3515,0.0947,0.9314,,0.0000,0.0000,0.0000
35.0719,Left,0.3677,1.5264,-2.7764,-0.4228,0.0264,0.9058,,0.0000,0.0000,0.0000
35.0719,Right,-0.0638,1.5402,-2.9352,-0.4709,0.0286,0.8817,item 3-3,-3.3826,1.7421,3.2788
35.0719,Combined,-0.0638,1.5402,-2.9352,-0.3411,0.0950,0.9352,,0.0000,0.0000,0.0000
35.1512,Left,0.3736,1.5262,-2.7867,-0.4042,0.0332,0.9141,,0.0000,0.0000,0.0000
35.1512,Right,-0.0617,1.5411,-2.9347,-0.4527,0.0356,0.8909,item 3-3,-3.3367,1.7988,3.5101
35.1512,Combined,-0.0617,1.5411,-2.9347,-0.3169,0.1040,0.9427,,0.0000,0.0000,0.0000
35.2232,Left,0.3850,1.5289,-2.8093,-0.2914,-0.0958,0.9518,,0.0000,0.0000,0.0000
35.2232,Right,-0.0572,1.5442,-2.9350,-0.3439,-0.0935,0.9343,,0.0000,0.0000,0.0000
35.2232,Combined,-0.0572,1.5442,-2.9350,-0.2665,0.1358,0.9542,,0.0000,0.0000,0.0000
35.2918,Left,0.3971,1.5326,-2.8376,-0.0915,-0.2488,0.9642,,0.0000,0.0000,0.0000
35.2918,Right,-0.0519,1.5477,-2.9366,-0.1477,-0.2492,0.9571,,0.0000,0.0000,0.0000
35.2918,Combined,-0.0519,1.5477,-2.9366,-0.2067,0.1733,0.9629,,0.0000,0.0000,0.0000
35.3493,Left,0.4084,1.5369,-2.8704,-0.0262,-0.3667,0.9300,,0.0000,0.0000,0.0000
35.3493,Right,-0.0461,1.5518,-2.9398,-0.0846,-0.3678,0.9261,,0.0000,0.0000,0.0000
35.3493,Combined,-0.0461,1.5518,-2.9398,-0.1402,0.2195,0.9655,,0.0000,0.0000,0.0000
35.4180,Left,0.4158,1.5394,-2.8965,0.0358,-0.4098,0.9115,,0.0000,0.0000,0.0000
35.4180,Right,-0.0415,1.5551,-2.9434,-0.0237,-0.4115,0.9111,,0.0000,0.0000,0.0000
35.4180,Combined,-0.0415,1.5551,-2.9434,-0.0898,0.2570,0.9622,,0.0000,0.0000,0.0000
35.4875,Left,0.4221,1.5412,-2.9238,0.0372,-0.3913,0.9195,,0.0000,0.0000,0.0000
35.4875,Right,-0.0370,1.5574,-2.9481,-0.0226,-0.3916,0.9199,,0.0000,0.0000,0.0000
35.4875,Combined,-0.0370,1.5574,-2.9481,-0.0406,0.2837,0.9580,,0.0000,0.0000,0.0000
35.5458,Left,0.4257,1.5398,-2.9425,0.0573,-0.3764,0.9247,,0.0000,0.0000,0.0000
35.5458,Right,-0.0339,1.5574,-2.9518,-0.0022,-0.3762,0.9265,,0.0000,0.0000,0.0000
35.5458,Combined,-0.0339,1.5574,-2.9518,-0.0085,0.2837,0.9589,,0.0000,0.0000,0.0000
35.6140,Left,0.4274,1.5369,-2.9525,0.0462,-0.3994,0.9156,,0.0000,0.0000,0.0000
35.6140,Right,-0.0322,1.5563,-2.9536,-0.0136,-0.3983,0.9172,,0.0000,0.0000,0.0000
35.6140,Combined,-0.0322,1.5563,-2.9536,0.0091,0.2718,0.9623,,0.0000,0.0000,0.0000
35.6838,Left,0.4287,1.5342,-2.9592,0.0486,-0.4482,0.8926,,0.0000,0.0000,0.0000
35.6838,Right,-0.0308,1.5543,-2.9544,-0.0116,-0.4469,0.8945,,0.0000,0.0000,0.0000
35.6838,Combined,-0.0308,1.5543,-2.9544,0.0210,0.2482,0.9685,,0.0000,0.0000,0.0000
35.7368,Left,0.4290,1.5317,-2.9606,0.0632,-0.4680,0.8815,,0.0000,0.0000,0.0000
35.7368,Right,-0.0305,1.5528,-2.9537,0.0030,-0.4669,0.8843,,0.0000,0.0000,0.0000
35.7368,Combined,-0.0305,1.5528,-2.9537,0.0250,0.2297,0.9729,,0.0000,0.0000,0.0000
35.8143,Left,0.4287,1.5302,-2.9581,0.0451,-0.4899,0.8706,,0.0000,0.0000,0.0000
35.8143,Right,-0.0307,1.5516,-2.9527,-0.0153,-0.4884,0.8725,,0.0000,0.0000,0.0000
35.8143,Combined,-0.0307,1.5516,-2.9527,0.0214,0.2158,0.9762,,0.0000,0.0000,0.0000
35.8781,Left,0.4280,1.5298,-2.9530,0.0484,-0.4966,0.8666,,0.0000,0.0000,0.0000
35.8781,Right,-0.0316,1.5508,-2.9514,-0.0120,-0.4954,0.8686,,0.0000,0.0000,0.0000
35.8781,Combined,-0.0316,1.5508,-2.9514,0.0129,0.2064,0.9784,,0.0000,0.0000,0.0000
35.9319,Left,0.4270,1.5294,-2.9478,0.0319,-0.5025,0.8640,,0.0000,0.0000,0.0000
35.9319,Right,-0.0325,1.5502,-2.9503,-0.0285,-0.5011,0.8649,,0.0000,0.0000,0.0000
35.9319,Combined,-0.0325,1.5502,-2.9503,0.0036,0.1994,0.9799,,0.0000,0.0000,0.0000
36.0021,Left,0.4264,1.5292,-2.9448,0.0287,-0.4803,0.8766,,0.0000,0.0000,0.0000
36.0021,Right,-0.0331,1.5497,-2.9498,-0.0313,-0.4789,0.8773,,0.0000,0.0000,0.0000
36.0021,Combined,-0.0331,1.5497,-2.9498,-0.0019,0.1937,0.9811,,0.0000,0.0000,0.0000
36.0704,Left,0.4261,1.5290,-2.9431,0.0041,-0.5207,0.8537,,0.0000,0.0000,0.0000
36.0704,Right,-0.0334,1.5491,-2.9494,-0.0564,-0.5188,0.8530,,0.0000,0.0000,0.0000
36.0704,Combined,-0.0334,1.5491,-2.9494,-0.0052,0.1873,0.9823,,0.0000,0.0000,0.0000
36.1161,Left,0.4260,1.5282,-2.9426,0.0047,-0.5264,0.8502,,0.0000,0.0000,0.0000
36.1161,Right,-0.0335,1.5486,-2.9490,-0.0558,-0.5245,0.8496,,0.0000,0.0000,0.0000
36.1161,Combined,-0.0335,1.5486,-2.9490,-0.0057,0.1811,0.9834,,0.0000,0.0000,0.0000
36.1838,Left,0.4260,1.5280,-2.9425,0.0058,-0.5210,0.8535,,0.0000,0.0000,0.0000
36.1838,Right,-0.0335,1.5485,-2.9489,-0.0546,-0.5191,0.8529,,0.0000,0.0000,0.0000
36.1838,Combined,-0.0335,1.5485,-2.9489,-0.0056,0.1803,0.9836,,0.0000,0.0000,0.0000
36.2525,Left,0.4262,1.5277,-2.9423,0.0071,-0.5210,0.8535,,0.0000,0.0000,0.0000
36.2525,Right,-0.0333,1.5485,-2.9487,-0.0533,-0.5192,0.8530,,0.0000,0.0000,0.0000
36.2525,Combined,-0.0333,1.5485,-2.9487,-0.0055,0.1808,0.9835,,0.0000,0.0000,0.0000
36.3095,Left,0.4265,1.5272,-2.9423,0.0160,-0.5167,0.8560,,0.0000,0.0000,0.0000
36.3095,Right,-0.0330,1.5484,-2.9485,-0.0443,-0.5150,0.8560,,0.0000,0.0000,0.0000
36.3095,Combined,-0.0330,1.5484,-2.9485,-0.0048,0.1805,0.9836,,0.0000,0.0000,0.0000
36.3796,Left,0.4267,1.5266,-2.9426,0.0244,-0.5250,0.8507,,0.0000,0.0000,0.0000
36.3796,Right,-0.0327,1.5482,-2.9485,-0.0360,-0.5236,0.8512,,0.0000,0.0000,0.0000
36.3796,Combined,-0.0327,1.5482,-2.9485,-0.0041,0.1775,0.9841,,0.0000,0.0000,0.0000
36.4487,Left,0.4268,1.5260,-2.9426,0.0241,-0.5151,0.8568,,0.0000,0.0000,0.0000
36.4487,Right,-0.0326,1.5479,-2.9484,-0.0361,-0.5136,0.8573,,0.0000,0.0000,0.0000
36.4487,Combined,-0.0326,1.5479,-2.9484,-0.0042,0.1739,0.9848,,0.0000,0.0000,0.0000
36.5049,Left,0.4267,1.5259,-2.9419,0.0236,-0.5213,0.8530,,0.0000,0.0000,0.0000
36.5049,Right,-0.0327,1.5478,-2.9482,-0.0367,-0.5199,0.8535,,0.0000,0.0000,0.0000
36.5049,Combined,-0.0327,1.5478,-2.9482,-0.0053,0.1731,0.9849,,0.0000,0.0000,0.0000
36.5748,Left,0.4266,1.5263,-2.9412,0.0225,-0.5195,0.8542,,0.0000,0.0000,0.0000
36.5748,Right,-0.0328,1.5481,-2.9482,-0.0378,-0.5180,0.8545,,0.0000,0.0000,0.0000
36.5748,Combined,-0.0328,1.5481,-2.9482,-0.0068,0.1758,0.9844,,0.0000,0.0000,0.0000
36.6444,Left,0.4264,1.5269,-2.9403,0.0336,-0.5067,0.8615,,0.0000,0.0000,0.0000
36.6444,Right,-0.0331,1.5483,-2.9483,-0.0266,-0.5056,0.8623,,0.0000,0.0000,0.0000
36.6444,Combined,-0.0331,1.5483,-2.9483,-0.0088,0.1785,0.9839,,0.0000,0.0000,0.0000
36.6992,Left,0.4262,1.5267,-2.9390,0.0172,-0.0703,0.9974,,0.0000,0.0000,0.0000
36.6992,Right,-0.0332,1.5482,-2.9484,-0.0383,-0.0678,0.9970,,0.0000,0.0000,0.0000
36.6992,Combined,-0.0332,1.5482,-2.9484,-0.0118,0.1777,0.9840,,0.0000,0.0000,0.0000
36.7706,Left,0.4258,1.5258,-2.9368,-0.1110,0.0198,0.9936,,0.0000,0.0000,0.0000
36.7706,Right,-0.0335,1.5480,-2.9483,-0.1649,0.0232,0.9860,,0.0000,0.0000,0.0000
36.7706,Combined,-0.0335,1.5480,-2.9483,-0.0163,0.1762,0.9842,,0.0000,0.0000,0.0000
36.8373,Left,0.4255,1.5248,-2.9342,-0.1141,0.0572,0.9918,,0.0000,0.0000,0.0000
36.8373,Right,-0.0337,1.5480,-2.9482,-0.1677,0.0604,0.9840,,0.0000,0.0000,0.0000
36.8373,Combined,-0.0337,1.5480,-2.9482,-0.0211,0.1766,0.9841,,0.0000,0.0000,0.0000
36.8871,Left,0.4253,1.5237,-2.9323,-0.1098,0.0574,0.9923,,0.0000,0.0000,0.0000
36.8871,Right,-0.0338,1.5479,-2.9479,-0.1635,0.0607,0.9847,,0.0000,0.0000,0.0000
36.8871,Combined,-0.0338,1.5479,-2.9479,-0.0240,0.1771,0.9839,,0.0000,0.0000,0.0000
36.9649,Left,0.4253,1.5231,-2.9317,-0.1002,0.0540,0.9935,,0.0000,0.0000,0.0000
36.9649,Right,-0.0338,1.5480,-2.9477,-0.1540,0.0573,0.9864,,0.0000,0.0000,0.0000
36.9649,Combined,-0.0338,1.5480,-2.9477,-0.0246,0.1787,0.9836,,0.0000,0.0000,0.0000
37.0328,Left,0.4253,1.5229,-2.9311,0.0262,0.0465,0.9986,,0.0000,0.0000,0.0000
37.0328,Right,-0.0337,1.5483,-2.9475,-0.0283,0.0493,0.9984,,0.0000,0.0000,0.0000
37.0328,Combined,-0.0337,1.5483,-2.9475,-0.0249,0.1831,0.9828,,0.0000,0.0000,0.0000
37.0769,Left,0.4254,1.5225,-2.9314,0.0311,0.0476,0.9984,,0.0000,0.0000,0.0000
37.0769,Right,-0.0336,1.5483,-2.9474,-0.0235,0.0505,0.9984,,0.0000,0.0000,0.0000
37.0769,Combined,-0.0336,1.5483,-2.9474,-0.0240,0.1848,0.9825,,0.0000,0.0000,0.0000
37.1457,Left,0.4254,1.5223,-2.9319,0.0347,0.0406,0.9986,,0.0000,0.0000,0.0000
37.1457,Right,-0.0336,1.5483,-2.9475,-0.0199,0.0435,0.9989,,0.0000,0.0000,0.0000
37.1457,Combined,-0.0336,1.5483,-2.9475,-0.0229,0.1839,0.9827,,0.0000,0.0000,0.0000
37.2135,Left,0.4254,1.5225,-2.9324,0.0355,0.0376,0.9987,,0.0000,0.0000,0.0000
37.2135,Right,-0.0337,1.5481,-2.9474,-0.0191,0.0404,0.9990,,0.0000,0.0000,0.0000
37.2135,Combined,-0.0337,1.5481,-2.9474,-0.0220,0.1819,0.9831,,0.0000,0.0000,0.0000
37.2707,Left,0.4253,1.5230,-2.9325,0.0356,0.0309,0.9989,,0.0000,0.0000,0.0000
37.2707,Right,-0.0338,1.5478,-2.9471,-0.0190,0.0336,0.9993,,0.0000,0.0000,0.0000
37.2707,Combined,-0.0338,1.5478,-2.9471,-0.0215,0.1791,0.9836,,0.0000,0.0000,0.0000
37.3404,Left,0.4254,1.5233,-2.9337,0.0377,0.0333,0.9987,,0.0000,0.0000,0.0000
37.3404,Right,-0.0338,1.5477,-2.9468,-0.0169,0.0360,0.9992,,0.0000,0.0000,0.0000
37.3404,Combined,-0.0338,1.5477,-2.9468,-0.0188,0.1767,0.9841,,0.0000,0.0000,0.0000
37.4088,Left,0.4261,1.5244,-2.9379,0.0321,0.0319,0.9990,,0.0000,0.0000,0.0000
37.4088,Right,-0.0332,1.5476,-2.9465,-0.0226,0.0346,0.9991,,0.0000,0.0000,0.0000
37.4088,Combined,-0.0332,1.5476,-2.9465,-0.0097,0.1748,0.9846,,0.0000,0.0000,0.0000
37.4670,Left,0.4269,1.5256,-2.9421,0.0213,0.0317,0.9993,,0.0000,0.0000,0.0000
37.4670,Right,-0.0326,1.5477,-2.9462,-0.0333,0.0343,0.9989,,0.0000,0.0000,0.0000
37.4670,Combined,-0.0326,1.5477,-2.9462,-0.0004,0.1754,0.9845,,0.0000,0.0000,0.0000
37.5385,Left,0.4269,1.5266,-2.9427,0.0178,0.0339,0.9993,,0.0000,0.0000,0.0000
37.5385,Right,-0.0326,1.5481,-2.9461,-0.0369,0.0364,0.9987,,0.0000,0.0000,0.0000
37.5385,Combined,-0.0326,1.5481,-2.9461,0.0012,0.1783,0.9840,,0.0000,0.0000,0.0000
37.6040,Left,0.4264,1.5262,-2.9406,0.0158,0.0104,0.9998,,0.0000,0.0000,0.0000
37.6040,Right,-0.0330,1.5488,-2.9458,-0.0391,0.0130,0.9992,,0.0000,0.0000,0.0000
37.6040,Combined,-0.0330,1.5488,-2.9458,-0.0020,0.1847,0.9828,,0.0000,0.0000,0.0000
37.6608,Left,0.4257,1.5234,-2.9376,0.1231,-0.0674,0.9901,,0.0000,0.0000,0.0000
37.6608,Right,-0.0335,1.5492,-2.9457,0.0682,-0.0656,0.9955,,0.0000,0.0000,0.0000
37.6608,Combined,-0.0335,1.5492,-2.9457,-0.0066,0.1897,0.9818,,0.0000,0.0000,0.0000
37.7294,Left,0.4256,1.5208,-2.9368,0.0571,-0.0574,0.9967,,0.0000,0.0000,0.0000
37.7294,Right,-0.0334,1.5503,-2.9455,0.0017,-0.0545,0.9985,,0.0000,0.0000,0.0000
37.7294,Combined,-0.0334,1.5503,-2.9455,-0.0056,0.2017,0.9794,,0.0000,0.0000,0.0000
37.7928,Left,0.4266,1.5238,-2.9409,0.0289,0.0210,0.9994,,0.0000,0.0000,0.0000
37.7928,Right,-0.0325,1.5533,-2.9461,-0.0263,0.0245,0.9994,,0.0000,0.0000,0.0000
37.7928,Combined,-0.0325,1.5533,-2.9461,0.0044,0.2383,0.9712,,0.0000,0.0000,0.0000
37.8467,Left,0.4274,1.5275,-2.9463,0.0336,0.0747,0.9966,,0.0000,0.0000,0.0000
37.8467,Right,-0.0317,1.5563,-2.9477,-0.0214,0.0783,0.9967,,0.0000,0.0000,0.0000
37.8467,Combined,-0.0317,1.5563,-2.9477,0.0140,0.2716,0.9623,,0.0000,0.0000,0.0000
37.9149,Left,0.4277,1.5301,-2.9519,0.0341,0.0776,0.9964,,0.0000,0.0000,0.0000
37.9149,Right,-0.0316,1.5570,-2.9506,-0.0210,0.0809,0.9965,,0.0000,0.0000,0.0000
37.9149,Combined,-0.0316,1.5570,-2.9506,0.0191,0.2784,0.9603,,0.0000,0.0000,0.0000
37.9827,Left,0.4279,1.5306,-2.9558,0.0273,0.0159,0.9995,,0.0000,0.0000,0.0000
37.9827,Right,-0.0314,1.5553,-2.9522,-0.0281,0.0190,0.9994,,0.0000,0.0000,0.0000
37.9827,Combined,-0.0314,1.5553,-2.9522,0.0214,0.2596,0.9655,,0.0000,0.0000,0.0000
38.0361,Left,0.4282,1.5291,-2.9583,0.0243,-0.0169,0.9996,,0.0000,0.0000,0.0000
38.0361,Right,-0.0312,1.5518,-2.9529,-0.0310,-0.0140,0.9994,,0.0000,0.0000,0.0000
38.0361,Combined,-0.0312,1.5518,-2.9529,0.0224,0.2198,0.9753,,0.0000,0.0000,0.0000
38.1053,Left,0.4285,1.5280,-2.9580,0.0234,-0.0137,0.9996,,0.0000,0.0000,0.0000
38.1053,Right,-0.0310,1.5497,-2.9521,-0.0318,-0.0110,0.9994,,0.0000,0.0000,0.0000
38.1053,Combined,-0.0310,1.5497,-2.9521,0.0217,0.1947,0.9806,,0.0000,0.0000,0.0000
38.1776,Left,0.4287,1.5267,-2.9551,0.0322,0.0231,0.9992,,0.0000,0.0000,0.0000
38.1776,Right,-0.0307,1.5497,-2.9501,-0.0226,0.0259,0.9994,,0.0000,0.0000,0.0000
38.1776,Combined,-0.0307,1.5497,-2.9501,0.0205,0.1935,0.9809,,0.0000,0.0000,0.0000
38.2318,Left,0.4289,1.5258,-2.9525,0.1973,0.0347,0.9797,,0.0000,0.0000,0.0000
38.2318,Right,-0.0304,1.5506,-2.9483,0.1440,0.0367,0.9889,,0.0000,0.0000,0.0000
38.2318,Combined,-0.0304,1.5506,-2.9483,0.0199,0.2030,0.9790,,0.0000,0.0000,0.0000
38.3021,Left,0.4290,1.5247,-2.9509,0.1978,0.0216,0.9800,,0.0000,0.0000,0.0000
38.3021,Right,-0.0303,1.5500,-2.9474,0.1445,0.0237,0.9892,,0.0000,0.0000,0.0000
38.3021,Combined,-0.0303,1.5500,-2.9474,0.0183,0.1943,0.9808,,0.0000,0.0000,0.0000
38.3696,Left,0.4291,1.5213,-2.9508,0.1992,-0.0015,0.9799,,0.0000,0.0000,0.0000
38.3696,Right,-0.0301,1.5479,-2.9464,0.1460,0.0004,0.9893,,0.0000,0.0000,0.0000
38.3696,Combined,-0.0301,1.5479,-2.9464,0.0191,0.1675,0.9857,,0.0000,0.0000,0.0000
38.4263,Left,0.4296,1.5081,-2.9546,0.2065,-0.0450,0.9774,,0.0000,0.0000,0.0000
38.4263,Right,-0.0290,1.5422,-2.9450,0.1535,-0.0427,0.9872,,0.0000,0.0000,0.0000
38.4263,Combined,-0.0290,1.5422,-2.9450,0.0284,0.1042,0.9942,,0.0000,0.0000,0.0000
38.4986,Left,0.4301,1.4987,-2.9575,0.2092,-0.0552,0.9763,,0.0000,0.0000,0.0000
38.4986,Right,-0.0282,1.5351,-2.9431,0.1567,-0.0525,0.9863,,0.0000,0.0000,0.0000
38.4986,Combined,-0.0282,1.5351,-2.9431,0.0337,0.0281,0.9990,,0.0000,0.0000,0.0000
38.5670,Left,0.4298,1.4922,-2.9580,0.2110,-0.0889,0.9734,,0.0000,0.0000,0.0000
38.5670,Right,-0.0284,1.5276,-2.9392,0.1588,-0.0866,0.9835,,0.0000,0.0000,0.0000
38.5670,Combined,-0.0284,1.5276,-2.9392,0.0371,-0.0517,0.9980,,0.0000,0.0000,0.0000
38.6210,Left,0.4291,1.4889,-2.9549,0.0291,-0.0134,0.9995,,0.0000,0.0000,0.0000
38.6210,Right,-0.0290,1.5246,-2.9332,-0.0238,-0.0089,0.9997,,0.0000,0.0000,0.0000
38.6210,Combined,-0.0290,1.5246,-2.9332,0.0405,-0.0839,0.9956,,0.0000,0.0000,0.0000
38.7069,Left,0.4279,1.4868,-2.9492,0.0328,0.0306,0.9990,,0.0000,0.0000,0.0000
38.7069,Right,-0.0301,1.5234,-2.9274,-0.0197,0.0350,0.9992,,0.0000,0.0000,0.0000
38.7069,Combined,-0.0301,1.5234,-2.9274,0.0401,-0.0906,0.9951,,0.0000,0.0000,0.0000
38.7893,Left,0.4264,1.4863,-2.9424,0.0291,0.0343,0.9990,,0.0000,0.0000,0.0000
38.7893,Right,-0.0317,1.5218,-2.9219,-0.0232,0.0387,0.9990,,0.0000,0.0000,0.0000
38.7893,Combined,-0.0317,1.5218,-2.9219,0.0363,-0.1054,0.9938,,0.0000,0.0000,0.0000
38.8748,Left,0.4261,1.4874,-2.9379,0.0283,0.0247,0.9993,,0.0000,0.0000,0.0000
38.8748,Right,-0.0324,1.5191,-2.9189,-0.0240,0.0287,0.9993,,0.0000,0.0000,0.0000
38.8748,Combined,-0.0324,1.5191,-2.9189,0.0322,-0.1297,0.9910,,0.0000,0.0000,0.0000
38.9591,Left,0.4269,1.4886,-2.9365,0.0306,0.0314,0.9990,,0.0000,0.0000,0.0000
38.9591,Right,-0.0318,1.5182,-2.9190,-0.0215,0.0350,0.9992,,0.0000,0.0000,0.0000
38.9591,Combined,-0.0318,1.5182,-2.9190,0.0285,-0.1424,0.9894,,0.0000,0.0000,0.0000
39.1106,Left,0.4306,1.4912,-2.9382,0.0311,0.0559,0.9980,,0.0000,0.0000,0.0000
39.1106,Right,-0.0281,1.5207,-2.9207,-0.0211,0.0595,0.9980,,0.0000,0.0000,0.0000
39.1106,Combined,-0.0281,1.5207,-2.9207,0.0304,-0.1153,0.9929,,0.0000,0.0000,0.0000
39.1923,Left,0.4316,1.4926,-2.9387,0.0280,0.0788,0.9965,,0.0000,0.0000,0.0000
39.1923,Right,-0.0270,1.5243,-2.9223,-0.0243,0.0824,0.9963,,0.0000,0.0000,0.0000
39.1923,Combined,-0.0270,1.5243,-2.9223,0.0300,-0.0791,0.9964,,0.0000,0.0000,0.0000
39.2776,Left,0.4327,1.4957,-2.9413,0.0319,0.0773,0.9965,,0.0000,0.0000,0.0000
39.2776,Right,-0.0258,1.5295,-2.9243,-0.0208,0.0813,0.9965,,0.0000,0.0000,0.0000
39.2776,Combined,-0.0258,1.5295,-2.9243,0.0350,-0.0292,0.9990,,0.0000,0.0000,0.0000
39.3595,Left,0.4336,1.4999,-2.9478,0.0967,0.0418,0.9944,,0.0000,0.0000,0.0000
39.3595,Right,-0.0247,1.5336,-2.9262,0.0435,0.0457,0.9980,,0.0000,0.0000,0.0000
39.3595,Combined,-0.0247,1.5336,-2.9262,0.0481,0.0143,0.9987,,0.0000,0.0000,0.0000
39.4431,Left,0.4340,1.5031,-2.9541,0.1065,0.0471,0.9932,,0.0000,0.0000,0.0000
39.4431,Right,-0.0242,1.5351,-2.9282,0.0534,0.0507,0.9973,,0.0000,0.0000,0.0000
39.4431,Combined,-0.0242,1.5351,-2.9282,0.0584,0.0305,0.9978,,0.0000,0.0000,0.0000
39.5289,Left,0.4336,1.5031,-2.9555,0.1041,0.0306,0.9941,,0.0000,0.0000,0.0000
39.5289,Right,-0.0246,1.5355,-2.9296,0.0508,0.0342,0.9981,,0.0000,0.0000,0.0000
39.5289,Combined,-0.0246,1.5355,-2.9296,0.0587,0.0343,0.9977,,0.0000,0.0000,0.0000
39.6118,Left,0.4327,1.5014,-2.9528,0.0957,0.0290,0.9950,,0.0000,0.0000,0.0000
39.6118,Right,-0.0256,1.5352,-2.9304,0.0423,0.0328,0.9986,,0.0000,0.0000,0.0000
39.6118,Combined,-0.0256,1.5352,-2.9304,0.0512,0.0334,0.9981,,0.0000,0.0000,0.0000
39.6933,Left,0.4319,1.5008,-2.9496,0.0962,0.0224,0.9951,,0.0000,0.0000,0.0000
39.6933,Right,-0.0264,1.5350,-2.9310,0.0428,0.0263,0.9987,,0.0000,0.0000,0.0000
39.6933,Combined,-0.0264,1.5350,-2.9310,0.0431,0.0331,0.9985,,0.0000,0.0000,0.0000
39.7780,Left,0.4317,1.5012,-2.9492,0.0965,0.0320,0.9948,,0.0000,0.0000,0.0000
39.7780,Right,-0.0267,1.5352,-2.9316,0.0431,0.0358,0.9984,,0.0000,0.0000,0.0000
39.7780,Combined,-0.0267,1.5352,-2.9316,0.0408,0.0352,0.9985,,0.0000,0.0000,0.0000
39.8618,Left,0.4320,1.5010,-2.9500,0.1048,0.0323,0.9940,,0.0000,0.0000,0.0000
39.8618,Right,-0.0264,1.5351,-2.9321,0.0515,0.0361,0.9980,,0.0000,0.0000,0.0000
39.8618,Combined,-0.0264,1.5351,-2.9321,0.0415,0.0352,0.9985,,0.0000,0.0000,0.0000
39.9452,Left,0.4320,1.4994,-2.9505,0.0980,0.0245,0.9949,,0.0000,0.0000,0.0000
39.9452,Right,-0.0262,1.5349,-2.9327,0.0446,0.0284,0.9986,,0.0000,0.0000,0.0000
39.9452,Combined,-0.0262,1.5349,-2.9327,0.0413,0.0335,0.9986,,0.0000,0.0000,0.0000
40.0422,Left,0.4319,1.4980,-2.9506,0.1767,-0.0494,0.9830,,0.0000,0.0000,0.0000
40.0422,Right,-0.0263,1.5349,-2.9332,0.1236,-0.0462,0.9913,,0.0000,0.0000,0.0000
40.0422,Combined,-0.0263,1.5349,-2.9332,0.0407,0.0342,0.9986,,0.0000,0.0000,0.0000
40.1306,Left,0.4320,1.4984,-2.9506,0.3920,-0.2414,0.8877,,0.0000,0.0000,0.0000
40.1306,Right,-0.0263,1.5351,-2.9334,0.3434,-0.2442,0.9069,,0.0000,0.0000,0.0000
40.1306,Combined,-0.0263,1.5351,-2.9334,0.0405,0.0368,0.9985,,0.0000,0.0000,0.0000
40.2241,Left,0.4328,1.5000,-2.9523,0.3975,-0.2365,0.8866,,0.0000,0.0000,0.0000
40.2241,Right,-0.0253,1.5366,-2.9326,0.3490,-0.2391,0.9061,,0.0000,0.0000,0.0000
40.2241,Combined,-0.0253,1.5366,-2.9326,0.0469,0.0522,0.9975,,0.0000,0.0000,0.0000
40.3063,Left,0.4344,1.5026,-2.9555,0.3997,-0.2301,0.8873,,0.0000,0.0000,0.0000
40.3063,Right,-0.0236,1.5379,-2.9309,0.3510,-0.2327,0.9070,,0.0000,0.0000,0.0000
40.3063,Combined,-0.0236,1.5379,-2.9309,0.0592,0.0723,0.9956,,0.0000,0.0000,0.0000
40.4018,Left,0.4371,1.5060,-2.9603,0.4173,-0.1976,0.8870,,0.0000,0.0000,0.0000
40.4018,Right,-0.0203,1.5408,-2.9262,0.3689,-0.1996,0.9078,,0.0000,0.0000,0.0000
40.4018,Combined,-0.0203,1.5408,-2.9262,0.0823,0.1088,0.9907,,0.0000,0.0000,0.0000
40.4927,Left,0.4403,1.5114,-2.9623,0.1876,0.0485,0.9810,,0.0000,0.0000,0.0000
40.4927,Right,-0.0162,1.5477,-2.9184,0.1339,0.0524,0.9896,,0.0000,0.0000,0.0000
40.4927,Combined,-0.0162,1.5477,-2.9184,0.1087,0.1872,0.9763,,0.0000,0.0000,0.0000
40.6092,Left,0.4436,1.5186,-2.9536,0.1134,0.0775,0.9905,,0.0000,0.0000,0.0000
40.6092,Right,-0.0126,1.5545,-2.9068,0.0588,0.0819,0.9949,,0.0000,0.0000,0.0000
40.6092,Combined,-0.0126,1.5545,-2.9068,0.1188,0.2592,0.9585,,0.0000,0.0000,0.0000
40.6819,Left,0.4460,1.5227,-2.9431,0.0971,0.0450,0.9943,,0.0000,0.0000,0.0000
40.6819,Right,-0.0105,1.5558,-2.8968,0.0421,0.0492,0.9979,,0.0000,0.0000,0.0000
40.6819,Combined,-0.0105,1.5558,-2.8968,0.1166,0.2693,0.9560,,0.0000,0.0000,0.0000
40.7459,Left,0.4483,1.5256,-2.9330,0.0977,0.0386,0.9945,,0.0000,0.0000,0.0000
40.7459,Right,-0.0084,1.5566,-2.8874,0.0426,0.0425,0.9982,,0.0000,0.0000,0.0000
40.7459,Combined,-0.0084,1.5566,-2.8874,0.1138,0.2705,0.9560,,0.0000,0.0000,0.0000
40.8165,Left,0.4506,1.5265,-2.9231,0.0997,0.0252,0.9947,,0.0000,0.0000,0.0000
40.8165,Right,-0.0062,1.5562,-2.8776,0.0446,0.0290,0.9986,,0.0000,0.0000,0.0000
40.8165,Combined,-0.0062,1.5562,-2.8776,0.1121,0.2542,0.9606,,0.0000,0.0000,0.0000
40.8728,Left,0.4528,1.5286,-2.9132,0.1034,0.0056,0.9946,,0.0000,0.0000,0.0000
40.8728,Right,-0.0042,1.5549,-2.8681,0.0483,0.0090,0.9988,,0.0000,0.0000,0.0000
40.8728,Combined,-0.0042,1.5549,-2.8681,0.1089,0.2342,0.9661,,0.0000,0.0000,0.0000
40.9458,Left,0.4537,1.5291,-2.9057,0.0983,0.0165,0.9950,,0.0000,0.0000,0.0000
40.9458,Right,-0.0035,1.5533,-2.8615,0.0434,0.0196,0.9989,,0.0000,0.0000,0.0000
40.9458,Combined,-0.0035,1.5533,-2.8615,0.1053,0.2169,0.9705,,0.0000,0.0000,0.0000
41.0316,Left,0.4545,1.5308,-2.8976,0.0996,0.0118,0.9950,,0.0000,0.0000,0.0000
41.0316,Right,-0.0030,1.5517,-2.8545,0.0447,0.0146,0.9989,,0.0000,0.0000,0.0000
41.0316,Combined,-0.0030,1.5517,-2.8545,0.1010,0.2019,0.9742,,0.0000,0.0000,0.0000
41.1105,Left,0.4550,1.5335,-2.8892,0.0416,0.0418,0.9983,,0.0000,0.0000,0.0000
41.1105,Right,-0.0027,1.5517,-2.8474,-0.0130,0.0444,0.9989,,0.0000,0.0000,0.0000
41.1105,Combined,-0.0027,1.5517,-2.8474,0.0971,0.2021,0.9745,,0.0000,0.0000,0.0000
41.1779,Left,0.4553,1.5347,-2.8800,0.0074,0.0480,0.9988,,0.0000,0.0000,0.0000
41.1779,Right,-0.0026,1.5525,-2.8398,-0.0471,0.0506,0.9976,,0.0000,0.0000,0.0000
41.1779,Combined,-0.0026,1.5525,-2.8398,0.0935,0.2075,0.9738,,0.0000,0.0000,0.0000
41.2359,Left,0.4556,1.5355,-2.8729,0.0109,0.0497,0.9987,,0.0000,0.0000,0.0000
41.2359,Right,-0.0023,1.5531,-2.8331,-0.0437,0.0523,0.9977,,0.0000,0.0000,0.0000
41.2359,Combined,-0.0023,1.5531,-2.8331,0.0928,0.2128,0.9727,,0.0000,0.0000,0.0000
41.3054,Left,0.4560,1.5360,-2.8677,0.0077,0.0482,0.9988,,0.0000,0.0000,0.0000
41.3054,Right,-0.0019,1.5538,-2.8277,-0.0469,0.0509,0.9976,,0.0000,0.0000,0.0000
41.3054,Combined,-0.0019,1.5538,-2.8277,0.0935,0.2199,0.9710,,0.0000,0.0000,0.0000
41.3751,Left,0.4567,1.5378,-2.8610,0.0113,0.0632,0.9979,,0.0000,0.0000,0.0000
41.3751,Right,-0.0013,1.5553,-2.8213,-0.0433,0.0657,0.9969,,0.0000,0.0000,0.0000
41.3751,Combined,-0.0013,1.5553,-2.8213,0.0928,0.2381,0.9668,,0.0000,0.0000,0.0000
41.4308,Left,0.4579,1.5388,-2.8538,0.0121,0.0595,0.9982,,0.0000,0.0000,0.0000
41.4308,Right,-0.0002,1.5570,-2.8158,-0.0427,0.0620,0.9972,,0.0000,0.0000,0.0000
41.4308,Combined,-0.0002,1.5570,-2.8158,0.0900,0.2556,0.9626,,0.0000,0.0000,0.0000
41.5027,Left,0.4587,1.5382,-2.8495,0.0090,0.0461,0.9989,,0.0000,0.0000,0.0000
41.5027,Right,0.0007,1.5583,-2.8122,-0.0460,0.0490,0.9977,,0.0000,0.0000,0.0000
41.5027,Combined,0.0007,1.5583,-2.8122,0.0897,0.2629,0.9606,,0.0000,0.0000,0.0000
41.5851,Left,0.4594,1.5383,-2.8467,0.0082,0.0566,0.9984,,0.0000,0.0000,0.0000
41.5851,Right,0.0014,1.5603,-2.8094,-0.0467,0.0596,0.9971,,0.0000,0.0000,0.0000
41.5851,Combined,0.0014,1.5603,-2.8094,0.0910,0.2727,0.9578,,0.0000,0.0000,0.0000
41.6540,Left,0.4599,1.5416,-2.8482,0.0192,0.0576,0.9982,,0.0000,0.0000,0.0000
41.6540,Right,0.0020,1.5626,-2.8101,-0.0360,0.0605,0.9975,,0.0000,0.0000,0.0000
41.6540,Combined,0.0020,1.5626,-2.8101,0.0927,0.2945,0.9512,,0.0000,0.0000,0.0000
41.7233,Left,0.4603,1.5415,-2.8517,0.0185,0.0744,0.9971,,0.0000,0.0000,0.0000
41.7233,Right,0.0025,1.5638,-2.8136,-0.0367,0.0773,0.9963,,0.0000,0.0000,0.0000
41.7233,Combined,0.0025,1.5638,-2.8136,0.0939,0.3151,0.9444,,0.0000,0.0000,0.0000
41.7793,Left,0.4600,1.5437,-2.8605,0.0268,0.0808,0.9964,,0.0000,0.0000,0.0000
41.7793,Right,0.0023,1.5654,-2.8194,-0.0286,0.0838,0.9961,,0.0000,0.0000,0.0000
41.7793,Combined,0.0023,1.5654,-2.8194,0.1002,0.3348,0.9369,,0.0000,0.0000,0.0000
41.8505,Left,0.4588,1.5475,-2.8675,0.1638,0.0644,0.9844,,0.0000,0.0000,0.0000
41.8505,Right,0.0012,1.5665,-2.8246,0.1086,0.0666,0.9919,,0.0000,0.0000,0.0000
41.8505,Combined,0.0012,1.5665,-2.8246,0.1019,0.3489,0.9316,,0.0000,0.0000,0.0000
41.9211,Left,0.4568,1.5503,-2.8747,0.1969,0.0544,0.9789,,0.0000,0.0000,0.0000
41.9211,Right,-0.0008,1.5672,-2.8308,0.1418,0.0562,0.9883,,0.0000,0.0000,0.0000
41.9211,Combined,-0.0008,1.5672,-2.8308,0.1022,0.3590,0.9277,,0.0000,0.0000,0.0000
41.9741,Left,0.4556,1.5529,-2.8827,0.2007,0.0388,0.9789,,0.0000,0.0000,0.0000
41.9741,Right,-0.0018,1.5665,-2.8361,0.1455,0.0402,0.9885,,0.0000,0.0000,0.0000
41.9741,Combined,-0.0018,1.5665,-2.8361,0.1053,0.3598,0.9271,,0.0000,0.0000,0.0000
42.0451,Left,0.4556,1.5501,-2.8902,0.2076,0.0333,0.9777,,0.0000,0.0000,0.0000
42.0451,Right,-0.0013,1.5652,-2.8394,0.1524,0.0347,0.9877,,0.0000,0.0000,0.0000
42.0451,Combined,-0.0013,1.5652,-2.8394,0.1147,0.3620,0.9251,,0.0000,0.0000,0.0000
42.1141,Left,0.4561,1.5467,-2.8958,0.2020,0.0407,0.9785,,0.0000,0.0000,0.0000
42.1141,Right,-0.0004,1.5643,-2.8419,0.1467,0.0425,0.9883,,0.0000,0.0000,0.0000
42.1141,Combined,-0.0004,1.5643,-2.8419,0.1229,0.3715,0.9203,,0.0000,0.0000,0.0000
42.1813,Left,0.4567,1.5448,-2.8960,0.0353,0.0420,0.9985,,0.0000,0.0000,0.0000
42.1813,Right,0.0002,1.5637,-2.8425,-0.0206,0.0448,0.9988,,0.0000,0.0000,0.0000
42.1813,Combined,0.0002,1.5637,-2.8425,0.1233,0.3692,0.9211,,0.0000,0.0000,0.0000
42.2567,Left,0.4572,1.5426,-2.8908,0.0170,0.0329,0.9993,,0.0000,0.0000,0.0000
42.2567,Right,0.0002,1.5622,-2.8414,-0.0387,0.0359,0.9986,,0.0000,0.0000,0.0000
42.2567,Combined,0.0002,1.5622,-2.8414,0.1155,0.3560,0.9273,,0.0000,0.0000,0.0000
42.3267,Left,0.4573,1.5415,-2.8813,0.0046,0.0101,0.9999,,0.0000,0.0000,0.0000
42.3267,Right,-0.0005,1.5602,-2.8399,-0.0512,0.0130,0.9986,,0.0000,0.0000,0.0000
42.3267,Combined,-0.0005,1.5602,-2.8399,0.0985,0.3373,0.9362,,0.0000,0.0000,0.0000
42.3922,Left,0.4571,1.5408,-2.8753,0.0065,0.0342,0.9994,,0.0000,0.0000,0.0000
42.3922,Right,-0.0011,1.5617,-2.8397,-0.0494,0.0371,0.9981,,0.0000,0.0000,0.0000
42.3922,Combined,-0.0011,1.5617,-2.8397,0.0886,0.3554,0.9305,,0.0000,0.0000,0.0000
42.4592,Left,0.4568,1.5423,-2.8704,0.0250,0.0487,0.9985,,0.0000,0.0000,0.0000
42.4592,Right,-0.0018,1.5638,-2.8411,-0.0310,0.0516,0.9982,,0.0000,0.0000,0.0000
42.4592,Combined,-0.0018,1.5638,-2.8411,0.0764,0.3702,0.9258,,0.0000,0.0000,0.0000
42.5175,Left,0.4569,1.5438,-2.8695,0.0264,0.0546,0.9982,,0.0000,0.0000,0.0000
42.5175,Right,-0.0018,1.5656,-2.8438,-0.0296,0.0574,0.9979,,0.0000,0.0000,0.0000
42.5175,Combined,-0.0018,1.5656,-2.8438,0.0698,0.3803,0.9222,,0.0000,0.0000,0.0000
42.5892,Left,0.4579,1.5420,-2.8740,0.0285,0.0358,0.9990,,0.0000,0.0000,0.0000
42.5892,Right,-0.0006,1.5667,-2.8470,-0.0278,0.0390,0.9989,,0.0000,0.0000,0.0000
42.5892,Combined,-0.0006,1.5667,-2.8470,0.0752,0.3901,0.9177,,0.0000,0.0000,0.0000
42.6611,Left,0.4591,1.5375,-2.8840,0.0488,0.0393,0.9980,,0.0000,0.0000,0.0000
42.6611,Right,0.0013,1.5671,-2.8509,-0.0075,0.0432,0.9990,,0.0000,0.0000,0.0000
42.6611,Combined,0.0013,1.5671,-2.8509,0.0917,0.3970,0.9132,,0.0000,0.0000,0.0000
42.7226,Left,0.4593,1.5396,-2.8925,0.0585,0.0261,0.9979,,0.0000,0.0000,0.0000
42.7226,Right,0.0018,1.5660,-2.8532,0.0022,0.0297,0.9996,,0.0000,0.0000,0.0000
42.7226,Combined,0.0018,1.5660,-2.8532,0.1009,0.3837,0.9179,,0.0000,0.0000,0.0000
42.7785,Left,0.4593,1.5403,-2.8969,0.0638,-0.0162,0.9978,,0.0000,0.0000,0.0000
42.7785,Right,0.0019,1.5623,-2.8528,0.0076,-0.0129,0.9999,,0.0000,0.0000,0.0000
42.7785,Combined,0.0019,1.5623,-2.8528,0.1064,0.3413,0.9339,,0.0000,0.0000,0.0000
42.8488,Left,0.4592,1.5380,-2.8934,-0.0559,-0.0134,0.9983,,0.0000,0.0000,0.0000
42.8488,Right,0.0017,1.5587,-2.8505,-0.1109,-0.0095,0.9938,,0.0000,0.0000,0.0000
42.8488,Combined,0.0017,1.5587,-2.8505,0.1025,0.3040,0.9471,,0.0000,0.0000,0.0000
42.9184,Left,0.4586,1.5348,-2.8818,-0.1821,0.0004,0.9833,,0.0000,0.0000,0.0000
42.9184,Right,0.0003,1.5534,-2.8466,-0.2341,0.0047,0.9722,item 2-2,-3.6768,1.6279,12.4256
42.9184,Combined,0.0003,1.5534,-2.8466,0.0843,0.2509,0.9643,,0.0000,0.0000,0.0000
42.9767,Left,0.4576,1.5324,-2.8670,-0.2053,0.0007,0.9787,,0.0000,0.0000,0.0000
42.9767,Right,-0.0014,1.5489,-2.8424,-0.2567,0.0048,0.9665,,0.0000,0.0000,0.0000
42.9767,Combined,-0.0014,1.5489,-2.8424,0.0598,0.2037,0.9772,,0.0000,0.0000,0.0000
43.0462,Left,0.4571,1.5314,-2.8570,-0.1972,0.0393,0.9796,,0.0000,0.0000,0.0000
43.0462,Right,-0.0023,1.5470,-2.8393,-0.2486,0.0425,0.9677,,0.0000,0.0000,0.0000
43.0462,Combined,-0.0023,1.5470,-2.8393,0.0442,0.1852,0.9817,,0.0000,0.0000,0.0000
43.1148,Left,0.4571,1.5299,-2.8473,-0.1804,0.0739,0.9808,,0.0000,0.0000,0.0000
43.1148,Right,-0.0025,1.5452,-2.8362,-0.2320,0.0765,0.9697,,0.0000,0.0000,0.0000
43.1148,Combined,-0.0025,1.5452,-2.8362,0.0295,0.1692,0.9851,,0.0000,0.0000,0.0000
43.1733,Left,0.4577,1.5282,-2.8409,-0.1755,0.0731,0.9818,,0.0000,0.0000,0.0000
43.1733,Right,-0.0019,1.5446,-2.8338,-0.2273,0.0758,0.9709,,0.0000,0.0000,0.0000
43.1733,Combined,-0.0019,1.5446,-2.8338,0.0213,0.1665,0.9858,,0.0000,0.0000,0.0000
43.2430,Left,0.4584,1.5262,-2.8383,-0.1678,0.0857,0.9821,,0.0000,0.0000,0.0000
43.2430,Right,-0.0012,1.5442,-2.8324,-0.2198,0.0883,0.9715,,0.0000,0.0000,0.0000
43.2430,Combined,-0.0012,1.5442,-2.8324,0.0190,0.1638,0.9863,,0.0000,0.0000,0.0000
43.3103,Left,0.4594,1.5233,-2.8377,-0.1658,0.0906,0.9820,,0.0000,0.0000,0.0000
43.3103,Right,-0.0001,1.5439,-2.8315,-0.2177,0.0935,0.9715,,0.0000,0.0000,0.0000
43.3103,Combined,-0.0001,1.5439,-2.8315,0.0208,0.1647,0.9861,,0.0000,0.0000,0.0000
43.3687,Left,0.4602,1.5213,-2.8391,-0.1610,0.0920,0.9827,,0.0000,0.0000,0.0000
43.3687,Right,0.0008,1.5440,-2.8316,-0.2130,0.0951,0.9724,,0.0000,0.0000,0.0000
43.3687,Combined,0.0008,1.5440,-2.8316,0.0243,0.1669,0.9857,,0.0000,0.0000,0.0000
43.4362,Left,0.4606,1.5203,-2.8406,-0.1611,0.0905,0.9828,,0.0000,0.0000,0.0000
43.4362,Right,0.0013,1.5437,-2.8322,-0.2130,0.0938,0.9725,,0.0000,0.0000,0.0000
43.4362,Combined,0.0013,1.5437,-2.8322,0.0264,0.1639,0.9861,,0.0000,0.0000,0.0000
43.5068,Left,0.4610,1.5204,-2.8445,-0.1545,0.0921,0.9837,,0.0000,0.0000,0.0000
43.5068,Right,0.0017,1.5432,-2.8326,-0.2065,0.0953,0.9738,,0.0000,0.0000,0.0000
43.5068,Combined,0.0017,1.5432,-2.8326,0.0336,0.1605,0.9865,,0.0000,0.0000,0.0000
43.5616,Left,0.4615,1.5226,-2.8518,-0.1394,0.0910,0.9860,,0.0000,0.0000,0.0000
43.5616,Right,0.0023,1.5431,-2.8330,-0.1916,0.0940,0.9770,,0.0000,0.0000,0.0000
43.5616,Combined,0.0023,1.5431,-2.8330,0.0477,0.1612,0.9858,,0.0000,0.0000,0.0000
43.6340,Left,0.4618,1.5251,-2.8594,0.0550,0.0524,0.9971,,0.0000,0.0000,0.0000
43.6340,Right,0.0029,1.5436,-2.8335,0.0006,0.0548,0.9985,,0.0000,0.0000,0.0000
43.6340,Combined,0.0029,1.5436,-2.8335,0.0622,0.1661,0.9841,,0.0000,0.0000,0.0000
43.6996,Left,0.4618,1.5270,-2.8680,0.0581,0.0611,0.9964,,0.0000,0.0000,0.0000
43.6996,Right,0.0034,1.5443,-2.8342,0.0037,0.0634,0.9980,,0.0000,0.0000,0.0000
43.6996,Combined,0.0034,1.5443,-2.8342,0.0789,0.1733,0.9817,,0.0000,0.0000,0.0000
43.7576,Left,0.4614,1.5282,-2.8730,0.0543,0.0633,0.9965,,0.0000,0.0000,0.0000
43.7576,Right,0.0033,1.5451,-2.8348,-0.0001,0.0656,0.9978,,0.0000,0.0000,0.0000
43.7576,Combined,0.0033,1.5451,-2.8348,0.0884,0.1809,0.9795,,0.0000,0.0000,0.0000
43.8296,Left,0.4607,1.5303,-2.8726,0.0366,0.0693,0.9969,,0.0000,0.0000,0.0000
43.8296,Right,0.0025,1.5460,-2.8352,-0.0177,0.0715,0.9973,,0.0000,0.0000,0.0000
43.8296,Combined,0.0025,1.5460,-2.8352,0.0864,0.1909,0.9778,,0.0000,0.0000,0.0000
43.8963,Left,0.4593,1.5319,-2.8673,0.0233,0.0813,0.9964,,0.0000,0.0000,0.0000
43.8963,Right,0.0006,1.5475,-2.8362,-0.0311,0.0833,0.9960,,0.0000,0.0000,0.0000
43.8963,Combined,0.0006,1.5475,-2.8362,0.0732,0.2075,0.9755,,0.0000,0.0000,0.0000
43.9523,Left,0.4583,1.5315,-2.8643,-0.0106,0.0866,0.9962,,0.0000,0.0000,0.0000
43.9523,Right,-0.0006,1.5494,-2.8380,-0.0650,0.0890,0.9939,,0.0000,0.0000,0.0000
43.9523,Combined,-0.0006,1.5494,-2.8380,0.0645,0.2282,0.9715,,0.0000,0.0000,0.0000
44.0219,Left,0.4578,1.5316,-2.8640,0.0066,0.0581,0.9983,,0.0000,0.0000,0.0000
44.0219,Right,-0.0012,1.5505,-2.8395,-0.0482,0.0607,0.9970,,0.0000,0.0000,0.0000
44.0219,Combined,-0.0012,1.5505,-2.8395,0.0617,0.2396,0.9689,,0.0000,0.0000,0.0000
44.0897,Left,0.4578,1.5309,-2.8664,0.0071,0.0540,0.9985,,0.0000,0.0000,0.0000
44.0897,Right,-0.0011,1.5503,-2.8405,-0.0477,0.0567,0.9973,,0.0000,0.0000,0.0000
44.0897,Combined,-0.0011,1.5503,-2.8405,0.0648,0.2370,0.9694,,0.0000,0.0000,0.0000
44.1474,Left,0.4586,1.5300,-2.8725,0.0242,0.0394,0.9989,,0.0000,0.0000,0.0000
44.1474,Right,0.0001,1.5493,-2.8406,-0.0307,0.0421,0.9986,,0.0000,0.0000,0.0000
44.1474,Combined,0.0001,1.5493,-2.8406,0.0772,0.2266,0.9709,,0.0000,0.0000,0.0000
44.2181,Left,0.4592,1.5297,-2.8765,0.0162,0.0647,0.9978,,0.0000,0.0000,0.0000
44.2181,Right,0.0010,1.5484,-2.8404,-0.0383,0.0673,0.9970,,0.0000,0.0000,0.0000
44.2181,Combined,0.0010,1.5484,-2.8404,0.0854,0.2177,0.9723,,0.0000,0.0000,0.0000
44.2875,Left,0.4595,1.5299,-2.8757,0.0000,0.0763,0.9971,,0.0000,0.0000,0.0000
44.2875,Right,0.0013,1.5483,-2.8399,-0.0543,0.0788,0.9954,,0.0000,0.0000,0.0000
44.2875,Combined,0.0013,1.5483,-2.8399,0.0847,0.2180,0.9723,,0.0000,0.0000,0.0000
44.3441,Left,0.4593,1.5296,-2.8696,-0.0110,0.0814,0.9966,,0.0000,0.0000,0.0000
44.3441,Right,0.0006,1.5486,-2.8394,-0.0653,0.0840,0.9943,,0.0000,0.0000,0.0000
44.3441,Combined,0.0006,1.5486,-2.8394,0.0732,0.2199,0.9728,,0.0000,0.0000,0.0000
44.4121,Left,0.4588,1.5286,-2.8633,-0.1880,0.2174,0.9578,,0.0000,0.0000,0.0000
44.4121,Right,-0.0001,1.5484,-2.8388,-0.2383,0.2185,0.9463,,0.0000,0.0000,0.0000
44.4121,Combined,-0.0001,1.5484,-2.8388,0.0613,0.2170,0.9742,,0.0000,0.0000,0.0000
44.4806,Left,0.4584,1.5276,-2.8566,-0.1999,0.2285,0.9528,,0.0000,0.0000,0.0000
44.4806,Right,-0.0007,1.5475,-2.8376,-0.2498,0.2294,0.9407,,0.0000,0.0000,0.0000
44.4806,Combined,-0.0007,1.5475,-2.8376,0.0496,0.2091,0.9766,,0.0000,0.0000,0.0000
44.5380,Left,0.4581,1.5266,-2.8525,-0.1918,0.2248,0.9553,,0.0000,0.0000,0.0000
44.5380,Right,-0.0011,1.5466,-2.8365,-0.2421,0.2259,0.9436,,0.0000,0.0000,0.0000
44.5380,Combined,-0.0011,1.5466,-2.8365,0.0428,0.2022,0.9784,,0.0000,0.0000,0.0000
44.6086,Left,0.4580,1.5261,-2.8510,-0.2021,0.2495,0.9471,,0.0000,0.0000,0.0000
44.6086,Right,-0.0013,1.5464,-2.8361,-0.2519,0.2502,0.9349,,0.0000,0.0000,0.0000
44.6086,Combined,-0.0013,1.5464,-2.8361,0.0406,0.2006,0.9788,,0.0000,0.0000,0.0000
44.6750,Left,0.4579,1.5260,-2.8491,-0.3215,0.4116,0.8528,,0.0000,0.0000,0.0000
44.6750,Right,-0.0014,1.5464,-2.8358,-0.3661,0.4081,0.8363,,0.0000,0.0000,0.0000
44.6750,Combined,-0.0014,1.5464,-2.8358,0.0373,0.2017,0.9787,,0.0000,0.0000,0.0000
44.7344,Left,0.4576,1.5256,-2.8454,-0.3266,0.4151,0.8492,,0.0000,0.0000,0.0000
44.7344,Right,-0.0018,1.5466,-2.8357,-0.3711,0.4115,0.8324,,0.0000,0.0000,0.0000
44.7344,Combined,-0.0018,1.5466,-2.8357,0.0300,0.2049,0.9783,,0.0000,0.0000,0.0000
44.8213,Left,0.4572,1.5246,-2.8400,-0.3261,0.4129,0.8504,,0.0000,0.0000,0.0000
44.8213,Right,-0.0023,1.5467,-2.8357,-0.3708,0.4097,0.8335,,0.0000,0.0000,0.0000
44.8213,Combined,-0.0023,1.5467,-2.8357,0.0193,0.2087,0.9778,,0.0000,0.0000,0.0000
44.9083,Left,0.4564,1.5227,-2.8332,-0.3344,0.4169,0.8452,,0.0000,0.0000,0.0000
44.9083,Right,-0.0029,1.5468,-2.8356,-0.3790,0.4138,0.8277,,0.0000,0.0000,0.0000
44.9083,Combined,-0.0029,1.5468,-2.8356,0.0060,0.2102,0.9776,,0.0000,0.0000,0.0000
44.9802,Left,0.4555,1.5214,-2.8281,-0.3299,0.4166,0.8471,,0.0000,0.0000,0.0000
44.9802,Right,-0.0038,1.5467,-2.8356,-0.3748,0.4139,0.8296,,0.0000,0.0000,0.0000
44.9802,Combined,-0.0038,1.5467,-2.8356,-0.0045,0.2101,0.9777,,0.0000,0.0000,0.0000
45.0509,Left,0.4549,1.5217,-2.8259,-0.3272,0.4199,0.8465,,0.0000,0.0000,0.0000
45.0509,Right,-0.0044,1.5466,-2.8355,-0.3722,0.4173,0.8291,,0.0000,0.0000,0.0000
45.0509,Combined,-0.0044,1.5466,-2.8355,-0.0090,0.2095,0.9778,,0.0000,0.0000,0.0000
45.1070,Left,0.4546,1.5224,-2.8259,-0.3273,0.4209,0.8460,,0.0000,0.0000,0.0000
45.1070,Right,-0.0047,1.5466,-2.8353,-0.3723,0.4182,0.8286,,0.0000,0.0000,0.0000
45.1070,Combined,-0.0047,1.5466,-2.8353,-0.0089,0.2093,0.9778,,0.0000,0.0000,0.0000
45.1774,Left,0.4545,1.5224,-2.8264,-0.3215,0.4187,0.8493,,0.0000,0.0000,0.0000
45.1774,Right,-0.0048,1.5465,-2.8352,-0.3668,0.4161,0.8320,,0.0000,0.0000,0.0000
45.1774,Combined,-0.0048,1.5465,-2.8352,-0.0078,0.2088,0.9779,,0.0000,0.0000,0.0000
45.2605,Left,0.4546,1.5223,-2.8272,-0.2673,0.4074,0.8733,,0.0000,0.0000,0.0000
45.2605,Right,-0.0047,1.5464,-2.8348,-0.3145,0.4058,0.8582,,0.0000,0.0000,0.0000
45.2605,Combined,-0.0047,1.5464,-2.8348,-0.0053,0.2078,0.9782,,0.0000,0.0000,0.0000
45.3306,Left,0.4549,1.5230,-2.8301,0.0955,0.2212,0.9705,,0.0000,0.0000,0.0000
45.3306,Right,-0.0044,1.5464,-2.8349,0.0423,0.2243,0.9736,,0.0000,0.0000,0.0000
45.3306,Combined,-0.0044,1.5464,-2.8349,0.0005,0.2078,0.9782,,0.0000,0.0000,0.0000
45.4012,Left,0.4554,1.5260,-2.8343,0.0950,0.0546,0.9940,,0.0000,0.0000,0.0000
45.4012,Right,-0.0041,1.5470,-2.8353,0.0405,0.0569,0.9976,,0.0000,0.0000,0.0000
45.4012,Combined,-0.0041,1.5470,-2.8353,0.0076,0.2140,0.9768,,0.0000,0.0000,0.0000
45.4545,Left,0.4554,1.5336,-2.8366,-0.0268,0.0282,0.9992,,0.0000,0.0000,0.0000
45.4545,Right,-0.0043,1.5485,-2.8365,-0.0818,0.0303,0.9962,,0.0000,0.0000,0.0000
45.4545,Combined,-0.0043,1.5485,-2.8365,0.0076,0.2270,0.9739,,0.0000,0.0000,0.0000
45.5243,Left,0.4547,1.5364,-2.8367,-0.0578,0.0740,0.9956,,0.0000,0.0000,0.0000
45.5243,Right,-0.0051,1.5498,-2.8379,-0.1122,0.0759,0.9908,,0.0000,0.0000,0.0000
45.5243,Combined,-0.0051,1.5498,-2.8379,0.0045,0.2401,0.9707,,0.0000,0.0000,0.0000
45.5935,Left,0.4541,1.5380,-2.8383,-0.0466,0.0860,0.9952,,0.0000,0.0000,0.0000
45.5935,Right,-0.0057,1.5507,-2.8396,-0.1011,0.0877,0.9910,,0.0000,0.0000,0.0000
45.5935,Combined,-0.0057,1.5507,-2.8396,0.0041,0.2497,0.9683,,0.0000,0.0000,0.0000
45.6509,Left,0.4544,1.5385,-2.8425,-0.0385,0.0786,0.9962,,0.0000,0.0000,0.0000
45.6509,Right,-0.0054,1.5508,-2.8407,-0.0932,0.0803,0.9924,,0.0000,0.0000,0.0000
45.6509,Combined,-0.0054,1.5508,-2.8407,0.0103,0.2510,0.9679,,0.0000,0.0000,0.0000
45.7206,Left,0.4550,1.5385,-2.8463,-0.0328,0.0754,0.9966,,0.0000,0.0000,0.0000
45.7206,Right,-0.0048,1.5507,-2.8413,-0.0875,0.0771,0.9932,,0.0000,0.0000,0.0000
45.7206,Combined,-0.0048,1.5507,-2.8413,0.0172,0.2502,0.9680,,0.0000,0.0000,0.0000
45.8072,Left,0.4556,1.5403,-2.8491,0.0241,0.0457,0.9987,,0.0000,0.0000,0.0000
45.8072,Right,-0.0042,1.5508,-2.8418,-0.0311,0.0472,0.9984,,0.0000,0.0000,0.0000
45.8072,Combined,-0.0042,1.5508,-2.8418,0.0210,0.2512,0.9677,,0.0000,0.0000,0.0000
45.8731,Left,0.4554,1.5469,-2.8496,0.0215,0.0428,0.9989,,0.0000,0.0000,0.0000
45.8731,Right,-0.0045,1.5515,-2.8422,-0.0338,0.0436,0.9985,,0.0000,0.0000,0.0000
45.8731,Combined,-0.0045,1.5515,-2.8422,0.0182,0.2568,0.9663,,0.0000,0.0000,0.0000
45.9416,Left,0.4553,1.5497,-2.8526,0.0213,0.0444,0.9988,,0.0000,0.0000,0.0000
45.9416,Right,-0.0046,1.5521,-2.8428,-0.0340,0.0448,0.9984,,0.0000,0.0000,0.0000
45.9416,Combined,-0.0046,1.5521,-2.8428,0.0219,0.2625,0.9647,,0.0000,0.0000,0.0000
45.9988,Left,0.4554,1.5486,-2.8555,0.0165,0.0455,0.9988,,0.0000,0.0000,0.0000
45.9988,Right,-0.0044,1.5526,-2.8436,-0.0388,0.0462,0.9982,,0.0000,0.0000,0.0000
45.9988,Combined,-0.0044,1.5526,-2.8436,0.0274,0.2688,0.9628,,0.0000,0.0000,0.0000
46.0692,Left,0.4556,1.5477,-2.8574,0.0135,0.0454,0.9989,,0.0000,0.0000,0.0000
46.0692,Right,-0.0042,1.5531,-2.8441,-0.0418,0.0463,0.9981,,0.0000,0.0000,0.0000
46.0692,Combined,-0.0042,1.5531,-2.8441,0.0310,0.2733,0.9614,,0.0000,0.0000,0.0000
46.1375,Left,0.4557,1.5465,-2.8589,0.0092,0.0418,0.9991,,0.0000,0.0000,0.0000
46.1375,Right,-0.0040,1.5534,-2.8448,-0.0461,0.0428,0.9980,,0.0000,0.0000,0.0000
46.1375,Combined,-0.0040,1.5534,-2.8448,0.0336,0.2771,0.9603,,0.0000,0.0000,0.0000
46.1933,Left,0.4555,1.5458,-2.8593,-0.0017,0.0444,0.9990,,0.0000,0.0000,0.0000
46.1933,Right,-0.0042,1.5535,-2.8452,-0.0570,0.0456,0.9973,,0.0000,0.0000,0.0000
46.1933,Combined,-0.0042,1.5535,-2.8452,0.0342,0.2783,0.9599,,0.0000,0.0000,0.0000
46.2644,Left,0.4553,1.5461,-2.8590,-0.0132,0.0441,0.9989,,0.0000,0.0000,0.0000
46.2644,Right,-0.0044,1.5537,-2.8451,-0.0684,0.0454,0.9966,,0.0000,0.0000,0.0000
46.2644,Combined,-0.0044,1.5537,-2.8451,0.0336,0.2774,0.9602,,0.0000,0.0000,0.0000
46.3325,Left,0.4551,1.5459,-2.8587,-0.0220,0.0324,0.9992,,0.0000,0.0000,0.0000
46.3325,Right,-0.0046,1.5533,-2.8447,-0.0772,0.0338,0.9964,,0.0000,0.0000,0.0000
46.3325,Combined,-0.0046,1.5533,-2.8447,0.0336,0.2733,0.9613,,0.0000,0.0000,0.0000
46.3895,Left,0.4550,1.5452,-2.8580,-0.0164,0.0257,0.9995,,0.0000,0.0000,0.0000
46.3895,Right,-0.0047,1.5527,-2.8440,-0.0716,0.0270,0.9971,,0.0000,0.0000,0.0000
46.3895,Combined,-0.0047,1.5527,-2.8440,0.0338,0.2670,0.9631,,0.0000,0.0000,0.0000
46.4585,Left,0.4551,1.5445,-2.8565,-0.0172,0.0251,0.9995,,0.0000,0.0000,0.0000
46.4585,Right,-0.0046,1.5521,-2.8431,-0.0724,0.0265,0.9970,,0.0000,0.0000,0.0000
46.4585,Combined,-0.0046,1.5521,-2.8431,0.0324,0.2602,0.9650,,0.0000,0.0000,0.0000
46.5293,Left,0.4551,1.5434,-2.8545,-0.0172,0.0257,0.9995,,0.0000,0.0000,0.0000
46.5293,Right,-0.0047,1.5514,-2.8421,-0.0724,0.0271,0.9970,,0.0000,0.0000,0.0000
46.5293,Combined,-0.0047,1.5514,-2.8421,0.0306,0.2526,0.9671,,0.0000,0.0000,0.0000
46.5840,Left,0.4551,1.5425,-2.8530,0.1335,0.0178,0.9909,,0.0000,0.0000,0.0000
46.5840,Right,-0.0047,1.5509,-2.8413,0.0786,0.0183,0.9967,,0.0000,0.0000,0.0000
46.5840,Combined,-0.0047,1.5509,-2.8413,0.0290,0.2477,0.9684,,0.0000,0.0000,0.0000
46.6546,Left,0.4551,1.5422,-2.8523,0.1782,-0.0347,0.9834,,0.0000,0.0000,0.0000
46.6546,Right,-0.0047,1.5507,-2.8409,0.1235,-0.0348,0.9917,,0.0000,0.0000,0.0000
46.6546,Combined,-0.0047,1.5507,-2.8409,0.0284,0.2455,0.9690,,0.0000,0.0000,0.0000
46.7217,Left,0.4552,1.5414,-2.8522,0.1104,-0.0216,0.9936,,0.0000,0.0000,0.0000
46.7217,Right,-0.0045,1.5505,-2.8407,0.0550,-0.0210,0.9983,,0.0000,0.0000,0.0000
46.7217,Combined,-0.0045,1.5505,-2.8407,0.0291,0.2432,0.9696,,0.0000,0.0000,0.0000
46.7807,Left,0.4554,1.5407,-2.8527,0.0989,0.0249,0.9948,,0.0000,0.0000,0.0000
46.7807,Right,-0.0043,1.5503,-2.8407,0.0439,0.0258,0.9987,,0.0000,0.0000,0.0000
46.7807,Combined,-0.0043,1.5503,-2.8407,0.0303,0.2420,0.9698,,0.0000,0.0000,0.0000
46.8500,Left,0.4554,1.5405,-2.8531,0.0787,0.0248,0.9966,,0.0000,0.0000,0.0000
46.8500,Right,-0.0043,1.5503,-2.8408,0.0235,0.0258,0.9994,,0.0000,0.0000,0.0000
46.8500,Combined,-0.0043,1.5503,-2.8408,0.0311,0.2416,0.9699,,0.0000,0.0000,0.0000
46.9181,Left,0.4553,1.5404,-2.8532,0.0828,0.0351,0.9959,,0.0000,0.0000,0.0000
46.9181,Right,-0.0044,1.5502,-2.8409,0.0277,0.0361,0.9990,,0.0000,0.0000,0.0000
46.9181,Combined,-0.0044,1.5502,-2.8409,0.0312,0.2415,0.9699,,0.0000,0.0000,0.0000
46.9738,Left,0.4552,1.5402,-2.8533,0.1358,0.0404,0.9899,,0.0000,0.0000,0.0000
46.9738,Right,-0.0046,1.5501,-2.8410,0.0812,0.0412,0.9958,,0.0000,0.0000,0.0000
46.9738,Combined,-0.0046,1.5501,-2.8410,0.0311,0.2420,0.9698,,0.0000,0.0000,0.0000
47.0443,Left,0.4550,1.5400,-2.8535,0.5225,0.0494,0.8512,,0.0000,0.0000,0.0000
47.0443,Right,-0.0047,1.5502,-2.8411,0.4806,0.0483,0.8756,,0.0000,0.0000,0.0000
47.0443,Combined,-0.0047,1.5502,-2.8411,0.0315,0.2425,0.9696,,0.0000,0.0000,0.0000
47.1146,Left,0.4542,1.5396,-2.8551,0.5328,0.0498,0.8448,,0.0000,0.0000,0.0000
47.1146,Right,-0.0055,1.5504,-2.8414,0.4914,0.0488,0.8696,,0.0000,0.0000,0.0000
47.1146,Combined,-0.0055,1.5504,-2.8414,0.0345,0.2431,0.9694,,0.0000,0.0000,0.0000
47.1690,Left,0.4523,1.5431,-2.8566,0.5376,0.0564,0.8413,,0.0000,0.0000,0.0000
47.1690,Right,-0.0074,1.5508,-2.8415,0.4964,0.0554,0.8663,,0.0000,0.0000,0.0000
47.1690,Combined,-0.0074,1.5508,-2.8415,0.0359,0.2459,0.9686,,0.0000,0.0000,0.0000
47.2395,Left,0.4510,1.5478,-2.8591,0.5403,0.0629,0.8391,,0.0000,0.0000,0.0000
47.2395,Right,-0.0086,1.5509,-2.8410,0.4993,0.0615,0.8643,,0.0000,0.0000,0.0000
47.2395,Combined,-0.0086,1.5509,-2.8410,0.0398,0.2454,0.9686,,0.0000,0.0000,0.0000
47.3068,Left,0.4510,1.5506,-2.8660,0.5903,0.0300,0.8066,,0.0000,0.0000,0.0000
47.3068,Right,-0.0082,1.5505,-2.8400,0.5518,0.0270,0.8336,,0.0000,0.0000,0.0000
47.3068,Combined,-0.0082,1.5505,-2.8400,0.0549,0.2378,0.9698,,0.0000,0.0000,0.0000
47.3767,Left,0.4523,1.5493,-2.8751,0.6025,0.0190,0.7979,,0.0000,0.0000,0.0000
47.3767,Right,-0.0062,1.5493,-2.8388,0.5641,0.0157,0.8255,,0.0000,0.0000,0.0000
47.3767,Combined,-0.0062,1.5493,-2.8388,0.0768,0.2257,0.9712,,0.0000,0.0000,0.0000
47.4473,Left,0.4538,1.5469,-2.8833,0.6077,0.0150,0.7940,,0.0000,0.0000,0.0000
47.4473,Right,-0.0039,1.5482,-2.8377,0.5692,0.0118,0.8221,,0.0000,0.0000,0.0000
47.4473,Combined,-0.0039,1.5482,-2.8377,0.0974,0.2128,0.9722,,0.0000,0.0000,0.0000
47.5164,Left,0.4549,1.5452,-2.8899,0.6122,0.0152,0.7906,,0.0000,0.0000,0.0000
47.5164,Right,-0.0021,1.5475,-2.8373,0.5737,0.0122,0.8190,,0.0000,0.0000,0.0000
47.5164,Combined,-0.0021,1.5475,-2.8373,0.1128,0.2056,0.9721,,0.0000,0.0000,0.0000
47.5616,Left,0.4553,1.5440,-2.8934,0.6046,0.0258,0.7961,,0.0000,0.0000,0.0000
47.5616,Right,-0.0013,1.5475,-2.8373,0.5656,0.0233,0.8244,,0.0000,0.0000,0.0000
47.5616,Combined,-0.0013,1.5475,-2.8373,0.1210,0.2047,0.9713,,0.0000,0.0000,0.0000
47.6361,Left,0.4552,1.5440,-2.8943,0.6055,0.0259,0.7955,,0.0000,0.0000,0.0000
47.6361,Right,-0.0012,1.5476,-2.8373,0.5664,0.0234,0.8238,,0.0000,0.0000,0.0000
47.6361,Combined,-0.0012,1.5476,-2.8373,0.1230,0.2051,0.9710,,0.0000,0.0000,0.0000
47.7144,Left,0.4550,1.5445,-2.8948,0.6055,0.0267,0.7954,,0.0000,0.0000,0.0000
47.7144,Right,-0.0014,1.5476,-2.8373,0.5664,0.0242,0.8238,,0.0000,0.0000,0.0000
47.7144,Combined,-0.0014,1.5476,-2.8373,0.1238,0.2053,0.9708,,0.0000,0.0000,0.0000
47.7964,Left,0.4547,1.5451,-2.8948,0.6065,0.0226,0.7948,,0.0000,0.0000,0.0000
47.7964,Right,-0.0017,1.5476,-2.8370,0.5674,0.0199,0.8232,,0.0000,0.0000,0.0000
47.7964,Combined,-0.0017,1.5476,-2.8370,0.1241,0.2051,0.9708,,0.0000,0.0000,0.0000
47.8808,Left,0.4543,1.5458,-2.8945,0.6358,0.0046,0.7718,,0.0000,0.0000,0.0000
47.8808,Right,-0.0021,1.5477,-2.8367,0.5985,0.0012,0.8011,,0.0000,0.0000,0.0000
47.8808,Combined,-0.0021,1.5477,-2.8367,0.1238,0.2055,0.9708,,0.0000,0.0000,0.0000
47.9776,Left,0.4537,1.5470,-2.8934,0.6421,-0.0033,0.7666,,0.0000,0.0000,0.0000
47.9776,Right,-0.0027,1.5478,-2.8364,0.6051,-0.0072,0.7961,,0.0000,0.0000,0.0000
47.9776,Combined,-0.0027,1.5478,-2.8364,0.1218,0.2055,0.9711,,0.0000,0.0000,0.0000
48.0626,Left,0.4533,1.5474,-2.8927,0.6409,-0.0028,0.7677,,0.0000,0.0000,0.0000
48.0626,Right,-0.0032,1.5478,-2.8362,0.6039,-0.0067,0.7971,,0.0000,0.0000,0.0000
48.0626,Combined,-0.0032,1.5478,-2.8362,0.1205,0.2060,0.9711,,0.0000,0.0000,0.0000
48.1449,Left,0.4528,1.5485,-2.8926,0.6399,-0.0067,0.7684,,0.0000,0.0000,0.0000
48.1449,Right,-0.0037,1.5480,-2.8362,0.6028,-0.0108,0.7978,,0.0000,0.0000,0.0000
48.1449,Combined,-0.0037,1.5480,-2.8362,0.1197,0.2080,0.9708,,0.0000,0.0000,0.0000
48.2298,Left,0.4524,1.5495,-2.8926,0.6461,0.0033,0.7633,,0.0000,0.0000,0.0000
48.2298,Right,-0.0042,1.5482,-2.8363,0.6095,-0.0007,0.7928,,0.0000,0.0000,0.0000
48.2298,Combined,-0.0042,1.5482,-2.8363,0.1191,0.2101,0.9704,,0.0000,0.0000,0.0000
48.3390,Left,0.4520,1.5504,-2.8930,0.6401,-0.0028,0.7683,,0.0000,0.0000,0.0000
48.3390,Right,-0.0045,1.5483,-2.8362,0.6030,-0.0070,0.7977,,0.0000,0.0000,0.0000
48.3390,Combined,-0.0045,1.5483,-2.8362,0.1196,0.2121,0.9699,,0.0000,0.0000,0.0000
48.4232,Left,0.4518,1.5505,-2.8944,0.6403,-0.0094,0.7681,,0.0000,0.0000,0.0000
48.4232,Right,-0.0045,1.5484,-2.8363,0.6031,-0.0138,0.7976,,0.0000,0.0000,0.0000
48.4232,Combined,-0.0045,1.5484,-2.8363,0.1225,0.2131,0.9693,,0.0000,0.0000,0.0000
48.5097,Left,0.4512,1.5492,-2.8990,0.6317,-0.0359,0.7744,,0.0000,0.0000,0.0000
48.5097,Right,-0.0046,1.5486,-2.8365,0.5935,-0.0407,0.8038,,0.0000,0.0000,0.0000
48.5097,Combined,-0.0046,1.5486,-2.8365,0.1325,0.2135,0.9679,,0.0000,0.0000,0.0000
48.5909,Left,0.4488,1.5516,-2.9095,0.6415,-0.0431,0.7659,,0.0000,0.0000,0.0000
48.5909,Right,-0.0055,1.5489,-2.8375,0.6035,-0.0481,0.7959,,0.0000,0.0000,0.0000
48.5909,Combined,-0.0055,1.5489,-2.8375,0.1517,0.2097,0.9659,,0.0000,0.0000,0.0000
48.6800,Left,0.4447,1.5592,-2.9190,0.6474,-0.0298,0.7616,,0.0000,0.0000,0.0000
48.6800,Right,-0.0081,1.5493,-2.8387,0.6094,-0.0352,0.7921,,0.0000,0.0000,0.0000
48.6800,Combined,-0.0081,1.5493,-2.8387,0.1663,0.2117,0.9631,,0.0000,0.0000,0.0000
48.7853,Left,0.4396,1.5674,-2.9222,0.6439,-0.0215,0.7648,,0.0000,0.0000,0.0000
48.7853,Right,-0.0126,1.5497,-2.8393,0.6055,-0.0276,0.7953,,0.0000,0.0000,0.0000
48.7853,Combined,-0.0126,1.5497,-2.8393,0.1679,0.2159,0.9619,,0.0000,0.0000,0.0000
48.8665,Left,0.4371,1.5711,-2.9185,0.6311,-0.0224,0.7754,,0.0000,0.0000,0.0000
48.8665,Right,-0.0155,1.5499,-2.8388,0.5920,-0.0289,0.8054,,0.0000,0.0000,0.0000
48.8665,Combined,-0.0155,1.5499,-2.8388,0.1593,0.2178,0.9629,,0.0000,0.0000,0.0000
48.9930,Left,0.4358,1.5722,-2.9078,0.4185,0.0074,0.9082,,0.0000,0.0000,0.0000
48.9930,Right,-0.0183,1.5501,-2.8376,0.3692,0.0030,0.9293,,0.0000,0.0000,0.0000
48.9930,Combined,-0.0183,1.5501,-2.8376,0.1385,0.2222,0.9651,,0.0000,0.0000,0.0000
49.0768,Left,0.4365,1.5700,-2.9012,0.1415,0.0175,0.9898,,0.0000,0.0000,0.0000
49.0768,Right,-0.0185,1.5498,-2.8368,0.0867,0.0152,0.9961,,0.0000,0.0000,0.0000
49.0768,Combined,-0.0185,1.5498,-2.8368,0.1270,0.2220,0.9667,,0.0000,0.0000,0.0000
49.1610,Left,0.4381,1.5649,-2.8929,0.0266,0.0183,0.9995,,0.0000,0.0000,0.0000
49.1610,Right,-0.0181,1.5488,-2.8359,-0.0281,0.0171,0.9995,,0.0000,0.0000,0.0000
49.1610,Combined,-0.0181,1.5488,-2.8359,0.1138,0.2142,0.9701,,0.0000,0.0000,0.0000
49.2437,Left,0.4392,1.5603,-2.8855,0.0308,0.0643,0.9975,,0.0000,0.0000,0.0000
49.2437,Right,-0.0178,1.5477,-2.8349,-0.0236,0.0631,0.9977,,0.0000,0.0000,0.0000
49.2437,Combined,-0.0178,1.5477,-2.8349,0.1022,0.2049,0.9734,,0.0000,0.0000,0.0000
49.3314,Left,0.4399,1.5568,-2.8806,0.0265,0.0676,0.9974,,0.0000,0.0000,0.0000
49.3314,Right,-0.0176,1.5470,-2.8340,-0.0279,0.0667,0.9974,,0.0000,0.0000,0.0000
49.3314,Combined,-0.0176,1.5470,-2.8340,0.0950,0.1992,0.9753,,0.0000,0.0000,0.0000
49.4245,Left,0.4406,1.5540,-2.8782,0.0228,0.0659,0.9976,,0.0000,0.0000,0.0000
49.4245,Right,-0.0172,1.5466,-2.8336,-0.0315,0.0654,0.9974,,0.0000,0.0000,0.0000
49.4245,Combined,-0.0172,1.5466,-2.8336,0.0920,0.1952,0.9764,,0.0000,0.0000,0.0000
49.5089,Left,0.4411,1.5523,-2.8777,-0.0016,0.0399,0.9992,,0.0000,0.0000,0.0000
49.5089,Right,-0.0168,1.5466,-2.8334,-0.0559,0.0398,0.9976,,0.0000,0.0000,0.0000
49.5089,Combined,-0.0168,1.5466,-2.8334,0.0918,0.1965,0.9762,,0.0000,0.0000,0.0000
49.5889,Left,0.4414,1.5517,-2.8771,-0.0025,0.0401,0.9992,,0.0000,0.0000,0.0000
49.5889,Right,-0.0165,1.5470,-2.8335,-0.0569,0.0402,0.9976,,0.0000,0.0000,0.0000
49.5889,Combined,-0.0165,1.5470,-2.8335,0.0908,0.2012,0.9753,,0.0000,0.0000,0.0000
49.6612,Left,0.4420,1.5509,-2.8775,-0.0022,0.0407,0.9992,,0.0000,0.0000,0.0000
49.6612,Right,-0.0158,1.5475,-2.8334,-0.0567,0.0409,0.9976,,0.0000,0.0000,0.0000
49.6612,Combined,-0.0158,1.5475,-2.8334,0.0923,0.2081,0.9737,,0.0000,0.0000,0.0000
49.7300,Left,0.4428,1.5507,-2.8798,0.2489,0.0545,0.9670,,0.0000,0.0000,0.0000
49.7300,Right,-0.0148,1.5481,-2.8335,0.1958,0.0537,0.9792,,0.0000,0.0000,0.0000
49.7300,Combined,-0.0148,1.5481,-2.8335,0.0970,0.2169,0.9714,,0.0000,0.0000,0.0000
49.8010,Left,0.4434,1.5514,-2.8830,0.0897,-0.0575,0.9943,,0.0000,0.0000,0.0000
49.8010,Right,-0.0140,1.5488,-2.8342,0.0340,-0.0574,0.9978,,0.0000,0.0000,0.0000
49.8010,Combined,-0.0140,1.5488,-2.8342,0.1022,0.2258,0.9688,,0.0000,0.0000,0.0000
49.8556,Left,0.4436,1.5519,-2.8853,0.0298,-0.0492,0.9983,,0.0000,0.0000,0.0000
49.8556,Right,-0.0137,1.5494,-2.8351,-0.0257,-0.0484,0.9985,,0.0000,0.0000,0.0000
49.8556,Combined,-0.0137,1.5494,-2.8351,0.1050,0.2336,0.9667,,0.0000,0.0000,0.0000
49.9256,Left,0.4438,1.5516,-2.8864,0.0203,0.0511,0.9985,,0.0000,0.0000,0.0000
49.9256,Right,-0.0134,1.5497,-2.8359,-0.0344,0.0514,0.9981,,0.0000,0.0000,0.0000
49.9256,Combined,-0.0134,1.5497,-2.8359,0.1057,0.2377,0.9656,,0.0000,0.0000,0.0000
50.0111,Left,0.4443,1.5504,-2.8877,0.0198,0.0679,0.9975,,0.0000,0.0000,0.0000
50.0111,Right,-0.0128,1.5499,-2.8366,-0.0348,0.0682,0.9971,,0.0000,0.0000,0.0000
50.0111,Combined,-0.0128,1.5499,-2.8366,0.1076,0.2397,0.9649,,0.0000,0.0000,0.0000
50.0778,Left,0.4453,1.5485,-2.8898,0.0121,0.0517,0.9986,,0.0000,0.0000,0.0000
50.0778,Right,-0.0116,1.5497,-2.8367,-0.0425,0.0524,0.9977,,0.0000,0.0000,0.0000
50.0778,Combined,-0.0116,1.5497,-2.8367,0.1128,0.2379,0.9647,,0.0000,0.0000,0.0000
50.1492,Left,0.4463,1.5466,-2.8917,0.0092,0.0413,0.9991,,0.0000,0.0000,0.0000
50.1492,Right,-0.0104,1.5491,-2.8364,-0.0453,0.0422,0.9981,,0.0000,0.0000,0.0000
50.1492,Combined,-0.0104,1.5491,-2.8364,0.1182,0.2334,0.9652,,0.0000,0.0000,0.0000
50.2047,Left,0.4474,1.5448,-2.8925,0.0127,0.0356,0.9993,,0.0000,0.0000,0.0000
50.2047,Right,-0.0091,1.5485,-2.8359,-0.0419,0.0368,0.9984,,0.0000,0.0000,0.0000
50.2047,Combined,-0.0091,1.5485,-2.8359,0.1217,0.2282,0.9660,,0.0000,0.0000,0.0000
50.2730,Left,0.4481,1.5439,-2.8917,0.0170,0.0375,0.9992,,0.0000,0.0000,0.0000
50.2730,Right,-0.0084,1.5483,-2.8354,-0.0376,0.0387,0.9985,,0.0000,0.0000,0.0000
50.2730,Combined,-0.0084,1.5483,-2.8354,0.1215,0.2258,0.9666,,0.0000,0.0000,0.0000
50.3421,Left,0.4489,1.5428,-2.8905,0.0186,0.0374,0.9991,,0.0000,0.0000,0.0000
50.3421,Right,-0.0077,1.5480,-2.8349,-0.0360,0.0387,0.9986,,0.0000,0.0000,0.0000
50.3421,Combined,-0.0077,1.5480,-2.8349,0.1204,0.2236,0.9672,,0.0000,0.0000,0.0000
50.3984,Left,0.4497,1.5416,-2.8897,0.0194,0.0382,0.9991,,0.0000,0.0000,0.0000
50.3984,Right,-0.0069,1.5477,-2.8344,-0.0352,0.0396,0.9986,,0.0000,0.0000,0.0000
50.3984,Combined,-0.0069,1.5477,-2.8344,0.1201,0.2208,0.9679,,0.0000,0.0000,0.0000
50.4768,Left,0.4502,1.5403,-2.8899,0.0209,0.0423,0.9989,,0.0000,0.0000,0.0000
50.4768,Right,-0.0063,1.5473,-2.8342,-0.0337,0.0437,0.9985,,0.0000,0.0000,0.0000
50.4768,Combined,-0.0063,1.5473,-2.8342,0.1216,0.2180,0.9684,,0.0000,0.0000,0.0000
50.5490,Left,0.4508,1.5393,-2.8907,0.0232,0.0404,0.9989,,0.0000,0.0000,0.0000
50.5490,Right,-0.0057,1.5471,-2.8341,-0.0314,0.0419,0.9986,,0.0000,0.0000,0.0000
50.5490,Combined,-0.0057,1.5471,-2.8341,0.1237,0.2161,0.9685,,0.0000,0.0000,0.0000
50.6197,Left,0.4512,1.5386,-2.8901,-0.2170,0.0195,0.9760,,0.0000,0.0000,0.0000
50.6197,Right,-0.0053,1.5471,-2.8340,-0.2669,0.0228,0.9635,,0.0000,0.0000,0.0000
50.6197,Combined,-0.0053,1.5471,-2.8340,0.1229,0.2148,0.9689,,0.0000,0.0000,0.0000
50.7190,Left,0.4515,1.5373,-2.8882,-0.2234,0.0195,0.9745,,0.0000,0.0000,0.0000
50.7190,Right,-0.0052,1.5466,-2.8336,-0.2731,0.0229,0.9617,,0.0000,0.0000,0.0000
50.7190,Combined,-0.0052,1.5466,-2.8336,0.1203,0.2101,0.9702,,0.0000,0.0000,0.0000
50.7925,Left,0.4518,1.5377,-2.8874,-0.2139,0.0209,0.9766,,0.0000,0.0000,0.0000
50.7925,Right,-0.0049,1.5466,-2.8332,-0.2640,0.0241,0.9642,,0.0000,0.0000,0.0000
50.7925,Combined,-0.0049,1.5466,-2.8332,0.1192,0.2103,0.9703,,0.0000,0.0000,0.0000
50.8562,Left,0.4522,1.5375,-2.8875,-0.2114,0.0222,0.9771,,0.0000,0.0000,0.0000
50.8562,Right,-0.0045,1.5467,-2.8330,-0.2615,0.0254,0.9649,,0.0000,0.0000,0.0000
50.8562,Combined,-0.0045,1.5467,-2.8330,0.1201,0.2117,0.9699,,0.0000,0.0000,0.0000
50.9102,Left,0.4527,1.5363,-2.8873,-0.2129,0.0212,0.9768,,0.0000,0.0000,0.0000
50.9102,Right,-0.0039,1.5465,-2.8327,-0.2629,0.0246,0.9645,,0.0000,0.0000,0.0000
50.9102,Combined,-0.0039,1.5465,-2.8327,0.1207,0.2101,0.9702,,0.0000,0.0000,0.0000
50.9904,Left,0.4532,1.5350,-2.8869,-0.2190,0.0194,0.9755,,0.0000,0.0000,0.0000
50.9904,Right,-0.0034,1.5462,-2.8324,-0.2688,0.0229,0.9629,,0.0000,0.0000,0.0000
50.9904,Combined,-0.0034,1.5462,-2.8324,0.1210,0.2080,0.9706,,0.0000,0.0000,0.0000
51.0636,Left,0.4540,1.5333,-2.8871,-0.1373,0.0344,0.9899,,0.0000,0.0000,0.0000
51.0636,Right,-0.0026,1.5460,-2.8320,-0.1893,0.0374,0.9812,,0.0000,0.0000,0.0000
51.0636,Combined,-0.0026,1.5460,-2.8320,0.1228,0.2073,0.9705,,0.0000,0.0000,0.0000
51.1356,Left,0.4549,1.5310,-2.8885,0.0516,0.0367,0.9980,,0.0000,0.0000,0.0000
51.1356,Right,-0.0013,1.5459,-2.8319,-0.0030,0.0389,0.9992,,0.0000,0.0000,0.0000
51.1356,Combined,-0.0013,1.5459,-2.8319,0.1271,0.2064,0.9702,,0.0000,0.0000,0.0000
51.2046,Left,0.4558,1.5287,-2.8897,0.0471,0.0330,0.9983,,0.0000,0.0000,0.0000
51.2046,Right,-0.0002,1.5456,-2.8318,-0.0075,0.0355,0.9993,,0.0000,0.0000,0.0000
51.2046,Combined,-0.0002,1.5456,-2.8318,0.1308,0.2037,0.9703,,0.0000,0.0000,0.0000
51.2602,Left,0.4566,1.5269,-2.8903,0.0494,0.0333,0.9982,,0.0000,0.0000,0.0000
51.2602,Right,0.0007,1.5452,-2.8315,-0.0051,0.0361,0.9993,,0.0000,0.0000,0.0000
51.2602,Combined,0.0007,1.5452,-2.8315,0.1332,0.2014,0.9704,,0.0000,0.0000,0.0000
51.3301,Left,0.4568,1.5275,-2.8893,0.0334,0.0392,0.9987,,0.0000,0.0000,0.0000
51.3301,Right,0.0008,1.5456,-2.8314,-0.0210,0.0420,0.9989,,0.0000,0.0000,0.0000
51.3301,Combined,0.0008,1.5456,-2.8314,0.1312,0.2050,0.9699,,0.0000,0.0000,0.0000
51.3999,Left,0.4570,1.5273,-2.8883,0.0048,0.0565,0.9984,,0.0000,0.0000,0.0000
51.3999,Right,0.0009,1.5457,-2.8315,-0.0493,0.0593,0.9970,,0.0000,0.0000,0.0000
51.3999,Combined,0.0009,1.5457,-2.8315,0.1291,0.2069,0.9698,,0.0000,0.0000,0.0000
51.4576,Left,0.4574,1.5248,-2.8879,0.1762,0.0082,0.9843,,0.0000,0.0000,0.0000
51.4576,Right,0.0013,1.5456,-2.8316,0.1218,0.0105,0.9925,,0.0000,0.0000,0.0000
51.4576,Combined,0.0013,1.5456,-2.8316,0.1293,0.2080,0.9695,,0.0000,0.0000,0.0000
51.5254,Left,0.4576,1.5233,-2.8876,0.1938,-0.0045,0.9810,,0.0000,0.0000,0.0000
51.5254,Right,0.0015,1.5458,-2.8317,0.1394,-0.0022,0.9902,,0.0000,0.0000,0.0000
51.5254,Combined,0.0015,1.5458,-2.8317,0.1292,0.2098,0.9692,,0.0000,0.0000,0.0000
51.5973,Left,0.4578,1.5219,-2.8880,0.1784,0.0202,0.9838,,0.0000,0.0000,0.0000
51.5973,Right,0.0019,1.5459,-2.8320,0.1240,0.0229,0.9920,,0.0000,0.0000,0.0000
51.5973,Combined,0.0019,1.5459,-2.8320,0.1302,0.2102,0.9690,,0.0000,0.0000,0.0000
51.6490,Left,0.4579,1.5214,-2.8882,0.1790,0.0192,0.9837,,0.0000,0.0000,0.0000
51.6490,Right,0.0021,1.5458,-2.8319,0.1246,0.0219,0.9920,,0.0000,0.0000,0.0000
51.6490,Combined,0.0021,1.5458,-2.8319,0.1310,0.2092,0.9691,,0.0000,0.0000,0.0000
51.7199,Left,0.4580,1.5215,-2.8885,0.1858,0.0245,0.9823,,0.0000,0.0000,0.0000
51.7199,Right,0.0022,1.5458,-2.8318,0.1315,0.0272,0.9909,,0.0000,0.0000,0.0000
51.7199,Combined,0.0022,1.5458,-2.8318,0.1316,0.2083,0.9692,,0.0000,0.0000,0.0000
51.7926,Left,0.4583,1.5209,-2.8891,0.1788,0.0315,0.9834,,0.0000,0.0000,0.0000
51.7926,Right,0.0025,1.5457,-2.8316,0.1245,0.0343,0.9916,,0.0000,0.0000,0.0000
51.7926,Combined,0.0025,1.5457,-2.8316,0.1335,0.2054,0.9695,,0.0000,0.0000,0.0000
51.8453,Left,0.4585,1.5192,-2.8904,0.1820,0.0286,0.9829,,0.0000,0.0000,0.0000
51.8453,Right,0.0031,1.5452,-2.8313,0.1278,0.0315,0.9913,,0.0000,0.0000,0.0000
51.8453,Combined,0.0031,1.5452,-2.8313,0.1373,0.1999,0.9701,,0.0000,0.0000,0.0000
51.9158,Left,0.4586,1.5180,-2.8911,0.1857,0.0226,0.9823,,0.0000,0.0000,0.0000
51.9158,Right,0.0033,1.5446,-2.8310,0.1316,0.0256,0.9910,,0.0000,0.0000,0.0000
51.9158,Combined,0.0033,1.5446,-2.8310,0.1396,0.1944,0.9709,,0.0000,0.0000,0.0000
51.9863,Left,0.4587,1.5177,-2.8906,0.0479,0.0291,0.9984,,0.0000,0.0000,0.0000
51.9863,Right,0.0034,1.5444,-2.8307,-0.0065,0.0329,0.9994,,0.0000,0.0000,0.0000
51.9863,Combined,0.0034,1.5444,-2.8307,0.1390,0.1923,0.9715,,0.0000,0.0000,0.0000
52.0410,Left,0.4587,1.5176,-2.8892,0.0383,0.0311,0.9988,,0.0000,0.0000,0.0000
52.0410,Right,0.0033,1.5445,-2.8305,-0.0161,0.0350,0.9993,,0.0000,0.0000,0.0000
52.0410,Combined,0.0033,1.5445,-2.8305,0.1367,0.1939,0.9714,,0.0000,0.0000,0.0000
52.1119,Left,0.4588,1.5175,-2.8881,0.0382,0.0367,0.9986,,0.0000,0.0000,0.0000
52.1119,Right,0.0032,1.5447,-2.8305,-0.0162,0.0406,0.9990,,0.0000,0.0000,0.0000
52.1119,Combined,0.0032,1.5447,-2.8305,0.1346,0.1957,0.9714,,0.0000,0.0000,0.0000
52.2098,Left,0.4591,1.5158,-2.8877,0.0477,0.0354,0.9982,,0.0000,0.0000,0.0000
52.2098,Right,0.0036,1.5449,-2.8304,-0.0067,0.0394,0.9992,,0.0000,0.0000,0.0000
52.2098,Combined,0.0036,1.5449,-2.8304,0.1348,0.1963,0.9712,,0.0000,0.0000,0.0000
52.2764,Left,0.4594,1.5147,-2.8881,0.0092,0.0296,0.9995,,0.0000,0.0000,0.0000
52.2764,Right,0.0040,1.5447,-2.8301,-0.0450,0.0340,0.9984,,0.0000,0.0000,0.0000
52.2764,Combined,0.0040,1.5447,-2.8301,0.1366,0.1958,0.9711,,0.0000,0.0000,0.0000
52.3473,Left,0.4592,1.5150,-2.8880,0.0094,0.0305,0.9995,,0.0000,0.0000,0.0000
52.3473,Right,0.0038,1.5446,-2.8298,-0.0447,0.0349,0.9984,,0.0000,0.0000,0.0000
52.3473,Combined,0.0038,1.5446,-2.8298,0.1367,0.1953,0.9712,,0.0000,0.0000,0.0000
52.4046,Left,0.4592,1.5157,-2.8883,0.0106,0.0297,0.9995,,0.0000,0.0000,0.0000
52.4046,Right,0.0039,1.5448,-2.8294,-0.0436,0.0340,0.9985,,0.0000,0.0000,0.0000
52.4046,Combined,0.0039,1.5448,-2.8294,0.1381,0.1948,0.9711,,0.0000,0.0000,0.0000
52.4732,Left,0.4594,1.5139,-2.8885,0.0070,0.0093,0.9999,,0.0000,0.0000,0.0000
52.4732,Right,0.0043,1.5451,-2.8290,-0.0472,0.0140,0.9988,,0.0000,0.0000,0.0000
52.4732,Combined,0.0043,1.5451,-2.8290,0.1403,0.1952,0.9707,,0.0000,0.0000,0.0000
52.5411,Left,0.4594,1.5076,-2.8879,0.2843,-0.1092,0.9525,,0.0000,0.0000,0.0000
52.5411,Right,0.0048,1.5452,-2.8291,0.2310,-0.1067,0.9671,,0.0000,0.0000,0.0000
52.5411,Combined,0.0048,1.5452,-2.8291,0.1415,0.1934,0.9709,,0.0000,0.0000,0.0000
52.5991,Left,0.4593,1.4967,-2.8917,0.3562,-0.1323,0.9250,,0.0000,0.0000,0.0000
52.5991,Right,0.0061,1.5458,-2.8298,0.3047,-0.1297,0.9436,,0.0000,0.0000,0.0000
52.5991,Combined,0.0061,1.5458,-2.8298,0.1537,0.1995,0.9678,,0.0000,0.0000,0.0000
52.6656,Left,0.4594,1.4879,-2.8977,0.1403,-0.0677,0.9878,,0.0000,0.0000,0.0000
52.6656,Right,0.0082,1.5472,-2.8308,0.0853,-0.0605,0.9945,,0.0000,0.0000,0.0000
52.6656,Combined,0.0082,1.5472,-2.8308,0.1714,0.2206,0.9602,,0.0000,0.0000,0.0000
52.7359,Left,0.4598,1.4810,-2.9077,0.0950,-0.0264,0.9951,,0.0000,0.0000,0.0000
52.7359,Right,0.0108,1.5485,-2.8334,0.0402,-0.0176,0.9990,,0.0000,0.0000,0.0000
52.7359,Combined,0.0108,1.5485,-2.8334,0.1942,0.2480,0.9491,,0.0000,0.0000,0.0000
52.7957,Left,0.4605,1.4824,-2.9165,0.0994,0.0153,0.9949,,0.0000,0.0000,0.0000
52.7957,Right,0.0125,1.5498,-2.8370,0.0449,0.0242,0.9987,,0.0000,0.0000,0.0000
52.7957,Combined,0.0125,1.5498,-2.8370,0.2067,0.2624,0.9426,,0.0000,0.0000,0.0000
52.8688,Left,0.4611,1.4850,-2.9194,0.0867,0.0313,0.9957,,0.0000,0.0000,0.0000
52.8688,Right,0.0129,1.5508,-2.8393,0.0322,0.0399,0.9987,,0.0000,0.0000,0.0000
52.8688,Combined,0.0129,1.5508,-2.8393,0.2076,0.2694,0.9404,,0.0000,0.0000,0.0000
52.9471,Left,0.4613,1.4886,-2.9214,0.0662,0.0356,0.9972,,0.0000,0.0000,0.0000
52.9471,Right,0.0126,1.5519,-2.8422,0.0117,0.0440,0.9990,,0.0000,0.0000,0.0000
52.9471,Combined,0.0126,1.5519,-2.8422,0.2052,0.2804,0.9377,,0.0000,0.0000,0.0000
53.0415,Left,0.4612,1.4938,-2.9220,-0.0060,0.0728,0.9973,,0.0000,0.0000,0.0000
53.0415,Right,0.0115,1.5543,-2.8460,-0.0598,0.0808,0.9949,,0.0000,0.0000,0.0000
53.0415,Combined,0.0115,1.5543,-2.8460,0.1981,0.3006,0.9329,,0.0000,0.0000,0.0000
53.1208,Left,0.4608,1.4973,-2.9223,-0.0066,0.0704,0.9975,,0.0000,0.0000,0.0000
53.1208,Right,0.0104,1.5557,-2.8487,-0.0606,0.0781,0.9951,,0.0000,0.0000,0.0000
53.1208,Combined,0.0104,1.5557,-2.8487,0.1926,0.3138,0.9297,,0.0000,0.0000,0.0000
53.2103,Left,0.4602,1.5002,-2.9226,0.0034,0.0469,0.9989,,0.0000,0.0000,0.0000
53.2103,Right,0.0093,1.5564,-2.8506,-0.0510,0.0545,0.9972,,0.0000,0.0000,0.0000
53.2103,Combined,0.0093,1.5564,-2.8506,0.1881,0.3205,0.9284,,0.0000,0.0000,0.0000
53.2775,Left,0.4592,1.5025,-2.9232,0.0026,0.0385,0.9993,,0.0000,0.0000,0.0000
53.2775,Right,0.0080,1.5567,-2.8516,-0.0519,0.0460,0.9976,,0.0000,0.0000,0.0000
53.2775,Combined,0.0080,1.5567,-2.8516,0.1859,0.3204,0.9289,,0.0000,0.0000,0.0000
53.3493,Left,0.4582,1.5061,-2.9227,0.0017,0.0408,0.9992,,0.0000,0.0000,0.0000
53.3493,Right,0.0066,1.5570,-2.8516,-0.0528,0.0479,0.9975,,0.0000,0.0000,0.0000
53.3493,Combined,0.0066,1.5570,-2.8516,0.1826,0.3213,0.9292,,0.0000,0.0000,0.0000
53.4164,Left,0.4572,1.5096,-2.9195,-0.0623,0.0307,0.9976,,0.0000,0.0000,0.0000
53.4164,Right,0.0048,1.5568,-2.8505,-0.1160,0.0378,0.9925,,0.0000,0.0000,0.0000
53.4164,Combined,0.0048,1.5568,-2.8505,0.1753,0.3182,0.9317,,0.0000,0.0000,0.0000
53.4741,Left,0.4564,1.5127,-2.9136,-0.0760,0.0189,0.9969,,0.0000,0.0000,0.0000
53.4741,Right,0.0030,1.5557,-2.8485,-0.1296,0.0257,0.9912,,0.0000,0.0000,0.0000
53.4741,Combined,0.0030,1.5557,-2.8485,0.1638,0.3061,0.9378,,0.0000,0.0000,0.0000
53.5442,Left,0.4557,1.5141,-2.9076,-0.0849,0.0146,0.9963,,0.0000,0.0000,0.0000
53.5442,Right,0.0015,1.5542,-2.8466,-0.1384,0.0210,0.9901,,0.0000,0.0000,0.0000
53.5442,Combined,0.0015,1.5542,-2.8466,0.1525,0.2897,0.9449,,0.0000,0.0000,0.0000
53.6163,Left,0.4551,1.5164,-2.8994,-0.0895,0.0130,0.9959,,0.0000,0.0000,0.0000
53.6163,Right,-0.0002,1.5524,-2.8441,-0.1429,0.0189,0.9896,,0.0000,0.0000,0.0000
53.6163,Combined,-0.0002,1.5524,-2.8441,0.1372,0.2693,0.9532,,0.0000,0.0000,0.0000
53.6690,Left,0.4547,1.5192,-2.8922,-0.0941,0.0313,0.9951,,0.0000,0.0000,0.0000
53.6690,Right,-0.0014,1.5509,-2.8419,-0.1474,0.0364,0.9884,,0.0000,0.0000,0.0000
53.6690,Combined,-0.0014,1.5509,-2.8419,0.1234,0.2526,0.9597,,0.0000,0.0000,0.0000
53.7390,Left,0.4545,1.5209,-2.8880,-0.0835,0.0352,0.9959,,0.0000,0.0000,0.0000
53.7390,Right,-0.0021,1.5504,-2.8408,-0.1370,0.0400,0.9898,,0.0000,0.0000,0.0000
53.7390,Combined,-0.0021,1.5504,-2.8408,0.1154,0.2473,0.9621,,0.0000,0.0000,0.0000
53.8080,Left,0.4543,1.5221,-2.8845,-0.0843,0.0410,0.9956,,0.0000,0.0000,0.0000
53.8080,Right,-0.0027,1.5503,-2.8401,-0.1379,0.0454,0.9894,,0.0000,0.0000,0.0000
53.8080,Combined,-0.0027,1.5503,-2.8401,0.1088,0.2469,0.9629,,0.0000,0.0000,0.0000
53.8661,Left,0.4539,1.5232,-2.8826,-0.0781,0.0439,0.9960,,0.0000,0.0000,0.0000
53.8661,Right,-0.0033,1.5508,-2.8400,-0.1319,0.0481,0.9901,,0.0000,0.0000,0.0000
53.8661,Combined,-0.0033,1.5508,-2.8400,0.1049,0.2511,0.9623,,0.0000,0.0000,0.0000
53.9349,Left,0.4536,1.5244,-2.8819,-0.0502,0.0417,0.9979,,0.0000,0.0000,0.0000
53.9349,Right,-0.0037,1.5512,-2.8403,-0.1044,0.0458,0.9935,,0.0000,0.0000,0.0000
53.9349,Combined,-0.0037,1.5512,-2.8403,0.1025,0.2564,0.9611,,0.0000,0.0000,0.0000
54.0032,Left,0.4534,1.5259,-2.8814,0.0169,0.0278,0.9995,,0.0000,0.0000,0.0000
54.0032,Right,-0.0041,1.5519,-2.8410,-0.0382,0.0315,0.9988,,0.0000,0.0000,0.0000
54.0032,Combined,-0.0041,1.5519,-2.8410,0.0998,0.2642,0.9593,,0.0000,0.0000,0.0000
54.0592,Left,0.4534,1.5265,-2.8816,0.0173,0.0231,0.9996,,0.0000,0.0000,0.0000
54.0592,Right,-0.0042,1.5524,-2.8419,-0.0379,0.0268,0.9989,,0.0000,0.0000,0.0000
54.0592,Combined,-0.0042,1.5524,-2.8419,0.0983,0.2693,0.9580,,0.0000,0.0000,0.0000
54.1296,Left,0.4537,1.5262,-2.8822,0.0201,0.0140,0.9997,,0.0000,0.0000,0.0000
54.1296,Right,-0.0039,1.5524,-2.8424,-0.0352,0.0177,0.9992,,0.0000,0.0000,0.0000
54.1296,Combined,-0.0039,1.5524,-2.8424,0.0988,0.2698,0.9578,,0.0000,0.0000,0.0000
54.2005,Left,0.4542,1.5249,-2.8826,0.0200,0.0034,0.9998,,0.0000,0.0000,0.0000
54.2005,Right,-0.0032,1.5519,-2.8425,-0.0353,0.0073,0.9993,,0.0000,0.0000,0.0000
54.2005,Combined,-0.0032,1.5519,-2.8425,0.0998,0.2656,0.9589,,0.0000,0.0000,0.0000
54.2546,Left,0.4548,1.5230,-2.8821,0.0192,-0.0019,0.9998,,0.0000,0.0000,0.0000
54.2546,Right,-0.0026,1.5512,-2.8419,-0.0360,0.0022,0.9993,,0.0000,0.0000,0.0000
54.2546,Combined,-0.0026,1.5512,-2.8419,0.1003,0.2582,0.9609,,0.0000,0.0000,0.0000
54.3247,Left,0.4552,1.5219,-2.8814,0.0192,-0.0052,0.9998,,0.0000,0.0000,0.0000
54.3247,Right,-0.0021,1.5507,-2.8412,-0.0361,-0.0010,0.9993,,0.0000,0.0000,0.0000
54.3247,Combined,-0.0021,1.5507,-2.8412,0.1007,0.2534,0.9621,,0.0000,0.0000,0.0000
54.3931,Left,0.4556,1.5207,-2.8804,0.0189,0.0012,0.9998,,0.0000,0.0000,0.0000
54.3931,Right,-0.0017,1.5501,-2.8402,-0.0363,0.0055,0.9993,,0.0000,0.0000,0.0000
54.3931,Combined,-0.0017,1.5501,-2.8402,0.1007,0.2478,0.9636,,0.0000,0.0000,0.0000
54.4495,Left,0.4558,1.5201,-2.8793,0.1045,0.0150,0.9944,,0.0000,0.0000,0.0000
54.4495,Right,-0.0015,1.5495,-2.8393,0.0494,0.0186,0.9986,,0.0000,0.0000,0.0000
54.4495,Combined,-0.0015,1.5495,-2.8393,0.0999,0.2424,0.9650,,0.0000,0.0000,0.0000
54.5207,Left,0.4559,1.5196,-2.8785,0.1663,-0.0465,0.9850,,0.0000,0.0000,0.0000
54.5207,Right,-0.0015,1.5491,-2.8389,0.1112,-0.0435,0.9928,,0.0000,0.0000,0.0000
54.5207,Combined,-0.0015,1.5491,-2.8389,0.0992,0.2386,0.9660,,0.0000,0.0000,0.0000
54.6037,Left,0.4558,1.5192,-2.8781,0.1681,0.0176,0.9856,,0.0000,0.0000,0.0000
54.6037,Right,-0.0016,1.5487,-2.8386,0.1135,0.0208,0.9933,,0.0000,0.0000,0.0000
54.6037,Combined,-0.0016,1.5487,-2.8386,0.0988,0.2356,0.9668,,0.0000,0.0000,0.0000
54.6760,Left,0.4555,1.5193,-2.8781,0.1611,0.0184,0.9868,,0.0000,0.0000,0.0000
54.6760,Right,-0.0018,1.5487,-2.8385,0.1064,0.0216,0.9941,,0.0000,0.0000,0.0000
54.6760,Combined,-0.0018,1.5487,-2.8385,0.0987,0.2350,0.9670,,0.0000,0.0000,0.0000
54.7410,Left,0.4553,1.5199,-2.8779,0.1648,0.0191,0.9861,,0.0000,0.0000,0.0000
54.7410,Right,-0.0021,1.5487,-2.8386,0.1102,0.0222,0.9937,,0.0000,0.0000,0.0000
54.7410,Combined,-0.0021,1.5487,-2.8386,0.0979,0.2353,0.9670,,0.0000,0.0000,0.0000
54.7965,Left,0.4550,1.5202,-2.8775,0.1754,0.0236,0.9842,,0.0000,0.0000,0.0000
54.7965,Right,-0.0024,1.5487,-2.8385,0.1210,0.0266,0.9923,,0.0000,0.0000,0.0000
54.7965,Combined,-0.0024,1.5487,-2.8385,0.0971,0.2355,0.9670,,0.0000,0.0000,0.0000
54.8567,Left,0.4549,1.5205,-2.8771,0.1753,0.0309,0.9840,,0.0000,0.0000,0.0000
54.8567,Right,-0.0026,1.5487,-2.8383,0.1209,0.0340,0.9921,,0.0000,0.0000,0.0000
54.8567,Combined,-0.0026,1.5487,-2.8383,0.0964,0.2354,0.9671,,0.0000,0.0000,0.0000
54.9227,Left,0.4548,1.5205,-2.8766,0.1735,0.0308,0.9844,,0.0000,0.0000,0.0000
54.9227,Right,-0.0027,1.5486,-2.8381,0.1191,0.0338,0.9923,,0.0000,0.0000,0.0000
54.9227,Combined,-0.0027,1.5486,-2.8381,0.0958,0.2343,0.9674,,0.0000,0.0000,0.0000
54.9782,Left,0.4548,1.5203,-2.8763,0.1719,0.0310,0.9846,,0.0000,0.0000,0.0000
54.9782,Right,-0.0027,1.5484,-2.8379,0.1176,0.0340,0.9925,,0.0000,0.0000,0.0000
54.9782,Combined,-0.0027,1.5484,-2.8379,0.0955,0.2326,0.9679,,0.0000,0.0000,0.0000
55.0481,Left,0.4548,1.5201,-2.8761,0.2693,-0.0125,0.9630,,0.0000,0.0000,0.0000
55.0481,Right,-0.0027,1.5483,-2.8377,0.2163,-0.0104,0.9763,,0.0000,0.0000,0.0000
55.0481,Combined,-0.0027,1.5483,-2.8377,0.0955,0.2313,0.9682,,0.0000,0.0000,0.0000
55.1169,Left,0.4550,1.5198,-2.8759,0.3864,-0.0696,0.9197,,0.0000,0.0000,0.0000
55.1169,Right,-0.0026,1.5482,-2.8376,0.3364,-0.0693,0.9392,,0.0000,0.0000,0.0000
55.1169,Combined,-0.0026,1.5482,-2.8376,0.0954,0.2299,0.9685,,0.0000,0.0000,0.0000
55.1632,Left,0.4551,1.5195,-2.8762,0.3808,-0.0650,0.9224,,0.0000,0.0000,0.0000
55.1632,Right,-0.0024,1.5481,-2.8375,0.3307,-0.0646,0.9415,,0.0000,0.0000,0.0000
55.1632,Combined,-0.0024,1.5481,-2.8375,0.0961,0.2291,0.9686,,0.0000,0.0000,0.0000
55.2439,Left,0.4552,1.5194,-2.8766,0.3818,-0.0562,0.9225,,0.0000,0.0000,0.0000
55.2439,Right,-0.0023,1.5481,-2.8375,0.3317,-0.0556,0.9417,,0.0000,0.0000,0.0000
55.2439,Combined,-0.0023,1.5481,-2.8375,0.0971,0.2289,0.9686,,0.0000,0.0000,0.0000
55.3146,Left,0.4553,1.5191,-2.8768,0.3782,-0.0532,0.9242,,0.0000,0.0000,0.0000
55.3146,Right,-0.0021,1.5479,-2.8374,0.3280,-0.0525,0.9432,,0.0000,0.0000,0.0000
55.3146,Combined,-0.0021,1.5479,-2.8374,0.0977,0.2280,0.9688,,0.0000,0.0000,0.0000
55.3845,Left,0.4554,1.5188,-2.8765,0.3706,-0.0565,0.9271,,0.0000,0.0000,0.0000
55.3845,Right,-0.0020,1.5478,-2.8374,0.3201,-0.0558,0.9457,,0.0000,0.0000,0.0000
55.3845,Combined,-0.0020,1.5478,-2.8374,0.0973,0.2268,0.9691,,0.0000,0.0000,0.0000
55.4561,Left,0.4553,1.5191,-2.8758,0.3679,-0.0521,0.9284,,0.0000,0.0000,0.0000
55.4561,Right,-0.0022,1.5478,-2.8372,0.3174,-0.0513,0.9469,,0.0000,0.0000,0.0000
55.4561,Combined,-0.0022,1.5478,-2.8372,0.0960,0.2261,0.9694,,0.0000,0.0000,0.0000
55.5101,Left,0.4553,1.5192,-2.8751,0.0847,0.0456,0.9954,,0.0000,0.0000,0.0000
55.5101,Right,-0.0023,1.5477,-2.8370,0.0300,0.0492,0.9983,,0.0000,0.0000,0.0000
55.5101,Combined,-0.0023,1.5477,-2.8370,0.0948,0.2249,0.9698,,0.0000,0.0000,0.0000
55.5798,Left,0.4552,1.5190,-2.8751,0.0482,0.0601,0.9970,,0.0000,0.0000,0.0000
55.5798,Right,-0.0023,1.5476,-2.8369,-0.0065,0.0638,0.9979,,0.0000,0.0000,0.0000
55.5798,Combined,-0.0023,1.5476,-2.8369,0.0948,0.2238,0.9700,,0.0000,0.0000,0.0000
55.6476,Left,0.4552,1.5188,-2.8747,0.0445,0.0559,0.9974,,0.0000,0.0000,0.0000
55.6476,Right,-0.0023,1.5474,-2.8367,-0.0101,0.0596,0.9982,,0.0000,0.0000,0.0000
55.6476,Combined,-0.0023,1.5474,-2.8367,0.0945,0.2225,0.9703,,0.0000,0.0000,0.0000
55.7012,Left,0.4552,1.5189,-2.8743,0.0435,0.0590,0.9973,,0.0000,0.0000,0.0000
55.7012,Right,-0.0024,1.5474,-2.8366,-0.0111,0.0627,0.9980,,0.0000,0.0000,0.0000
55.7012,Combined,-0.0024,1.5474,-2.8366,0.0937,0.2220,0.9705,,0.0000,0.0000,0.0000
55.7829,Left,0.4551,1.5189,-2.8741,0.0474,0.0627,0.9969,,0.0000,0.0000,0.0000
55.7829,Right,-0.0025,1.5473,-2.8366,-0.0072,0.0663,0.9978,,0.0000,0.0000,0.0000
55.7829,Combined,-0.0025,1.5473,-2.8366,0.0934,0.2218,0.9706,,0.0000,0.0000,0.0000
55.8564,Left,0.4551,1.5189,-2.8740,0.0020,0.0421,0.9991,,0.0000,0.0000,0.0000
55.8564,Right,-0.0025,1.5473,-2.8364,-0.0525,0.0461,0.9976,,0.0000,0.0000,0.0000
55.8564,Combined,-0.0025,1.5473,-2.8364,0.0934,0.2211,0.9708,,0.0000,0.0000,0.0000
55.9275,Left,0.4552,1.5186,-2.8740,0.0020,0.0415,0.9991,,0.0000,0.0000,0.0000
55.9275,Right,-0.0024,1.5472,-2.8365,-0.0526,0.0455,0.9976,,0.0000,0.0000,0.0000
55.9275,Combined,-0.0024,1.5472,-2.8365,0.0934,0.2206,0.9709,,0.0000,0.0000,0.0000
55.9978,Left,0.4552,1.5185,-2.8742,-0.0005,0.0463,0.9989,,0.0000,0.0000,0.0000
55.9978,Right,-0.0023,1.5472,-2.8365,-0.0550,0.0502,0.9972,,0.0000,0.0000,0.0000
55.9978,Combined,-0.0023,1.5472,-2.8365,0.0937,0.2209,0.9708,,0.0000,0.0000,0.0000
56.0549,Left,0.4552,1.5188,-2.8742,0.0006,0.0467,0.9989,,0.0000,0.0000,0.0000
56.0549,Right,-0.0024,1.5472,-2.8365,-0.0539,0.0506,0.9973,,0.0000,0.0000,0.0000
56.0549,Combined,-0.0024,1.5472,-2.8365,0.0936,0.2213,0.9707,,0.0000,0.0000,0.0000
56.1361,Left,0.4552,1.5188,-2.8740,0.0047,0.0469,0.9989,,0.0000,0.0000,0.0000
56.1361,Right,-0.0024,1.5472,-2.8366,-0.0499,0.0508,0.9975,,0.0000,0.0000,0.0000
56.1361,Combined,-0.0024,1.5472,-2.8366,0.0930,0.2217,0.9707,,0.0000,0.0000,0.0000
56.2072,Left,0.4552,1.5188,-2.8740,0.0042,0.0434,0.9990,,0.0000,0.0000,0.0000
56.2072,Right,-0.0024,1.5473,-2.8367,-0.0503,0.0474,0.9976,,0.0000,0.0000,0.0000
56.2072,Combined,-0.0024,1.5473,-2.8367,0.0930,0.2221,0.9706,,0.0000,0.0000,0.0000
56.2768,Left,0.4552,1.5187,-2.8741,0.0041,0.0464,0.9989,,0.0000,0.0000,0.0000
56.2768,Right,-0.0024,1.5473,-2.8366,-0.0504,0.0504,0.9975,,0.0000,0.0000,0.0000
56.2768,Combined,-0.0024,1.5473,-2.8366,0.0932,0.2223,0.9705,,0.0000,0.0000,0.0000
56.3439,Left,0.4553,1.5188,-2.8741,-0.0038,0.0468,0.9989,,0.0000,0.0000,0.0000
56.3439,Right,-0.0023,1.5473,-2.8367,-0.0583,0.0508,0.9970,,0.0000,0.0000,0.0000
56.3439,Combined,-0.0023,1.5473,-2.8367,0.0932,0.2220,0.9706,,0.0000,0.0000,0.0000
56.3999,Left,0.4553,1.5186,-2.8740,-0.0262,0.0317,0.9992,,0.0000,0.0000,0.0000
56.3999,Right,-0.0023,1.5472,-2.8367,-0.0805,0.0359,0.9961,,0.0000,0.0000,0.0000
56.3999,Combined,-0.0023,1.5472,-2.8367,0.0930,0.2217,0.9707,,0.0000,0.0000,0.0000
56.4717,Left,0.4554,1.5187,-2.8738,-0.2134,0.0175,0.9768,,0.0000,0.0000,0.0000
56.4717,Right,-0.0022,1.5473,-2.8366,-0.2641,0.0229,0.9642,,0.0000,0.0000,0.0000
56.4717,Combined,-0.0022,1.5473,-2.8366,0.0928,0.2219,0.9706,,0.0000,0.0000,0.0000
56.5388,Left,0.4554,1.5186,-2.8738,-0.2134,0.0142,0.9769,,0.0000,0.0000,0.0000
56.5388,Right,-0.0022,1.5473,-2.8366,-0.2641,0.0197,0.9643,,0.0000,0.0000,0.0000
56.5388,Combined,-0.0022,1.5473,-2.8366,0.0927,0.2219,0.9706,,0.0000,0.0000,0.0000
56.5960,Left,0.4555,1.5185,-2.8738,-0.2181,0.0176,0.9758,,0.0000,0.0000,0.0000
56.5960,Right,-0.0021,1.5472,-2.8367,-0.2687,0.0231,0.9630,,0.0000,0.0000,0.0000
56.5960,Combined,-0.0021,1.5472,-2.8367,0.0927,0.2222,0.9706,,0.0000,0.0000,0.0000
56.6844,Left,0.4555,1.5186,-2.8736,-0.2169,0.0194,0.9760,,0.0000,0.0000,0.0000
56.6844,Right,-0.0021,1.5473,-2.8367,-0.2675,0.0248,0.9632,,0.0000,0.0000,0.0000
56.6844,Combined,-0.0021,1.5473,-2.8367,0.0922,0.2226,0.9705,,0.0000,0.0000,0.0000
56.7948,Left,0.4555,1.5187,-2.8735,0.0784,0.0157,0.9968,,0.0000,0.0000,0.0000
56.7948,Right,-0.0021,1.5474,-2.8367,0.0234,0.0193,0.9995,,0.0000,0.0000,0.0000
56.7948,Combined,-0.0021,1.5474,-2.8367,0.0920,0.2235,0.9703,,0.0000,0.0000,0.0000
56.9052,Left,0.4556,1.5184,-2.8733,0.0326,-0.0083,0.9994,,0.0000,0.0000,0.0000
56.9052,Right,-0.0021,1.5473,-2.8367,-0.0225,-0.0043,0.9997,,0.0000,0.0000,0.0000
56.9052,Combined,-0.0021,1.5473,-2.8367,0.0918,0.2232,0.9704,,0.0000,0.0000,0.0000
57.0323,Left,0.4556,1.5181,-2.8735,0.0330,0.0250,0.9991,,0.0000,0.0000,0.0000
57.0323,Right,-0.0020,1.5473,-2.8366,-0.0218,0.0289,0.9993,,0.0000,0.0000,0.0000
57.0323,Combined,-0.0020,1.5473,-2.8366,0.0924,0.2231,0.9704,,0.0000,0.0000,0.0000
57.1305,Left,0.4556,1.5182,-2.8741,0.0180,0.0321,0.9993,,0.0000,0.0000,0.0000
57.1305,Right,-0.0020,1.5478,-2.8369,-0.0368,0.0361,0.9987,,0.0000,0.0000,0.0000
57.1305,Combined,-0.0020,1.5478,-2.8369,0.0934,0.2282,0.9691,,0.0000,0.0000,0.0000
57.2257,Left,0.4554,1.5189,-2.8744,0.0100,0.0424,0.9991,,0.0000,0.0000,0.0000
57.2257,Right,-0.0022,1.5486,-2.8379,-0.0447,0.0464,0.9979,,0.0000,0.0000,0.0000
57.2257,Combined,-0.0022,1.5486,-2.8379,0.0924,0.2377,0.9669,,0.0000,0.0000,0.0000
57.3230,Left,0.4552,1.5193,-2.8741,0.0033,0.0356,0.9994,,0.0000,0.0000,0.0000
57.3230,Right,-0.0025,1.5491,-2.8388,-0.0515,0.0397,0.9979,,0.0000,0.0000,0.0000
57.3230,Combined,-0.0025,1.5491,-2.8388,0.0902,0.2425,0.9659,,0.0000,0.0000,0.0000
57.4340,Left,0.4553,1.5193,-2.8737,0.0070,0.0266,0.9996,,0.0000,0.0000,0.0000
57.4340,Right,-0.0024,1.5491,-2.8388,-0.0479,0.0308,0.9984,,0.0000,0.0000,0.0000
57.4340,Combined,-0.0024,1.5491,-2.8388,0.0894,0.2415,0.9663,,0.0000,0.0000,0.0000
57.5325,Left,0.4555,1.5188,-2.8735,0.0066,0.0245,0.9997,,0.0000,0.0000,0.0000
57.5325,Right,-0.0022,1.5488,-2.8384,-0.0483,0.0286,0.9984,,0.0000,0.0000,0.0000
57.5325,Combined,-0.0022,1.5488,-2.8384,0.0897,0.2380,0.9671,,0.0000,0.0000,0.0000
57.6287,Left,0.4556,1.5188,-2.8729,0.0075,0.0304,0.9995,,0.0000,0.0000,0.0000
57.6287,Right,-0.0021,1.5486,-2.8380,-0.0473,0.0345,0.9983,,0.0000,0.0000,0.0000
57.6287,Combined,-0.0021,1.5486,-2.8380,0.0892,0.2356,0.9677,,0.0000,0.0000,0.0000
57.7344,Left,0.4559,1.5194,-2.8716,0.0072,0.0361,0.9993,,0.0000,0.0000,0.0000
57.7344,Right,-0.0020,1.5490,-2.8378,-0.0476,0.0401,0.9981,,0.0000,0.0000,0.0000
57.7344,Combined,-0.0020,1.5490,-2.8378,0.0868,0.2388,0.9672,,0.0000,0.0000,0.0000
57.8364,Left,0.4564,1.5180,-2.8712,0.0100,0.0323,0.9994,,0.0000,0.0000,0.0000
57.8364,Right,-0.0014,1.5488,-2.8380,-0.0449,0.0364,0.9983,,0.0000,0.0000,0.0000
57.8364,Combined,-0.0014,1.5488,-2.8380,0.0863,0.2394,0.9671,,0.0000,0.0000,0.0000
57.9362,Left,0.4571,1.5165,-2.8722,-0.0056,0.0347,0.9994,,0.0000,0.0000,0.0000
57.9362,Right,-0.0006,1.5486,-2.8383,-0.0603,0.0391,0.9974,,0.0000,0.0000,0.0000
57.9362,Combined,-0.0006,1.5486,-2.8383,0.0885,0.2386,0.9671,,0.0000,0.0000,0.0000
58.0385,Left,0.4575,1.5161,-2.8725,-0.0116,0.0372,0.9992,,0.0000,0.0000,0.0000
58.0385,Right,0.0000,1.5488,-2.8384,-0.0662,0.0417,0.9969,,0.0000,0.0000,0.0000
58.0385,Combined,0.0000,1.5488,-2.8384,0.0892,0.2408,0.9665,,0.0000,0.0000,0.0000
58.1427,Left,0.4579,1.5151,-2.8719,-0.0110,0.0318,0.9994,,0.0000,0.0000,0.0000
58.1427,Right,0.0003,1.5485,-2.8382,-0.0657,0.0364,0.9972,,0.0000,0.0000,0.0000
58.1427,Combined,0.0003,1.5485,-2.8382,0.0887,0.2389,0.9670,,0.0000,0.0000,0.0000
58.2418,Left,0.4581,1.5146,-2.8720,-0.0094,0.0254,0.9996,,0.0000,0.0000,0.0000
58.2418,Right,0.0006,1.5482,-2.8378,-0.0641,0.0301,0.9975,,0.0000,0.0000,0.0000
58.2418,Combined,0.0006,1.5482,-2.8378,0.0895,0.2363,0.9675,,0.0000,0.0000,0.0000
58.3426,Left,0.4580,1.5144,-2.8715,-0.0111,0.0281,0.9995,,0.0000,0.0000,0.0000
58.3426,Right,0.0005,1.5480,-2.8376,-0.0658,0.0328,0.9973,,0.0000,0.0000,0.0000
58.3426,Combined,0.0005,1.5480,-2.8376,0.0890,0.2351,0.9679,,0.0000,0.0000,0.0000
58.4371,Left,0.4579,1.5144,-2.8712,-0.0110,0.0279,0.9996,,0.0000,0.0000,0.0000
58.4371,Right,0.0003,1.5480,-2.8374,-0.0657,0.0325,0.9973,,0.0000,0.0000,0.0000
58.4371,Combined,0.0003,1.5480,-2.8374,0.0887,0.2344,0.9681,,0.0000,0.0000,0.0000
58.5348,Left,0.4576,1.5147,-2.8708,-0.0066,0.0300,0.9995,,0.0000,0.0000,0.0000
58.5348,Right,0.0000,1.5479,-2.8373,-0.0613,0.0346,0.9975,,0.0000,0.0000,0.0000
58.5348,Combined,0.0000,1.5479,-2.8373,0.0878,0.2338,0.9683,,0.0000,0.0000,0.0000
58.7366,Left,0.4570,1.5152,-2.8682,-0.0078,0.0274,0.9996,,0.0000,0.0000,0.0000
58.7366,Right,-0.0008,1.5482,-2.8373,-0.0625,0.0320,0.9975,,0.0000,0.0000,0.0000
58.7366,Combined,-0.0008,1.5482,-2.8373,0.0821,0.2340,0.9688,,0.0000,0.0000,0.0000
58.8785,Left,0.4537,1.5215,-2.8560,-0.0279,0.0614,0.9977,,0.0000,0.0000,0.0000
58.8785,Right,-0.0049,1.5545,-2.8415,-0.0828,0.0657,0.9944,,0.0000,0.0000,0.0000
58.8785,Combined,-0.0049,1.5545,-2.8415,0.0507,0.2859,0.9569,,0.0000,0.0000,0.0000
59.0018,Left,0.4529,1.5270,-2.8604,-0.0030,0.0311,0.9995,,0.0000,0.0000,0.0000
59.0018,Right,-0.0059,1.5578,-2.8471,-0.0586,0.0351,0.9977,,0.0000,0.0000,0.0000
59.0018,Combined,-0.0059,1.5578,-2.8471,0.0491,0.3195,0.9463,,0.0000,0.0000,0.0000
59.0714,Left,0.4527,1.5284,-2.8637,0.0002,0.0327,0.9995,,0.0000,0.0000,0.0000
59.0714,Right,-0.0061,1.5589,-2.8496,-0.0555,0.0367,0.9978,,0.0000,0.0000,0.0000
59.0714,Combined,-0.0061,1.5589,-2.8496,0.0508,0.3304,0.9425,,0.0000,0.0000,0.0000
59.1429,Left,0.4519,1.5325,-2.8570,-0.0524,0.0716,0.9961,,0.0000,0.0000,0.0000
59.1429,Right,-0.0071,1.5638,-2.8529,-0.1079,0.0756,0.9913,,0.0000,0.0000,0.0000
59.1429,Combined,-0.0071,1.5638,-2.8529,0.0343,0.3843,0.9226,,0.0000,0.0000,0.0000
59.1972,Left,0.4474,1.5320,-2.8379,-0.0763,0.1041,0.9916,,0.0000,0.0000,0.0000
59.1972,Right,-0.0106,1.5686,-2.8589,-0.1320,0.1085,0.9853,,0.0000,0.0000,0.0000
59.1972,Combined,-0.0106,1.5686,-2.8589,-0.0061,0.4403,0.8978,,0.0000,0.0000,0.0000
59.2683,Left,0.4445,1.5357,-2.8294,-0.0709,0.0524,0.9961,,0.0000,0.0000,0.0000
59.2683,Right,-0.0129,1.5699,-2.8635,-0.1275,0.0567,0.9902,,0.0000,0.0000,0.0000
59.2683,Combined,-0.0129,1.5699,-2.8635,-0.0318,0.4597,0.8875,,0.0000,0.0000,0.0000
59.3352,Left,0.4435,1.5404,-2.8287,-0.0419,0.0342,0.9985,,0.0000,0.0000,0.0000
59.3352,Right,-0.0139,1.5703,-2.8674,-0.0989,0.0379,0.9944,,0.0000,0.0000,0.0000
59.3352,Combined,-0.0139,1.5703,-2.8674,-0.0443,0.4652,0.8841,,0.0000,0.0000,0.0000
59.3925,Left,0.4451,1.5422,-2.8363,-0.0247,0.0093,0.9997,,0.0000,0.0000,0.0000
59.3925,Right,-0.0130,1.5694,-2.8690,-0.0819,0.0126,0.9966,,0.0000,0.0000,0.0000
59.3925,Combined,-0.0130,1.5694,-2.8690,-0.0365,0.4549,0.8898,,0.0000,0.0000,0.0000
59.4643,Left,0.4469,1.5415,-2.8439,0.0088,0.0040,1.0000,,0.0000,0.0000,0.0000
59.4643,Right,-0.0117,1.5681,-2.8690,-0.0483,0.0070,0.9988,,0.0000,0.0000,0.0000
59.4643,Combined,-0.0117,1.5681,-2.8690,-0.0237,0.4389,0.8982,,0.0000,0.0000,0.0000
59.5310,Left,0.4486,1.5413,-2.8499,0.0064,-0.0047,1.0000,,0.0000,0.0000,0.0000
59.5310,Right,-0.0104,1.5668,-2.8677,-0.0506,-0.0017,0.9987,,0.0000,0.0000,0.0000
59.5310,Combined,-0.0104,1.5668,-2.8677,-0.0118,0.4225,0.9063,,0.0000,0.0000,0.0000
59.5881,Left,0.4496,1.5414,-2.8508,0.0035,-0.0197,0.9998,,0.0000,0.0000,0.0000
59.5881,Right,-0.0095,1.5656,-2.8654,-0.0536,-0.0168,0.9984,,0.0000,0.0000,0.0000
59.5881,Combined,-0.0095,1.5656,-2.8654,-0.0077,0.4079,0.9130,,0.0000,0.0000,0.0000
59.6576,Left,0.4499,1.5397,-2.8492,-0.0226,0.0233,0.9995,,0.0000,0.0000,0.0000
59.6576,Right,-0.0092,1.5647,-2.8635,-0.0791,0.0264,0.9965,,0.0000,0.0000,0.0000
59.6576,Combined,-0.0092,1.5647,-2.8635,-0.0069,0.3967,0.9179,,0.0000,0.0000,0.0000
59.7167,Left,0.4498,1.5394,-2.8458,-0.0330,0.4613,0.8866,,0.0000,0.0000,0.0000
59.7167,Right,-0.0093,1.5636,-2.8608,-0.0857,0.4631,0.8821,,0.0000,0.0000,0.0000
59.7167,Combined,-0.0093,1.5636,-2.8608,-0.0100,0.3821,0.9241,,0.0000,0.0000,0.0000
59.7674,Left,0.4495,1.5402,-2.8422,-0.0438,0.4531,0.8904,,0.0000,0.0000,0.0000
59.7674,Right,-0.0097,1.5624,-2.8585,-0.0964,0.4546,0.8855,,0.0000,0.0000,0.0000
59.7674,Combined,-0.0097,1.5624,-2.8585,-0.0153,0.3669,0.9301,,0.0000,0.0000,0.0000
59.8397,Left,0.4489,1.5395,-2.8378,-0.0472,0.4481,0.8927,,0.0000,0.0000,0.0000
59.8397,Right,-0.0102,1.5609,-2.8562,-0.0997,0.4495,0.8877,,0.0000,0.0000,0.0000
59.8397,Combined,-0.0102,1.5609,-2.8562,-0.0213,0.3499,0.9366,,0.0000,0.0000,0.0000
59.9075,Left,0.4483,1.5364,-2.8329,-0.0385,0.4463,0.8941,,0.0000,0.0000,0.0000
59.9075,Right,-0.0107,1.5585,-2.8535,-0.0908,0.4480,0.8894,,0.0000,0.0000,0.0000
59.9075,Combined,-0.0107,1.5585,-2.8535,-0.0271,0.3226,0.9462,,0.0000,0.0000,0.0000
59.9676,Left,0.4482,1.5341,-2.8312,-0.0394,0.4268,0.9035,,0.0000,0.0000,0.0000
59.9676,Right,-0.0108,1.5557,-2.8512,-0.0916,0.4286,0.8988,,0.0000,0.0000,0.0000
59.9676,Combined,-0.0108,1.5557,-2.8512,-0.0280,0.2913,0.9562,,0.0000,0.0000,0.0000
60.0470,Left,0.4487,1.5336,-2.8326,-0.0276,0.4338,0.9006,,0.0000,0.0000,0.0000
60.0470,Right,-0.0106,1.5539,-2.8494,-0.0797,0.4356,0.8966,,0.0000,0.0000,0.0000
60.0470,Combined,-0.0106,1.5539,-2.8494,-0.0233,0.2723,0.9619,,0.0000,0.0000,0.0000
60.1158,Left,0.4496,1.5331,-2.8367,0.0104,0.1944,0.9809,,0.0000,0.0000,0.0000
60.1158,Right,-0.0099,1.5516,-2.8472,-0.0436,0.1966,0.9795,,0.0000,0.0000,0.0000
60.1158,Combined,-0.0099,1.5516,-2.8472,-0.0122,0.2465,0.9691,,0.0000,0.0000,0.0000
60.1723,Left,0.4507,1.5314,-2.8412,0.0895,0.0311,0.9955,,0.0000,0.0000,0.0000
60.1723,Right,-0.0089,1.5502,-2.8454,0.0346,0.0329,0.9989,,0.0000,0.0000,0.0000
60.1723,Combined,-0.0089,1.5502,-2.8454,0.0006,0.2310,0.9730,,0.0000,0.0000,0.0000
60.2428,Left,0.4518,1.5296,-2.8460,0.0081,-0.0679,0.9977,,0.0000,0.0000,0.0000
60.2428,Right,-0.0078,1.5498,-2.8445,-0.0478,-0.0652,0.9967,,0.0000,0.0000,0.0000
60.2428,Combined,-0.0078,1.5498,-2.8445,0.0131,0.2277,0.9736,,0.0000,0.0000,0.0000
60.3108,Left,0.4531,1.5291,-2.8521,0.0118,0.0042,0.9999,,0.0000,0.0000,0.0000
60.3108,Right,-0.0064,1.5509,-2.8444,-0.0435,0.0070,0.9990,,0.0000,0.0000,0.0000
60.3108,Combined,-0.0064,1.5509,-2.8444,0.0277,0.2427,0.9697,,0.0000,0.0000,0.0000
60.3553,Left,0.4541,1.5297,-2.8573,0.0181,0.0329,0.9993,,0.0000,0.0000,0.0000
60.3553,Right,-0.0052,1.5535,-2.8457,-0.0373,0.0359,0.9987,,0.0000,0.0000,0.0000
60.3553,Combined,-0.0052,1.5535,-2.8457,0.0384,0.2714,0.9617,,0.0000,0.0000,0.0000
60.4296,Left,0.4545,1.5298,-2.8602,-0.0016,0.0452,0.9990,,0.0000,0.0000,0.0000
60.4296,Right,-0.0046,1.5550,-2.8471,-0.0569,0.0484,0.9972,,0.0000,0.0000,0.0000
60.4296,Combined,-0.0046,1.5550,-2.8471,0.0433,0.2885,0.9565,,0.0000,0.0000,0.0000
60.4925,Left,0.4553,1.5293,-2.8655,-0.0062,0.0312,0.9995,,0.0000,0.0000,0.0000
60.4925,Right,-0.0036,1.5568,-2.8498,-0.0617,0.0349,0.9975,,0.0000,0.0000,0.0000
60.4925,Combined,-0.0036,1.5568,-2.8498,0.0513,0.3108,0.9491,,0.0000,0.0000,0.0000
60.5469,Left,0.4562,1.5287,-2.8729,-0.0029,0.0430,0.9991,,0.0000,0.0000,0.0000
60.5469,Right,-0.0024,1.5587,-2.8524,-0.0585,0.0469,0.9972,,0.0000,0.0000,0.0000
60.5469,Combined,-0.0024,1.5587,-2.8524,0.0637,0.3330,0.9408,,0.0000,0.0000,0.0000
60.6175,Left,0.4568,1.5284,-2.8792,-0.0054,0.0530,0.9986,,0.0000,0.0000,0.0000
60.6175,Right,-0.0014,1.5603,-2.8546,-0.0610,0.0572,0.9965,,0.0000,0.0000,0.0000
60.6175,Combined,-0.0014,1.5603,-2.8546,0.0746,0.3520,0.9330,,0.0000,0.0000,0.0000
60.6865,Left,0.4575,1.5305,-2.8884,0.0078,0.0573,0.9983,,0.0000,0.0000,0.0000
60.6865,Right,-0.0003,1.5624,-2.8573,-0.0480,0.0616,0.9969,,0.0000,0.0000,0.0000
60.6865,Combined,-0.0003,1.5624,-2.8573,0.0888,0.3750,0.9228,,0.0000,0.0000,0.0000
60.7431,Left,0.4580,1.5335,-2.8972,0.0106,0.0356,0.9993,,0.0000,0.0000,0.0000
60.7431,Right,0.0005,1.5634,-2.8600,-0.0454,0.0398,0.9982,,0.0000,0.0000,0.0000
60.7431,Combined,0.0005,1.5634,-2.8600,0.0998,0.3849,0.9175,,0.0000,0.0000,0.0000
60.8132,Left,0.4583,1.5350,-2.9045,0.0169,0.0300,0.9994,,0.0000,0.0000,0.0000
60.8132,Right,0.0012,1.5644,-2.8621,-0.0393,0.0341,0.9986,,0.0000,0.0000,0.0000
60.8132,Combined,0.0012,1.5644,-2.8621,0.1099,0.3947,0.9122,,0.0000,0.0000,0.0000
60.8821,Left,0.4589,1.5350,-2.9126,0.0150,0.0294,0.9995,,0.0000,0.0000,0.0000
60.8821,Right,0.0024,1.5656,-2.8648,-0.0412,0.0337,0.9986,,0.0000,0.0000,0.0000
60.8821,Combined,0.0024,1.5656,-2.8648,0.1221,0.4087,0.9044,,0.0000,0.0000,0.0000
60.9386,Left,0.4597,1.5340,-2.9214,0.0156,0.0364,0.9992,,0.0000,0.0000,0.0000
60.9386,Right,0.0040,1.5664,-2.8673,-0.0405,0.0409,0.9983,,0.0000,0.0000,0.0000
60.9386,Combined,0.0040,1.5664,-2.8673,0.1362,0.4146,0.8997,,0.0000,0.0000,0.0000
61.0071,Left,0.4603,1.5323,-2.9282,0.0134,0.0188,0.9997,,0.0000,0.0000,0.0000
61.0071,Right,0.0054,1.5672,-2.8693,-0.0428,0.0238,0.9988,,0.0000,0.0000,0.0000
61.0071,Combined,0.0054,1.5672,-2.8693,0.1481,0.4228,0.8941,,0.0000,0.0000,0.0000
61.0802,Left,0.4609,1.5310,-2.9348,0.1627,0.0203,0.9865,,0.0000,0.0000,0.0000
61.0802,Right,0.0067,1.5676,-2.8716,0.1064,0.0248,0.9940,,0.0000,0.0000,0.0000
61.0802,Combined,0.0067,1.5676,-2.8716,0.1583,0.4298,0.8889,,0.0000,0.0000,0.0000
61.1315,Left,0.4613,1.5309,-2.9378,0.1878,0.0177,0.9821,,0.0000,0.0000,0.0000
61.1315,Right,0.0074,1.5675,-2.8726,0.1316,0.0221,0.9911,,0.0000,0.0000,0.0000
61.1315,Combined,0.0074,1.5675,-2.8726,0.1622,0.4285,0.8889,,0.0000,0.0000,0.0000
61.2158,Left,0.4620,1.5297,-2.9397,0.1908,0.0055,0.9816,,0.0000,0.0000,0.0000
61.2158,Right,0.0085,1.5667,-2.8723,0.1347,0.0099,0.9908,,0.0000,0.0000,0.0000
61.2158,Combined,0.0085,1.5667,-2.8723,0.1670,0.4187,0.8926,,0.0000,0.0000,0.0000
61.2898,Left,0.4628,1.5277,-2.9415,0.1846,-0.0036,0.9828,,0.0000,0.0000,0.0000
61.2898,Right,0.0098,1.5653,-2.8710,0.1285,0.0009,0.9917,,0.0000,0.0000,0.0000
61.2898,Combined,0.0098,1.5653,-2.8710,0.1734,0.4031,0.8986,,0.0000,0.0000,0.0000
61.3714,Left,0.4636,1.5253,-2.9407,0.1730,-0.0129,0.9848,,0.0000,0.0000,0.0000
61.3714,Right,0.0109,1.5637,-2.8689,0.1169,-0.0081,0.9931,,0.0000,0.0000,0.0000
61.3714,Combined,0.0109,1.5637,-2.8689,0.1762,0.3864,0.9054,,0.0000,0.0000,0.0000
61.4374,Left,0.4641,1.5250,-2.9364,0.0229,0.0125,0.9997,,0.0000,0.0000,0.0000
61.4374,Right,0.0109,1.5630,-2.8668,-0.0328,0.0181,0.9993,,0.0000,0.0000,0.0000
61.4374,Combined,0.0109,1.5630,-2.8668,0.1714,0.3786,0.9095,,0.0000,0.0000,0.0000
61.4924,Left,0.4640,1.5262,-2.9329,0.0141,0.0227,0.9996,,0.0000,0.0000,0.0000
61.4924,Right,0.0104,1.5632,-2.8657,-0.0415,0.0281,0.9987,,0.0000,0.0000,0.0000
61.4924,Combined,0.0104,1.5632,-2.8657,0.1659,0.3807,0.9097,,0.0000,0.0000,0.0000
61.5768,Left,0.4639,1.5272,-2.9319,0.0184,0.0287,0.9994,,0.0000,0.0000,0.0000
61.5768,Right,0.0102,1.5636,-2.8653,-0.0372,0.0339,0.9987,,0.0000,0.0000,0.0000
61.5768,Combined,0.0102,1.5636,-2.8653,0.1641,0.3838,0.9087,,0.0000,0.0000,0.0000
61.6470,Left,0.4636,1.5274,-2.9310,0.0164,0.0288,0.9994,,0.0000,0.0000,0.0000
61.6470,Right,0.0097,1.5633,-2.8652,-0.0392,0.0340,0.9987,,0.0000,0.0000,0.0000
61.6470,Combined,0.0097,1.5633,-2.8652,0.1621,0.3811,0.9102,,0.0000,0.0000,0.0000
61.7169,Left,0.4634,1.5271,-2.9310,0.0104,0.0145,0.9998,,0.0000,0.0000,0.0000
61.7169,Right,0.0095,1.5625,-2.8651,-0.0452,0.0198,0.9988,,0.0000,0.0000,0.0000
61.7169,Combined,0.0095,1.5625,-2.8651,0.1618,0.3715,0.9142,,0.0000,0.0000,0.0000
61.7865,Left,0.4633,1.5291,-2.9306,0.0115,0.0113,0.9999,,0.0000,0.0000,0.0000
61.7865,Right,0.0092,1.5628,-2.8648,-0.0441,0.0165,0.9989,,0.0000,0.0000,0.0000
61.7865,Combined,0.0092,1.5628,-2.8648,0.1601,0.3725,0.9141,,0.0000,0.0000,0.0000
61.8420,Left,0.4630,1.5317,-2.9278,0.0121,0.0176,0.9998,,0.0000,0.0000,0.0000
61.8420,Right,0.0084,1.5631,-2.8646,-0.0436,0.0224,0.9988,,0.0000,0.0000,0.0000
61.8420,Combined,0.0084,1.5631,-2.8646,0.1531,0.3745,0.9145,,0.0000,0.0000,0.0000
61.9249,Left,0.4629,1.5328,-2.9235,-0.0053,0.0217,0.9998,,0.0000,0.0000,0.0000
61.9249,Right,0.0077,1.5626,-2.8639,-0.0608,0.0263,0.9978,,0.0000,0.0000,0.0000
61.9249,Combined,0.0077,1.5626,-2.8639,0.1444,0.3683,0.9184,,0.0000,0.0000,0.0000
61.9957,Left,0.4629,1.5320,-2.9186,-0.0053,0.0255,0.9997,,0.0000,0.0000,0.0000
61.9957,Right,0.0073,1.5619,-2.8626,-0.0608,0.0300,0.9977,,0.0000,0.0000,0.0000
61.9957,Combined,0.0073,1.5619,-2.8626,0.1370,0.3595,0.9230,,0.0000,0.0000,0.0000
62.0668,Left,0.4631,1.5308,-2.9169,0.0124,0.0304,0.9995,,0.0000,0.0000,0.0000
62.0668,Right,0.0074,1.5614,-2.8616,-0.0431,0.0348,0.9985,,0.0000,0.0000,0.0000
62.0668,Combined,0.0074,1.5614,-2.8616,0.1361,0.3532,0.9256,,0.0000,0.0000,0.0000
62.1369,Left,0.4633,1.5308,-2.9180,0.0182,0.0371,0.9991,,0.0000,0.0000,0.0000
62.1369,Right,0.0078,1.5614,-2.8610,-0.0374,0.0415,0.9984,,0.0000,0.0000,0.0000
62.1369,Combined,0.0078,1.5614,-2.8610,0.1397,0.3545,0.9246,,0.0000,0.0000,0.0000
62.1885,Left,0.4633,1.5317,-2.9185,0.0181,0.0416,0.9990,,0.0000,0.0000,0.0000
62.1885,Right,0.0079,1.5617,-2.8608,-0.0374,0.0459,0.9982,,0.0000,0.0000,0.0000
62.1885,Combined,0.0079,1.5617,-2.8608,0.1407,0.3594,0.9225,,0.0000,0.0000,0.0000
62.2614,Left,0.4630,1.5327,-2.9178,0.0095,0.0461,0.9989,,0.0000,0.0000,0.0000
62.2614,Right,0.0075,1.5623,-2.8611,-0.0460,0.0504,0.9977,,0.0000,0.0000,0.0000
62.2614,Combined,0.0075,1.5623,-2.8611,0.1384,0.3676,0.9196,,0.0000,0.0000,0.0000
62.3270,Left,0.4626,1.5345,-2.9178,0.0164,0.0502,0.9986,,0.0000,0.0000,0.0000
62.3270,Right,0.0068,1.5636,-2.8624,-0.0393,0.0543,0.9978,,0.0000,0.0000,0.0000
62.3270,Combined,0.0068,1.5636,-2.8624,0.1355,0.3826,0.9139,,0.0000,0.0000,0.0000
62.3840,Left,0.4622,1.5365,-2.9202,0.0170,0.0526,0.9985,,0.0000,0.0000,0.0000
62.3840,Right,0.0064,1.5651,-2.8645,-0.0388,0.0566,0.9976,,0.0000,0.0000,0.0000
62.3840,Combined,0.0064,1.5651,-2.8645,0.1359,0.3995,0.9066,,0.0000,0.0000,0.0000
62.4565,Left,0.4618,1.5381,-2.9241,0.0253,0.0534,0.9983,,0.0000,0.0000,0.0000
62.4565,Right,0.0063,1.5666,-2.8667,-0.0307,0.0573,0.9979,,0.0000,0.0000,0.0000
62.4565,Combined,0.0063,1.5666,-2.8667,0.1392,0.4155,0.8989,,0.0000,0.0000,0.0000
62.5236,Left,0.4617,1.5408,-2.9290,0.0648,-0.0954,0.9933,,0.0000,0.0000,0.0000
62.5236,Right,0.0064,1.5685,-2.8696,0.0070,-0.0911,0.9958,,0.0000,0.0000,0.0000
62.5236,Combined,0.0064,1.5685,-2.8696,0.1426,0.4363,0.8884,,0.0000,0.0000,0.0000
62.5789,Left,0.4618,1.5403,-2.9342,0.1096,-0.1491,0.9827,,0.0000,0.0000,0.0000
62.5789,Right,0.0070,1.5700,-2.8719,0.0510,-0.1450,0.9881,,0.0000,0.0000,0.0000
62.5789,Combined,0.0070,1.5700,-2.8719,0.1499,0.4512,0.8797,,0.0000,0.0000,0.0000
62.6504,Left,0.4619,1.5376,-2.9434,0.1007,-0.1704,0.9802,,0.0000,0.0000,0.0000
62.6504,Right,0.0084,1.5705,-2.8735,0.0419,-0.1656,0.9853,,0.0000,0.0000,0.0000
62.6504,Combined,0.0084,1.5705,-2.8735,0.1678,0.4578,0.8731,,0.0000,0.0000,0.0000
62.7184,Left,0.4620,1.5331,-2.9609,0.1281,-0.1797,0.9753,,0.0000,0.0000,0.0000
62.7184,Right,0.0116,1.5704,-2.8751,0.0695,-0.1744,0.9822,,0.0000,0.0000,0.0000
62.7184,Combined,0.0116,1.5704,-2.8751,0.2028,0.4563,0.8664,,0.0000,0.0000,0.0000
62.7738,Left,0.4617,1.5299,-2.9788,0.1406,-0.1968,0.9703,,0.0000,0.0000,0.0000
62.7738,Right,0.0151,1.5697,-2.8761,0.0821,-0.1906,0.9782,,0.0000,0.0000,0.0000
62.7738,Combined,0.0151,1.5697,-2.8761,0.2380,0.4475,0.8620,,0.0000,0.0000,0.0000
62.8451,Left,0.4617,1.5296,-2.9872,0.1319,-0.2127,0.9682,,0.0000,0.0000,0.0000
62.8451,Right,0.0171,1.5690,-2.8762,0.0736,-0.2061,0.9758,,0.0000,0.0000,0.0000
62.8451,Combined,0.0171,1.5690,-2.8762,0.2542,0.4374,0.8626,,0.0000,0.0000,0.0000
62.9135,Left,0.4622,1.5295,-2.9886,0.1367,-0.2237,0.9650,,0.0000,0.0000,0.0000
62.9135,Right,0.0180,1.5680,-2.8755,0.0785,-0.2171,0.9730,,0.0000,0.0000,0.0000
62.9135,Combined,0.0180,1.5680,-2.8755,0.2578,0.4254,0.8675,,0.0000,0.0000,0.0000
62.9730,Left,0.4633,1.5272,-2.9825,0.1266,-0.2394,0.9626,,0.0000,0.0000,0.0000
62.9730,Right,0.0181,1.5662,-2.8733,0.0684,-0.2326,0.9702,,0.0000,0.0000,0.0000
62.9730,Combined,0.0181,1.5662,-2.8733,0.2511,0.4060,0.8787,,0.0000,0.0000,0.0000
63.0401,Left,0.4645,1.5258,-2.9741,0.1004,-0.2495,0.9631,,0.0000,0.0000,0.0000
63.0401,Right,0.0180,1.5643,-2.8703,0.0424,-0.2424,0.9692,,0.0000,0.0000,0.0000
63.0401,Combined,0.0180,1.5643,-2.8703,0.2403,0.3840,0.8915,,0.0000,0.0000,0.0000
63.1081,Left,0.4653,1.5224,-2.9636,0.2712,0.0646,0.9603,,0.0000,0.0000,0.0000
63.1081,Right,0.0174,1.5614,-2.8663,0.2172,0.0692,0.9737,,0.0000,0.0000,0.0000
63.1081,Combined,0.0174,1.5614,-2.8663,0.2279,0.3541,0.9070,,0.0000,0.0000,0.0000
63.1513,Left,0.4660,1.5212,-2.9558,0.2972,0.0680,0.9524,,0.0000,0.0000,0.0000
63.1513,Right,0.0171,1.5594,-2.8626,0.2438,0.0725,0.9671,,0.0000,0.0000,0.0000
63.1513,Combined,0.0171,1.5594,-2.8626,0.2188,0.3305,0.9181,,0.0000,0.0000,0.0000
63.2207,Left,0.4661,1.5209,-2.9517,0.2116,0.0637,0.9753,,0.0000,0.0000,0.0000
63.2207,Right,0.0168,1.5586,-2.8608,0.1570,0.0683,0.9852,,0.0000,0.0000,0.0000
63.2207,Combined,0.0168,1.5586,-2.8608,0.2136,0.3237,0.9217,,0.0000,0.0000,0.0000
63.2901,Left,0.4661,1.5223,-2.9447,-0.0519,0.0013,0.9987,,0.0000,0.0000,0.0000
63.2901,Right,0.0157,1.5584,-2.8588,-0.1057,0.0075,0.9944,,0.0000,0.0000,0.0000
63.2901,Combined,0.0157,1.5584,-2.8588,0.2023,0.3206,0.9254,,0.0000,0.0000,0.0000
63.3463,Left,0.4657,1.5242,-2.9392,-0.0619,0.0444,0.9971,,0.0000,0.0000,0.0000
63.3463,Right,0.0142,1.5591,-2.8586,-0.1154,0.0498,0.9921,,0.0000,0.0000,0.0000
63.3463,Combined,0.0142,1.5591,-2.8586,0.1907,0.3287,0.9250,,0.0000,0.0000,0.0000
63.4161,Left,0.4653,1.5256,-2.9375,-0.0568,0.0833,0.9949,,0.0000,0.0000,0.0000
63.4161,Right,0.0133,1.5600,-2.8593,-0.1102,0.0881,0.9900,,0.0000,0.0000,0.0000
63.4161,Combined,0.0133,1.5600,-2.8593,0.1852,0.3394,0.9222,,0.0000,0.0000,0.0000
63.4851,Left,0.4648,1.5266,-2.9375,-0.0550,0.0912,0.9943,,0.0000,0.0000,0.0000
63.4851,Right,0.0125,1.5610,-2.8610,-0.1086,0.0959,0.9895,,0.0000,0.0000,0.0000
63.4851,Combined,0.0125,1.5610,-2.8610,0.1821,0.3519,0.9182,,0.0000,0.0000,0.0000
63.5417,Left,0.4643,1.5273,-2.9385,-0.0452,0.0861,0.9953,,0.0000,0.0000,0.0000
63.5417,Right,0.0119,1.5614,-2.8624,-0.0991,0.0908,0.9909,,0.0000,0.0000,0.0000
63.5417,Combined,0.0119,1.5614,-2.8624,0.1811,0.3569,0.9164,,0.0000,0.0000,0.0000
63.6140,Left,0.4639,1.5279,-2.9387,0.0230,0.0331,0.9992,,0.0000,0.0000,0.0000
63.6140,Right,0.0114,1.5613,-2.8628,-0.0323,0.0380,0.9988,,0.0000,0.0000,0.0000
63.6140,Combined,0.0114,1.5613,-2.8628,0.1802,0.3552,0.9173,,0.0000,0.0000,0.0000
63.6970,Left,0.4634,1.5290,-2.9363,0.0351,0.0175,0.9992,,0.0000,0.0000,0.0000
63.6970,Right,0.0106,1.5605,-2.8621,-0.0203,0.0223,0.9995,,0.0000,0.0000,0.0000
63.6970,Combined,0.0106,1.5605,-2.8621,0.1752,0.3464,0.9216,,0.0000,0.0000,0.0000
63.7636,Left,0.4630,1.5314,-2.9313,0.0285,0.0063,0.9996,,0.0000,0.0000,0.0000
63.7636,Right,0.0094,1.5588,-2.8599,-0.0269,0.0108,0.9996,,0.0000,0.0000,0.0000
63.7636,Combined,0.0094,1.5588,-2.8599,0.1661,0.3275,0.9301,,0.0000,0.0000,0.0000
63.8331,Left,0.4625,1.5337,-2.9246,0.0194,-0.0062,0.9998,,0.0000,0.0000,0.0000
63.8331,Right,0.0081,1.5565,-2.8568,-0.0358,-0.0022,0.9994,,0.0000,0.0000,0.0000
63.8331,Combined,0.0081,1.5565,-2.8568,0.1555,0.2988,0.9416,,0.0000,0.0000,0.0000
63.8884,Left,0.4619,1.5353,-2.9176,0.0119,-0.0110,0.9999,,0.0000,0.0000,0.0000
63.8884,Right,0.0068,1.5539,-2.8533,-0.0431,-0.0075,0.9990,,0.0000,0.0000,0.0000
63.8884,Combined,0.0068,1.5539,-2.8533,0.1455,0.2689,0.9521,,0.0000,0.0000,0.0000
63.9590,Left,0.4613,1.5361,-2.9130,0.0126,0.0081,0.9999,,0.0000,0.0000,0.0000
63.9590,Right,0.0058,1.5522,-2.8508,-0.0422,0.0111,0.9990,,0.0000,0.0000,0.0000
63.9590,Combined,0.0058,1.5522,-2.8508,0.1395,0.2506,0.9580,,0.0000,0.0000,0.0000
64.0290,Left,0.4604,1.5360,-2.9099,0.0213,0.0050,0.9998,,0.0000,0.0000,0.0000
64.0290,Right,0.0048,1.5509,-2.8487,-0.0335,0.0078,0.9994,,0.0000,0.0000,0.0000
64.0290,Combined,0.0048,1.5509,-2.8487,0.1371,0.2360,0.9620,,0.0000,0.0000,0.0000
64.0842,Left,0.4598,1.5359,-2.9082,0.0223,0.0058,0.9997,,0.0000,0.0000,0.0000
64.0842,Right,0.0041,1.5494,-2.8467,-0.0324,0.0084,0.9994,,0.0000,0.0000,0.0000
64.0842,Combined,0.0041,1.5494,-2.8467,0.1368,0.2206,0.9657,,0.0000,0.0000,0.0000
64.1790,Left,0.4591,1.5375,-2.9053,0.0152,0.0125,0.9998,,0.0000,0.0000,0.0000
64.1790,Right,0.0033,1.5478,-2.8447,-0.0392,0.0148,0.9991,,0.0000,0.0000,0.0000
64.1790,Combined,0.0033,1.5478,-2.8447,0.1334,0.2023,0.9702,,0.0000,0.0000,0.0000
64.2547,Left,0.4586,1.5392,-2.9017,0.0125,0.0281,0.9995,,0.0000,0.0000,0.0000
64.2547,Right,0.0023,1.5471,-2.8433,-0.0418,0.0300,0.9987,,0.0000,0.0000,0.0000
64.2547,Combined,0.0023,1.5471,-2.8433,0.1277,0.1962,0.9722,,0.0000,0.0000,0.0000
64.3355,Left,0.4582,1.5402,-2.8975,0.0102,0.0372,0.9993,,0.0000,0.0000,0.0000
64.3355,Right,0.0016,1.5469,-2.8426,-0.0441,0.0388,0.9983,,0.0000,0.0000,0.0000
64.3355,Combined,0.0016,1.5469,-2.8426,0.1200,0.1947,0.9735,,0.0000,0.0000,0.0000
64.4025,Left,0.4583,1.5394,-2.8944,-0.0215,0.0451,0.9988,,0.0000,0.0000,0.0000
64.4025,Right,0.0013,1.5465,-2.8421,-0.0754,0.0467,0.9961,,0.0000,0.0000,0.0000
64.4025,Combined,0.0013,1.5465,-2.8421,0.1146,0.1901,0.9750,,0.0000,0.0000,0.0000
64.4620,Left,0.4586,1.5380,-2.8924,-0.0235,0.0409,0.9989,,0.0000,0.0000,0.0000
64.4620,Right,0.0015,1.5461,-2.8416,-0.0774,0.0427,0.9961,,0.0000,0.0000,0.0000
64.4620,Combined,0.0015,1.5461,-2.8416,0.1118,0.1862,0.9761,,0.0000,0.0000,0.0000
64.5284,Left,0.4590,1.5377,-2.8920,-0.0232,0.0482,0.9986,,0.0000,0.0000,0.0000
64.5284,Right,0.0019,1.5462,-2.8414,-0.0771,0.0500,0.9958,,0.0000,0.0000,0.0000
64.5284,Combined,0.0019,1.5462,-2.8414,0.1117,0.1876,0.9759,,0.0000,0.0000,0.0000
64.5963,Left,0.4595,1.5382,-2.8922,-0.0106,0.0620,0.9980,,0.0000,0.0000,0.0000
64.5963,Right,0.0024,1.5473,-2.8414,-0.0646,0.0636,0.9959,,0.0000,0.0000,0.0000
64.5963,Combined,0.0024,1.5473,-2.8414,0.1120,0.1984,0.9737,,0.0000,0.0000,0.0000
64.6553,Left,0.4596,1.5384,-2.8917,-0.0124,0.0750,0.9971,,0.0000,0.0000,0.0000
64.6553,Right,0.0024,1.5485,-2.8421,-0.0664,0.0767,0.9948,,0.0000,0.0000,0.0000
64.6553,Combined,0.0024,1.5485,-2.8421,0.1100,0.2115,0.9712,,0.0000,0.0000,0.0000
64.7235,Left,0.4597,1.5385,-2.8916,-0.0194,0.0712,0.9973,,0.0000,0.0000,0.0000
64.7235,Right,0.0024,1.5496,-2.8430,-0.0735,0.0730,0.9946,,0.0000,0.0000,0.0000
64.7235,Combined,0.0024,1.5496,-2.8430,0.1083,0.2247,0.9684,,0.0000,0.0000,0.0000
64.7926,Left,0.4599,1.5377,-2.8926,-0.0133,0.0816,0.9966,,0.0000,0.0000,0.0000
64.7926,Right,0.0026,1.5515,-2.8449,-0.0676,0.0836,0.9942,,0.0000,0.0000,0.0000
64.7926,Combined,0.0026,1.5515,-2.8449,0.1079,0.2466,0.9631,,0.0000,0.0000,0.0000
64.8485,Left,0.4598,1.5368,-2.8949,-0.0143,0.0852,0.9963,,0.0000,0.0000,0.0000
64.8485,Right,0.0026,1.5539,-2.8477,-0.0687,0.0876,0.9938,,0.0000,0.0000,0.0000
64.8485,Combined,0.0026,1.5539,-2.8477,0.1089,0.2723,0.9560,,0.0000,0.0000,0.0000
64.9373,Left,0.4596,1.5359,-2.8989,0.1039,0.0413,0.9937,,0.0000,0.0000,0.0000
64.9373,Right,0.0026,1.5564,-2.8506,0.0485,0.0438,0.9979,,0.0000,0.0000,0.0000
64.9373,Combined,0.0026,1.5564,-2.8506,0.1135,0.3014,0.9467,,0.0000,0.0000,0.0000
65.0154,Left,0.4594,1.5383,-2.9060,0.1125,0.0593,0.9919,,0.0000,0.0000,0.0000
65.0154,Right,0.0028,1.5609,-2.8546,0.0568,0.0621,0.9965,,0.0000,0.0000,0.0000
65.0154,Combined,0.0028,1.5609,-2.8546,0.1218,0.3528,0.9277,,0.0000,0.0000,0.0000
65.0838,Left,0.4590,1.5437,-2.9156,0.1298,0.0767,0.9886,,0.0000,0.0000,0.0000
65.0838,Right,0.0031,1.5645,-2.8576,0.0740,0.0794,0.9941,,0.0000,0.0000,0.0000
65.0838,Combined,0.0031,1.5645,-2.8576,0.1337,0.3920,0.9102,,0.0000,0.0000,0.0000
65.1527,Left,0.4584,1.5462,-2.9226,0.1308,0.0354,0.9908,,0.0000,0.0000,0.0000
65.1527,Right,0.0031,1.5653,-2.8598,0.0746,0.0379,0.9965,,0.0000,0.0000,0.0000
65.1527,Combined,0.0031,1.5653,-2.8598,0.1416,0.3993,0.9058,,0.0000,0.0000,0.0000
65.1979,Left,0.4582,1.5470,-2.9266,0.2124,0.0140,0.9771,,0.0000,0.0000,0.0000
65.1979,Right,0.0032,1.5651,-2.8611,0.1568,0.0160,0.9875,,0.0000,0.0000,0.0000
65.1979,Combined,0.0032,1.5651,-2.8611,0.1464,0.3956,0.9067,,0.0000,0.0000,0.0000
65.2664,Left,0.4583,1.5455,-2.9279,0.2114,0.0089,0.9774,,0.0000,0.0000,0.0000
65.2664,Right,0.0036,1.5644,-2.8610,0.1557,0.0110,0.9877,,0.0000,0.0000,0.0000
65.2664,Combined,0.0036,1.5644,-2.8610,0.1499,0.3887,0.9091,,0.0000,0.0000,0.0000
65.3352,Left,0.4588,1.5418,-2.9301,0.2158,-0.0064,0.9764,,0.0000,0.0000,0.0000
65.3352,Right,0.0047,1.5626,-2.8600,0.1602,-0.0042,0.9871,,0.0000,0.0000,0.0000
65.3352,Combined,0.0047,1.5626,-2.8600,0.1584,0.3700,0.9154,,0.0000,0.0000,0.0000
65.3982,Left,0.4597,1.5385,-2.9310,0.2219,-0.0287,0.9746,,0.0000,0.0000,0.0000
65.3982,Right,0.0061,1.5603,-2.8578,0.1665,-0.0264,0.9857,,0.0000,0.0000,0.0000
65.3982,Combined,0.0061,1.5603,-2.8578,0.1658,0.3446,0.9240,,0.0000,0.0000,0.0000
65.4610,Left,0.4601,1.5388,-2.9297,0.2072,-0.0295,0.9778,,0.0000,0.0000,0.0000
65.4610,Right,0.0066,1.5591,-2.8557,0.1518,-0.0271,0.9880,,0.0000,0.0000,0.0000
65.4610,Combined,0.0066,1.5591,-2.8557,0.1664,0.3280,0.9299,,0.0000,0.0000,0.0000
65.5440,Left,0.4598,1.5435,-2.9248,0.0250,0.0417,0.9988,,0.0000,0.0000,0.0000
65.5440,Right,0.0054,1.5597,-2.8549,-0.0302,0.0445,0.9986,,0.0000,0.0000,0.0000
65.5440,Combined,0.0054,1.5597,-2.8549,0.1550,0.3320,0.9305,,0.0000,0.0000,0.0000
65.6005,Left,0.4592,1.5488,-2.9221,0.0182,0.0389,0.9991,,0.0000,0.0000,0.0000
65.6005,Right,0.0041,1.5597,-2.8562,-0.0370,0.0411,0.9985,,0.0000,0.0000,0.0000
65.6005,Combined,0.0041,1.5597,-2.8562,0.1431,0.3264,0.9343,,0.0000,0.0000,0.0000
65.6727,Left,0.4590,1.5475,-2.9198,0.0288,0.0176,0.9994,,0.0000,0.0000,0.0000
65.6727,Right,0.0035,1.5583,-2.8564,-0.0266,0.0197,0.9995,,0.0000,0.0000,0.0000
65.6727,Combined,0.0035,1.5583,-2.8564,0.1383,0.3097,0.9407,,0.0000,0.0000,0.0000
65.7388,Left,0.4591,1.5439,-2.9158,0.0221,-0.0008,0.9998,,0.0000,0.0000,0.0000
65.7388,Right,0.0032,1.5553,-2.8554,-0.0332,0.0015,0.9994,,0.0000,0.0000,0.0000
65.7388,Combined,0.0032,1.5553,-2.8554,0.1330,0.2822,0.9501,,0.0000,0.0000,0.0000
65.7963,Left,0.4593,1.5407,-2.9111,0.0131,0.0032,0.9999,,0.0000,0.0000,0.0000
65.7963,Right,0.0031,1.5527,-2.8540,-0.0419,0.0056,0.9991,,0.0000,0.0000,0.0000
65.7963,Combined,0.0031,1.5527,-2.8540,0.1267,0.2556,0.9584,,0.0000,0.0000,0.0000
65.8655,Left,0.4594,1.5401,-2.9083,0.0218,0.0137,0.9997,,0.0000,0.0000,0.0000
65.8655,Right,0.0030,1.5519,-2.8529,-0.0331,0.0159,0.9993,,0.0000,0.0000,0.0000
65.8655,Combined,0.0030,1.5519,-2.8529,0.1231,0.2463,0.9613,,0.0000,0.0000,0.0000
65.9346,Left,0.4596,1.5399,-2.9064,0.0205,0.0244,0.9995,,0.0000,0.0000,0.0000
65.9346,Right,0.0030,1.5516,-2.8518,-0.0343,0.0265,0.9991,,0.0000,0.0000,0.0000
65.9346,Combined,0.0030,1.5516,-2.8518,0.1214,0.2433,0.9623,,0.0000,0.0000,0.0000
65.9921,Left,0.4600,1.5403,-2.9063,0.0188,0.0300,0.9994,,0.0000,0.0000,0.0000
65.9921,Right,0.0034,1.5523,-2.8513,-0.0360,0.0322,0.9988,,0.0000,0.0000,0.0000
65.9921,Combined,0.0034,1.5523,-2.8513,0.1225,0.2479,0.9610,,0.0000,0.0000,0.0000
66.0584,Left,0.4605,1.5402,-2.9063,0.0235,0.0329,0.9992,,0.0000,0.0000,0.0000
66.0584,Right,0.0040,1.5532,-2.8508,-0.0314,0.0351,0.9989,,0.0000,0.0000,0.0000
66.0584,Combined,0.0040,1.5532,-2.8508,0.1239,0.2555,0.9588,,0.0000,0.0000,0.0000
66.1290,Left,0.4614,1.5383,-2.9056,0.0265,0.0436,0.9987,,0.0000,0.0000,0.0000
66.1290,Right,0.0051,1.5537,-2.8498,-0.0284,0.0460,0.9985,,0.0000,0.0000,0.0000
66.1290,Combined,0.0051,1.5537,-2.8498,0.1259,0.2639,0.9563,,0.0000,0.0000,0.0000
66.1846,Left,0.4626,1.5350,-2.9053,0.0521,-0.0281,0.9982,,0.0000,0.0000,0.0000
66.1846,Right,0.0064,1.5530,-2.8488,-0.0034,-0.0251,0.9997,,0.0000,0.0000,0.0000
66.1846,Combined,0.0064,1.5530,-2.8488,0.1288,0.2574,0.9577,,0.0000,0.0000,0.0000
66.2546,Left,0.4629,1.5336,-2.9045,-0.0281,-0.0271,0.9992,,0.0000,0.0000,0.0000
66.2546,Right,0.0067,1.5522,-2.8484,-0.0829,-0.0233,0.9963,,0.0000,0.0000,0.0000
66.2546,Combined,0.0067,1.5522,-2.8484,0.1283,0.2481,0.9602,,0.0000,0.0000,0.0000
66.3245,Left,0.4620,1.5351,-2.8966,-0.0407,0.0078,0.9991,,0.0000,0.0000,0.0000
66.3245,Right,0.0048,1.5520,-2.8484,-0.0951,0.0111,0.9954,,0.0000,0.0000,0.0000
66.3245,Combined,0.0048,1.5520,-2.8484,0.1105,0.2418,0.9640,,0.0000,0.0000,0.0000
66.3807,Left,0.4587,1.5331,-2.8736,-0.0844,0.0090,0.9964,,0.0000,0.0000,0.0000
66.3807,Right,-0.0002,1.5521,-2.8488,-0.1385,0.0122,0.9903,,0.0000,0.0000,0.0000
66.3807,Combined,-0.0002,1.5521,-2.8488,0.0622,0.2375,0.9694,,0.0000,0.0000,0.0000
66.4496,Left,0.4550,1.5285,-2.8535,-0.1078,0.0231,0.9939,,0.0000,0.0000,0.0000
66.4496,Right,-0.0043,1.5526,-2.8488,-0.1618,0.0267,0.9865,,0.0000,0.0000,0.0000
66.4496,Combined,-0.0043,1.5526,-2.8488,0.0225,0.2422,0.9700,,0.0000,0.0000,0.0000
66.5205,Left,0.4519,1.5264,-2.8406,-0.0869,0.0314,0.9957,,0.0000,0.0000,0.0000
66.5205,Right,-0.0072,1.5541,-2.8493,-0.1416,0.0351,0.9893,,0.0000,0.0000,0.0000
66.5205,Combined,-0.0072,1.5541,-2.8493,-0.0023,0.2647,0.9643,,0.0000,0.0000,0.0000
66.5750,Left,0.4521,1.5264,-2.8437,-0.0424,0.0691,0.9967,,0.0000,0.0000,0.0000
66.5750,Right,-0.0066,1.5590,-2.8518,-0.0977,0.0732,0.9925,,0.0000,0.0000,0.0000
66.5750,Combined,-0.0066,1.5590,-2.8518,0.0064,0.3256,0.9455,,0.0000,0.0000,0.0000
66.6463,Left,0.4532,1.5295,-2.8527,-0.0144,0.0988,0.9950,,0.0000,0.0000,0.0000
66.6463,Right,-0.0055,1.5633,-2.8557,-0.0699,0.1030,0.9922,,0.0000,0.0000,0.0000
66.6463,Combined,-0.0055,1.5633,-2.8557,0.0213,0.3741,0.9272,,0.0000,0.0000,0.0000
66.7132,Left,0.4540,1.5350,-2.8638,-0.0880,0.0370,0.9954,,0.0000,0.0000,0.0000
66.7132,Right,-0.0049,1.5671,-2.8615,-0.1438,0.0415,0.9887,,0.0000,0.0000,0.0000
66.7132,Combined,-0.0049,1.5671,-2.8615,0.0334,0.4122,0.9105,,0.0000,0.0000,0.0000
66.7710,Left,0.4539,1.5403,-2.8701,-0.2216,-0.0315,0.9746,item 1-1,-2.0617,1.1823,8.1924
66.7710,Right,-0.0052,1.5684,-2.8651,-0.2753,-0.0260,0.9610,,0.0000,0.0000,0.0000
66.7710,Combined,-0.0052,1.5684,-2.8651,0.0356,0.4236,0.9051,,0.0000,0.0000,0.0000
66.8400,Left,0.4538,1.5428,-2.8728,-0.2222,-0.0764,0.9720,item 1-1,-2.0761,0.6726,8.1924
66.8400,Right,-0.0055,1.5682,-2.8660,-0.2762,-0.0707,0.9585,,0.0000,0.0000,0.0000
66.8400,Combined,-0.0055,1.5682,-2.8660,0.0367,0.4217,0.9060,,0.0000,0.0000,0.0000
66.9089,Left,0.4541,1.5439,-2.8749,-0.2141,-0.0807,0.9735,item 1-1,-1.9794,0.6265,8.1924
66.9089,Right,-0.0052,1.5667,-2.8653,-0.2681,-0.0752,0.9605,,0.0000,0.0000,0.0000
66.9089,Combined,-0.0052,1.5667,-2.8653,0.0391,0.4050,0.9135,,0.0000,0.0000,0.0000
66.9663,Left,0.4547,1.5442,-2.8772,-0.2082,-0.0955,0.9734,,0.0000,0.0000,0.0000
66.9663,Right,-0.0046,1.5659,-2.8641,-0.2623,-0.0900,0.9608,,0.0000,0.0000,0.0000
66.9663,Combined,-0.0046,1.5659,-2.8641,0.0447,0.3945,0.9178,,0.0000,0.0000,0.0000
67.0358,Left,0.4551,1.5441,-2.8782,-0.2143,-0.0731,0.9740,item 1-1,-1.9807,0.7130,8.1924
67.0358,Right,-0.0042,1.5655,-2.8636,-0.2680,-0.0678,0.9610,,0.0000,0.0000,0.0000
67.0358,Combined,-0.0042,1.5655,-2.8636,0.0475,0.3905,0.9194,,0.0000,0.0000,0.0000
67.1035,Left,0.4555,1.5444,-2.8789,-0.2513,-0.0715,0.9653,item 1-1,-2.4267,0.7244,8.1924
67.1035,Right,-0.0037,1.5650,-2.8630,-0.3037,-0.0659,0.9505,,0.0000,0.0000,0.0000
67.1035,Combined,-0.0037,1.5650,-2.8630,0.0492,0.3845,0.9218,,0.0000,0.0000,0.0000
67.1615,Left,0.4561,1.5442,-2.8784,-0.3160,-0.0124,0.9487,,0.0000,0.0000,0.0000
67.1615,Right,-0.0032,1.5639,-2.8620,-0.3654,-0.0073,0.9308,,0.0000,0.0000,0.0000
67.1615,Combined,-0.0032,1.5639,-2.8620,0.0491,0.3728,0.9266,,0.0000,0.0000,0.0000
67.2464,Left,0.4565,1.5432,-2.8778,-0.3130,-0.0002,0.9498,,0.0000,0.0000,0.0000
67.2464,Right,-0.0027,1.5627,-2.8609,-0.3623,0.0047,0.9320,,0.0000,0.0000,0.0000
67.2464,Combined,-0.0027,1.5627,-2.8609,0.0497,0.3603,0.9315,,0.0000,0.0000,0.0000
67.3135,Left,0.4568,1.5431,-2.8759,-0.3047,-0.0103,0.9524,,0.0000,0.0000,0.0000
67.3135,Right,-0.0025,1.5620,-2.8591,-0.3544,-0.0054,0.9351,,0.0000,0.0000,0.0000
67.3135,Combined,-0.0025,1.5620,-2.8591,0.0487,0.3529,0.9344,,0.0000,0.0000,0.0000
67.3828,Left,0.4567,1.5433,-2.8731,-0.3114,-0.0163,0.9502,,0.0000,0.0000,0.0000
67.3828,Right,-0.0027,1.5614,-2.8575,-0.3608,-0.0114,0.9326,,0.0000,0.0000,0.0000
67.3828,Combined,-0.0027,1.5614,-2.8575,0.0454,0.3478,0.9365,,0.0000,0.0000,0.0000
67.4526,Left,0.4564,1.5428,-2.8691,-0.3189,-0.0186,0.9476,,0.0000,0.0000,0.0000
67.4526,Right,-0.0031,1.5607,-2.8562,-0.3682,-0.0136,0.9297,,0.0000,0.0000,0.0000
67.4526,Combined,-0.0031,1.5607,-2.8562,0.0397,0.3424,0.9387,,0.0000,0.0000,0.0000
67.5020,Left,0.4556,1.5419,-2.8634,-0.3185,-0.0070,0.9479,,0.0000,0.0000,0.0000
67.5020,Right,-0.0040,1.5600,-2.8552,-0.3679,-0.0022,0.9299,,0.0000,0.0000,0.0000
67.5020,Combined,-0.0040,1.5600,-2.8552,0.0301,0.3390,0.9403,,0.0000,0.0000,0.0000
67.5637,Left,0.4549,1.5418,-2.8592,-0.1675,0.0006,0.9859,,0.0000,0.0000,0.0000
67.5637,Right,-0.0047,1.5596,-2.8548,-0.2215,0.0042,0.9752,item 2-2,-3.4700,1.6250,12.4037
67.5637,Combined,-0.0047,1.5596,-2.8548,0.0220,0.3368,0.9413,,0.0000,0.0000,0.0000
67.6333,Left,0.4537,1.5417,-2.8522,-0.1663,0.0003,0.9861,,0.0000,0.0000,0.0000
67.6333,Right,-0.0059,1.5587,-2.8542,-0.2204,0.0036,0.9754,item 2-2,-3.4514,1.6158,12.3935
67.6333,Combined,-0.0059,1.5587,-2.8542,0.0080,0.3308,0.9437,,0.0000,0.0000,0.0000
67.6779,Left,0.4530,1.5408,-2.8466,-0.1771,-0.0093,0.9842,,0.0000,0.0000,0.0000
67.6779,Right,-0.0067,1.5578,-2.8535,-0.2311,-0.0059,0.9729,item 2-2,-3.5885,1.4666,12.2272
67.6779,Combined,-0.0067,1.5578,-2.8535,-0.0023,0.3218,0.9468,,0.0000,0.0000,0.0000
67.7451,Left,0.4528,1.5395,-2.8445,-0.1761,-0.0100,0.9843,,0.0000,0.0000,0.0000
67.7451,Right,-0.0068,1.5574,-2.8531,-0.2302,-0.0065,0.9731,item 2-2,-3.5718,1.4562,12.2180
67.7451,Combined,-0.0068,1.5574,-2.8531,-0.0053,0.3192,0.9477,,0.0000,0.0000,0.0000
67.8143,Left,0.4528,1.5371,-2.8421,-0.1726,-0.0190,0.9848,,0.0000,0.0000,0.0000
67.8143,Right,-0.0067,1.5569,-2.8525,-0.2268,-0.0152,0.9738,item 1-1,-2.5793,1.3844,8.1924
67.8143,Combined,-0.0067,1.5569,-2.8525,-0.0077,0.3159,0.9488,,0.0000,0.0000,0.0000
67.8714,Left,0.4530,1.5357,-2.8419,-0.0663,-0.0120,0.9977,,0.0000,0.0000,0.0000
67.8714,Right,-0.0064,1.5569,-2.8524,-0.1221,-0.0089,0.9925,,0.0000,0.0000,0.0000
67.8714,Combined,-0.0064,1.5569,-2.8524,-0.0070,0.3169,0.9484,,0.0000,0.0000,0.0000
67.9429,Left,0.4534,1.5354,-2.8430,0.0219,0.0050,0.9997,,0.0000,0.0000,0.0000
67.9429,Right,-0.0060,1.5570,-2.8525,-0.0342,0.0076,0.9994,,0.0000,0.0000,0.0000
67.9429,Combined,-0.0060,1.5570,-2.8525,-0.0048,0.3188,0.9478,,0.0000,0.0000,0.0000
68.0263,Left,0.4541,1.5351,-2.8455,0.0239,0.0023,0.9997,,0.0000,0.0000,0.0000
68.0263,Right,-0.0053,1.5570,-2.8529,-0.0322,0.0048,0.9995,,0.0000,0.0000,0.0000
68.0263,Combined,-0.0053,1.5570,-2.8529,-0.0001,0.3192,0.9477,,0.0000,0.0000,0.0000
68.1059,Left,0.4548,1.5346,-2.8482,0.0256,-0.0068,0.9996,,0.0000,0.0000,0.0000
68.1059,Right,-0.0046,1.5571,-2.8532,-0.0305,-0.0042,0.9995,,0.0000,0.0000,0.0000
68.1059,Combined,-0.0046,1.5571,-2.8532,0.0053,0.3187,0.9478,,0.0000,0.0000,0.0000
68.1780,Left,0.4554,1.5338,-2.8500,0.0258,-0.0020,0.9997,,0.0000,0.0000,0.0000
68.1780,Right,-0.0040,1.5567,-2.8530,-0.0303,0.0007,0.9995,,0.0000,0.0000,0.0000
68.1780,Combined,-0.0040,1.5567,-2.8530,0.0097,0.3159,0.9487,,0.0000,0.0000,0.0000
68.2463,Left,0.4553,1.5334,-2.8493,-0.1860,0.0189,0.9824,,0.0000,0.0000,0.0000
68.2463,Right,-0.0041,1.5565,-2.8524,-0.2394,0.0230,0.9706,,0.0000,0.0000,0.0000
68.2463,Combined,-0.0041,1.5565,-2.8524,0.0094,0.3152,0.9490,,0.0000,0.0000,0.0000
68.3159,Left,0.4548,1.5335,-2.8469,-0.1935,0.0175,0.9809,,0.0000,0.0000,0.0000
68.3159,Right,-0.0046,1.5562,-2.8517,-0.2468,0.0215,0.9688,,0.0000,0.0000,0.0000
68.3159,Combined,-0.0046,1.5562,-2.8517,0.0055,0.3126,0.9499,,0.0000,0.0000,0.0000
68.3723,Left,0.4545,1.5336,-2.8451,-0.1954,0.0162,0.9806,,0.0000,0.0000,0.0000
68.3723,Right,-0.0049,1.5559,-2.8512,-0.2487,0.0202,0.9684,,0.0000,0.0000,0.0000
68.3723,Combined,-0.0049,1.5559,-2.8512,0.0025,0.3113,0.9503,,0.0000,0.0000,0.0000
68.4425,Left,0.4545,1.5335,-2.8445,-0.1872,0.0171,0.9822,,0.0000,0.0000,0.0000
68.4425,Right,-0.0049,1.5560,-2.8509,-0.2406,0.0210,0.9704,,0.0000,0.0000,0.0000
68.4425,Combined,-0.0049,1.5560,-2.8509,0.0021,0.3133,0.9497,,0.0000,0.0000,0.0000
68.5099,Left,0.4546,1.5331,-2.8443,-0.1857,0.0234,0.9823,,0.0000,0.0000,0.0000
68.5099,Right,-0.0048,1.5562,-2.8509,-0.2391,0.0273,0.9706,,0.0000,0.0000,0.0000
68.5099,Combined,-0.0048,1.5562,-2.8509,0.0024,0.3172,0.9484,,0.0000,0.0000,0.0000
68.5686,Left,0.4545,1.5328,-2.8445,-0.1855,0.0270,0.9823,,0.0000,0.0000,0.0000
68.5686,Right,-0.0049,1.5564,-2.8511,-0.2389,0.0309,0.9705,,0.0000,0.0000,0.0000
68.5686,Combined,-0.0049,1.5564,-2.8511,0.0028,0.3198,0.9475,,0.0000,0.0000,0.0000
68.6529,Left,0.4543,1.5329,-2.8447,-0.1959,0.0137,0.9805,,0.0000,0.0000,0.0000
68.6529,Right,-0.0051,1.5564,-2.8513,-0.2493,0.0178,0.9683,,0.0000,0.0000,0.0000
68.6529,Combined,-0.0051,1.5564,-2.8513,0.0028,0.3194,0.9476,,0.0000,0.0000,0.0000
68.7189,Left,0.4541,1.5329,-2.8452,-0.1908,0.0171,0.9815,,0.0000,0.0000,0.0000
68.7189,Right,-0.0052,1.5562,-2.8512,-0.2442,0.0212,0.9695,,0.0000,0.0000,0.0000
68.7189,Combined,-0.0052,1.5562,-2.8512,0.0037,0.3182,0.9480,,0.0000,0.0000,0.0000
68.7925,Left,0.4541,1.5331,-2.8458,-0.1890,0.0153,0.9819,,0.0000,0.0000,0.0000
68.7925,Right,-0.0053,1.5561,-2.8511,-0.2424,0.0194,0.9700,,0.0000,0.0000,0.0000
68.7925,Combined,-0.0053,1.5561,-2.8511,0.0050,0.3167,0.9485,,0.0000,0.0000,0.0000
68.8619,Left,0.4542,1.5325,-2.8464,-0.1853,0.0161,0.9826,,0.0000,0.0000,0.0000
68.8619,Right,-0.0052,1.5559,-2.8508,-0.2388,0.0201,0.9709,,0.0000,0.0000,0.0000
68.8619,Combined,-0.0052,1.5559,-2.8508,0.0069,0.3142,0.9493,,0.0000,0.0000,0.0000
68.9137,Left,0.4544,1.5321,-2.8475,-0.0216,0.0113,0.9997,,0.0000,0.0000,0.0000
68.9137,Right,-0.0049,1.5556,-2.8505,-0.0774,0.0145,0.9969,,0.0000,0.0000,0.0000
68.9137,Combined,-0.0049,1.5556,-2.8505,0.0098,0.3114,0.9502,,0.0000,0.0000,0.0000
68.9830,Left,0.4544,1.5330,-2.8486,0.1510,0.0486,0.9873,,0.0000,0.0000,0.0000
68.9830,Right,-0.0050,1.5554,-2.8503,0.0963,0.0508,0.9941,,0.0000,0.0000,0.0000
68.9830,Combined,-0.0050,1.5554,-2.8503,0.0115,0.3088,0.9511,,0.0000,0.0000,0.0000
69.0513,Left,0.4544,1.5344,-2.8497,0.0727,0.0279,0.9970,,0.0000,0.0000,0.0000
69.0513,Right,-0.0051,1.5552,-2.8501,0.0170,0.0302,0.9994,,0.0000,0.0000,0.0000
69.0513,Combined,-0.0051,1.5552,-2.8501,0.0130,0.3060,0.9519,,0.0000,0.0000,0.0000
69.1120,Left,0.4544,1.5354,-2.8505,0.0829,0.0075,0.9965,,0.0000,0.0000,0.0000
69.1120,Right,-0.0052,1.5551,-2.8499,0.0272,0.0096,0.9996,,0.0000,0.0000,0.0000
69.1120,Combined,-0.0052,1.5551,-2.8499,0.0143,0.3039,0.9526,,0.0000,0.0000,0.0000
69.1910,Left,0.4543,1.5355,-2.8507,0.0658,0.0247,0.9975,,0.0000,0.0000,0.0000
69.1910,Right,-0.0053,1.5549,-2.8499,0.0101,0.0268,0.9996,,0.0000,0.0000,0.0000
69.1910,Combined,-0.0053,1.5549,-2.8499,0.0145,0.3029,0.9529,,0.0000,0.0000,0.0000
69.2636,Left,0.4542,1.5357,-2.8506,0.0660,0.0241,0.9975,,0.0000,0.0000,0.0000
69.2636,Right,-0.0054,1.5548,-2.8498,0.0103,0.0263,0.9996,,0.0000,0.0000,0.0000
69.2636,Combined,-0.0054,1.5548,-2.8498,0.0144,0.3025,0.9530,,0.0000,0.0000,0.0000
69.3454,Left,0.4541,1.5356,-2.8508,0.0626,0.0163,0.9979,,0.0000,0.0000,0.0000
69.3454,Right,-0.0055,1.5548,-2.8496,0.0068,0.0184,0.9998,,0.0000,0.0000,0.0000
69.3454,Combined,-0.0055,1.5548,-2.8496,0.0150,0.3023,0.9531,,0.0000,0.0000,0.0000
69.4446,Left,0.4538,1.5361,-2.8507,0.0813,0.0084,0.9967,,0.0000,0.0000,0.0000
69.4446,Right,-0.0058,1.5546,-2.8495,0.0256,0.0103,0.9996,,0.0000,0.0000,0.0000
69.4446,Combined,-0.0058,1.5546,-2.8495,0.0147,0.3016,0.9533,,0.0000,0.0000,0.0000
69.5110,Left,0.4536,1.5365,-2.8502,0.0807,0.0087,0.9967,,0.0000,0.0000,0.0000
69.5110,Right,-0.0061,1.5546,-2.8493,0.0250,0.0106,0.9996,,0.0000,0.0000,0.0000
69.5110,Combined,-0.0061,1.5546,-2.8493,0.0138,0.3014,0.9534,,0.0000,0.0000,0.0000
69.5812,Left,0.4534,1.5364,-2.8497,0.0792,0.0065,0.9968,,0.0000,0.0000,0.0000
69.5812,Right,-0.0063,1.5545,-2.8491,0.0234,0.0084,0.9997,,0.0000,0.0000,0.0000
69.5812,Combined,-0.0063,1.5545,-2.8491,0.0131,0.2999,0.9539,,0.0000,0.0000,0.0000
69.6394,Left,0.4532,1.5361,-2.8492,0.0443,0.0145,0.9989,,0.0000,0.0000,0.0000
69.6394,Right,-0.0065,1.5543,-2.8490,-0.0115,0.0166,0.9998,,0.0000,0.0000,0.0000
69.6394,Combined,-0.0065,1.5543,-2.8490,0.0124,0.2984,0.9543,,0.0000,0.0000,0.0000
69.7081,Left,0.4532,1.5359,-2.8488,0.0153,0.0216,0.9996,,0.0000,0.0000,0.0000
69.7081,Right,-0.0065,1.5544,-2.8489,-0.0404,0.0239,0.9989,,0.0000,0.0000,0.0000
69.7081,Combined,-0.0065,1.5544,-2.8489,0.0118,0.2980,0.9545,,0.0000,0.0000,0.0000
69.7764,Left,0.4532,1.5360,-2.8488,0.0156,0.0173,0.9997,,0.0000,0.0000,0.0000
69.7764,Right,-0.0065,1.5544,-2.8489,-0.0402,0.0196,0.9990,,0.0000,0.0000,0.0000
69.7764,Combined,-0.0065,1.5544,-2.8489,0.0116,0.2981,0.9545,,0.0000,0.0000,0.0000
69.8359,Left,0.4532,1.5362,-2.8486,0.0173,0.0209,0.9996,,0.0000,0.0000,0.0000
69.8359,Right,-0.0064,1.5545,-2.8488,-0.0385,0.0232,0.9990,,0.0000,0.0000,0.0000
69.8359,Combined,-0.0064,1.5545,-2.8488,0.0114,0.2991,0.9542,,0.0000,0.0000,0.0000
69.9023,Left,0.4533,1.5359,-2.8481,0.0133,0.0229,0.9997,,0.0000,0.0000,0.0000
69.9023,Right,-0.0063,1.5544,-2.8486,-0.0425,0.0252,0.9988,,0.0000,0.0000,0.0000
69.9023,Combined,-0.0063,1.5544,-2.8486,0.0108,0.2981,0.9545,,0.0000,0.0000,0.0000
69.9738,Left,0.4534,1.5353,-2.8477,0.0113,0.0209,0.9997,,0.0000,0.0000,0.0000
69.9738,Right,-0.0062,1.5542,-2.8485,-0.0445,0.0233,0.9987,,0.0000,0.0000,0.0000
69.9738,Combined,-0.0062,1.5542,-2.8485,0.0106,0.2966,0.9549,,0.0000,0.0000,0.0000
70.0288,Left,0.4535,1.5350,-2.8479,0.0093,0.0200,0.9998,,0.0000,0.0000,0.0000
70.0288,Right,-0.0061,1.5541,-2.8483,-0.0464,0.0225,0.9987,,0.0000,0.0000,0.0000
70.0288,Combined,-0.0061,1.5541,-2.8483,0.0113,0.2957,0.9552,,0.0000,0.0000,0.0000
70.0978,Left,0.4536,1.5350,-2.8478,0.0107,0.0161,0.9998,,0.0000,0.0000,0.0000
70.0978,Right,-0.0060,1.5540,-2.8482,-0.0451,0.0186,0.9988,,0.0000,0.0000,0.0000
70.0978,Combined,-0.0060,1.5540,-2.8482,0.0115,0.2950,0.9554,,0.0000,0.0000,0.0000
70.1690,Left,0.4535,1.5350,-2.8473,0.0081,0.0172,0.9998,,0.0000,0.0000,0.0000
70.1690,Right,-0.0061,1.5539,-2.8480,-0.0476,0.0196,0.9987,,0.0000,0.0000,0.0000
70.1690,Combined,-0.0061,1.5539,-2.8480,0.0107,0.2944,0.9556,,0.0000,0.0000,0.0000
70.2227,Left,0.4534,1.5349,-2.8468,0.0089,0.0164,0.9998,,0.0000,0.0000,0.0000
70.2227,Right,-0.0063,1.5538,-2.8479,-0.0468,0.0188,0.9987,,0.0000,0.0000,0.0000
70.2227,Combined,-0.0063,1.5538,-2.8479,0.0099,0.2936,0.9559,,0.0000,0.0000,0.0000
70.3327,Left,0.4533,1.5352,-2.8468,0.0284,0.0115,0.9995,,0.0000,0.0000,0.0000
70.3327,Right,-0.0064,1.5537,-2.8478,-0.0274,0.0137,0.9995,,0.0000,0.0000,0.0000
70.3327,Combined,-0.0064,1.5537,-2.8478,0.0098,0.2928,0.9561,,0.0000,0.0000,0.0000
70.4067,Left,0.4532,1.5353,-2.8466,0.0281,0.0108,0.9995,,0.0000,0.0000,0.0000
70.4067,Right,-0.0064,1.5537,-2.8477,-0.0277,0.0131,0.9995,,0.0000,0.0000,0.0000
70.4067,Combined,-0.0064,1.5537,-2.8477,0.0094,0.2935,0.9559,,0.0000,0.0000,0.0000
70.4866,Left,0.4532,1.5353,-2.8465,0.0271,0.0120,0.9996,,0.0000,0.0000,0.0000
70.4866,Right,-0.0064,1.5537,-2.8478,-0.0287,0.0142,0.9995,,0.0000,0.0000,0.0000
70.4866,Combined,-0.0064,1.5537,-2.8478,0.0091,0.2941,0.9557,,0.0000,0.0000,0.0000
70.5551,Left,0.4532,1.5356,-2.8467,0.0300,0.0104,0.9995,,0.0000,0.0000,0.0000
70.5551,Right,-0.0065,1.5538,-2.8479,-0.0258,0.0126,0.9996,,0.0000,0.0000,0.0000
70.5551,Combined,-0.0065,1.5538,-2.8479,0.0092,0.2954,0.9553,,0.0000,0.0000,0.0000
70.6131,Left,0.4531,1.5360,-2.8468,0.0297,0.0104,0.9995,,0.0000,0.0000,0.0000
70.6131,Right,-0.0065,1.5539,-2.8481,-0.0261,0.0126,0.9996,,0.0000,0.0000,0.0000
70.6131,Combined,-0.0065,1.5539,-2.8481,0.0087,0.2966,0.9550,,0.0000,0.0000,0.0000
70.6977,Left,0.4531,1.5363,-2.8467,0.0246,0.0194,0.9995,,0.0000,0.0000,0.0000
70.6977,Right,-0.0066,1.5540,-2.8483,-0.0312,0.0215,0.9993,,0.0000,0.0000,0.0000
70.6977,Combined,-0.0066,1.5540,-2.8483,0.0083,0.2972,0.9548,,0.0000,0.0000,0.0000
70.7676,Left,0.4530,1.5367,-2.8467,-0.0189,0.0217,0.9996,,0.0000,0.0000,0.0000
70.7676,Right,-0.0067,1.5541,-2.8484,-0.0745,0.0240,0.9969,,0.0000,0.0000,0.0000
70.7676,Combined,-0.0067,1.5541,-2.8484,0.0077,0.2980,0.9545,,0.0000,0.0000,0.0000
70.8421,Left,0.4531,1.5366,-2.8470,-0.0214,0.0222,0.9995,,0.0000,0.0000,0.0000
70.8421,Right,-0.0066,1.5541,-2.8485,-0.0770,0.0246,0.9967,,0.0000,0.0000,0.0000
70.8421,Combined,-0.0066,1.5541,-2.8485,0.0082,0.2982,0.9545,,0.0000,0.0000,0.0000
70.9216,Left,0.4531,1.5364,-2.8473,-0.0221,0.0219,0.9995,,0.0000,0.0000,0.0000
70.9216,Right,-0.0066,1.5540,-2.8485,-0.0777,0.0243,0.9967,,0.0000,0.0000,0.0000
70.9216,Combined,-0.0066,1.5540,-2.8485,0.0088,0.2976,0.9547,,0.0000,0.0000,0.0000
70.9883,Left,0.4531,1.5362,-2.8473,-0.0219,0.0221,0.9995,,0.0000,0.0000,0.0000
70.9883,Right,-0.0066,1.5539,-2.8485,-0.0775,0.0245,0.9967,,0.0000,0.0000,0.0000
70.9883,Combined,-0.0066,1.5539,-2.8485,0.0090,0.2968,0.9549,,0.0000,0.0000,0.0000
71.0573,Left,0.4532,1.5361,-2.8476,0.0067,0.0220,0.9997,,0.0000,0.0000,0.0000
71.0573,Right,-0.0065,1.5539,-2.8484,-0.0490,0.0243,0.9985,,0.0000,0.0000,0.0000
71.0573,Combined,-0.0065,1.5539,-2.8484,0.0097,0.2968,0.9549,,0.0000,0.0000,0.0000
71.1132,Left,0.4533,1.5361,-2.8479,0.0128,0.0207,0.9997,,0.0000,0.0000,0.0000
71.1132,Right,-0.0063,1.5539,-2.8484,-0.0429,0.0229,0.9988,,0.0000,0.0000,0.0000
71.1132,Combined,-0.0063,1.5539,-2.8484,0.0105,0.2970,0.9548,,0.0000,0.0000,0.0000
71.1843,Left,0.4534,1.5359,-2.8479,0.0156,0.0199,0.9997,,0.0000,0.0000,0.0000
71.1843,Right,-0.0063,1.5537,-2.8483,-0.0401,0.0221,0.9990,,0.0000,0.0000,0.0000
71.1843,Combined,-0.0063,1.5537,-2.8483,0.0108,0.2962,0.9551,,0.0000,0.0000,0.0000
71.2536,Left,0.4533,1.5358,-2.8481,0.1540,0.0560,0.9865,,0.0000,0.0000,0.0000
71.2536,Right,-0.0063,1.5536,-2.8483,0.0994,0.0576,0.9934,,0.0000,0.0000,0.0000
71.2536,Combined,-0.0063,1.5536,-2.8483,0.0110,0.2956,0.9553,,0.0000,0.0000,0.0000
71.3085,Left,0.4533,1.5360,-2.8481,0.0581,-0.0186,0.9981,,0.0000,0.0000,0.0000
71.3085,Right,-0.0064,1.5536,-2.8483,0.0021,-0.0167,0.9999,,0.0000,0.0000,0.0000
71.3085,Combined,-0.0064,1.5536,-2.8483,0.0109,0.2958,0.9552,,0.0000,0.0000,0.0000
71.3799,Left,0.4532,1.5362,-2.8480,0.0357,0.0088,0.9993,,0.0000,0.0000,0.0000
71.3799,Right,-0.0065,1.5537,-2.8483,-0.0201,0.0109,0.9997,,0.0000,0.0000,0.0000
71.3799,Combined,-0.0065,1.5537,-2.8483,0.0107,0.2958,0.9552,,0.0000,0.0000,0.0000
71.4493,Left,0.4532,1.5360,-2.8481,0.0184,0.0147,0.9997,,0.0000,0.0000,0.0000
71.4493,Right,-0.0065,1.5536,-2.8483,-0.0373,0.0169,0.9992,,0.0000,0.0000,0.0000
71.4493,Combined,-0.0065,1.5536,-2.8483,0.0110,0.2949,0.9555,,0.0000,0.0000,0.0000
71.5059,Left,0.4531,1.5360,-2.8483,0.0189,0.0110,0.9998,,0.0000,0.0000,0.0000
71.5059,Right,-0.0065,1.5536,-2.8482,-0.0369,0.0131,0.9992,,0.0000,0.0000,0.0000
71.5059,Combined,-0.0065,1.5536,-2.8482,0.0115,0.2945,0.9556,,0.0000,0.0000,0.0000
71.5746,Left,0.4530,1.5361,-2.8481,0.0196,0.0119,0.9997,,0.0000,0.0000,0.0000
71.5746,Right,-0.0067,1.5535,-2.8481,-0.0362,0.0140,0.9992,,0.0000,0.0000,0.0000
71.5746,Combined,-0.0067,1.5535,-2.8481,0.0112,0.2941,0.9557,,0.0000,0.0000,0.0000
71.6430,Left,0.4528,1.5362,-2.8479,0.0180,0.0077,0.9998,,0.0000,0.0000,0.0000
71.6430,Right,-0.0068,1.5535,-2.8481,-0.0378,0.0099,0.9992,,0.0000,0.0000,0.0000
71.6430,Combined,-0.0068,1.5535,-2.8481,0.0107,0.2938,0.9558,,0.0000,0.0000,0.0000
71.6987,Left,0.4528,1.5362,-2.8479,0.0047,0.0058,1.0000,,0.0000,0.0000,0.0000
71.6987,Right,-0.0069,1.5534,-2.8480,-0.0511,0.0081,0.9987,,0.0000,0.0000,0.0000
71.6987,Combined,-0.0069,1.5534,-2.8480,0.0106,0.2936,0.9559,,0.0000,0.0000,0.0000
71.7733,Left,0.4528,1.5361,-2.8478,0.0088,0.0106,0.9999,,0.0000,0.0000,0.0000
71.7733,Right,-0.0069,1.5534,-2.8480,-0.0469,0.0128,0.9988,,0.0000,0.0000,0.0000
71.7733,Combined,-0.0069,1.5534,-2.8480,0.0105,0.2930,0.9561,,0.0000,0.0000,0.0000
71.8371,Left,0.4529,1.5354,-2.8478,0.0066,0.0105,0.9999,,0.0000,0.0000,0.0000
71.8371,Right,-0.0067,1.5532,-2.8480,-0.0492,0.0128,0.9987,,0.0000,0.0000,0.0000
71.8371,Combined,-0.0067,1.5532,-2.8480,0.0110,0.2924,0.9562,,0.0000,0.0000,0.0000
71.8957,Left,0.4530,1.5351,-2.8481,0.0058,0.0119,0.9999,,0.0000,0.0000,0.0000
71.8957,Right,-0.0066,1.5532,-2.8479,-0.0500,0.0142,0.9986,,0.0000,0.0000,0.0000
71.8957,Combined,-0.0066,1.5532,-2.8479,0.0120,0.2917,0.9564,,0.0000,0.0000,0.0000
71.9622,Left,0.4531,1.5350,-2.8482,0.0023,0.0112,0.9999,,0.0000,0.0000,0.0000
71.9622,Right,-0.0066,1.5532,-2.8480,-0.0534,0.0136,0.9985,,0.0000,0.0000,0.0000
71.9622,Combined,-0.0066,1.5532,-2.8480,0.0121,0.2912,0.9566,,0.0000,0.0000,0.0000
72.0300,Left,0.4529,1.5353,-2.8477,-0.4084,0.0217,0.9126,,0.0000,0.0000,0.0000
72.0300,Right,-0.0067,1.5533,-2.8480,-0.4537,0.0264,0.8908,item 3-3,-3.2584,1.7423,3.5363
72.0300,Combined,-0.0067,1.5533,-2.8480,0.0108,0.2920,0.9564,,0.0000,0.0000,0.0000
72.0878,Left,0.4528,1.5357,-2.8466,-0.4122,0.0224,0.9108,,0.0000,0.0000,0.0000
72.0878,Right,-0.0068,1.5534,-2.8480,-0.4574,0.0270,0.8888,item 3-3,-3.2731,1.7464,3.4993
72.0878,Combined,-0.0068,1.5534,-2.8480,0.0084,0.2925,0.9562,,0.0000,0.0000,0.0000
72.1567,Left,0.4527,1.5356,-2.8455,-0.4138,0.0257,0.9100,,0.0000,0.0000,0.0000
72.1567,Right,-0.0069,1.5534,-2.8479,-0.4590,0.0302,0.8879,item 3-3,-3.2968,1.7702,3.5170
72.1567,Combined,-0.0069,1.5534,-2.8479,0.0065,0.2920,0.9564,,0.0000,0.0000,0.0000
72.2252,Left,0.4524,1.5361,-2.8432,-0.4156,0.0216,0.9093,,0.0000,0.0000,0.0000
72.2252,Right,-0.0072,1.5535,-2.8476,-0.4607,0.0262,0.8872,item 3-3,-3.2805,1.7398,3.4551
72.2252,Combined,-0.0072,1.5535,-2.8476,0.0019,0.2918,0.9565,,0.0000,0.0000,0.0000
72.2842,Left,0.4515,1.5367,-2.8376,-0.4514,0.0236,0.8920,,0.0000,0.0000,0.0000
72.2842,Right,-0.0081,1.5536,-2.8474,-0.4950,0.0283,0.8684,item 3-3,-3.4602,1.7507,3.2086
72.2842,Combined,-0.0081,1.5536,-2.8474,-0.0096,0.2919,0.9564,,0.0000,0.0000,0.0000
72.3552,Left,0.4501,1.5375,-2.8306,-0.4658,0.0296,0.8844,,0.0000,0.0000,0.0000
72.3552,Right,-0.0093,1.5537,-2.8471,-0.5089,0.0341,0.8601,item 3-3,-3.5764,1.7924,3.1817
72.3552,Combined,-0.0093,1.5537,-2.8471,-0.0241,0.2920,0.9561,,0.0000,0.0000,0.0000
72.4206,Left,0.4478,1.5376,-2.8194,-0.4811,0.0309,0.8761,,0.0000,0.0000,0.0000
72.4206,Right,-0.0111,1.5540,-2.8467,-0.5239,0.0353,0.8510,item 3-3,-3.6942,1.8022,3.1357
72.4206,Combined,-0.0111,1.5540,-2.8467,-0.0463,0.2959,0.9541,,0.0000,0.0000,0.0000
72.4794,Left,0.4449,1.5365,-2.8063,-0.4792,0.0334,0.8771,,0.0000,0.0000,0.0000
72.4794,Right,-0.0130,1.5547,-2.8466,-0.5227,0.0377,0.8517,item 3-3,-3.6998,1.8205,3.1609
72.4794,Combined,-0.0130,1.5547,-2.8466,-0.0717,0.3034,0.9502,,0.0000,0.0000,0.0000
72.5495,Left,0.4423,1.5350,-2.7957,-0.4743,0.0369,0.8796,,0.0000,0.0000,0.0000
72.5495,Right,-0.0144,1.5553,-2.8466,-0.5185,0.0413,0.8541,item 3-3,-3.6909,1.8480,3.2098
72.5495,Combined,-0.0144,1.5553,-2.8466,-0.0917,0.3107,0.9461,,0.0000,0.0000,0.0000
72.6163,Left,0.4391,1.5330,-2.7839,-0.4825,0.0359,0.8751,,0.0000,0.0000,0.0000
72.6163,Right,-0.0160,1.5558,-2.8469,-0.5269,0.0405,0.8490,item 3-3,-3.7549,1.8434,3.1779
72.6163,Combined,-0.0160,1.5558,-2.8469,-0.1143,0.3175,0.9413,,0.0000,0.0000,0.0000
72.6725,Left,0.4365,1.5311,-2.7747,-0.4849,0.0342,0.8739,,0.0000,0.0000,0.0000
72.6725,Right,-0.0171,1.5560,-2.8471,-0.5295,0.0391,0.8474,item 3-3,-3.7690,1.8329,3.1572
72.6725,Combined,-0.0171,1.5560,-2.8471,-0.1321,0.3208,0.9379,,0.0000,0.0000,0.0000
72.7434,Left,0.4353,1.5302,-2.7701,-0.4724,0.0327,0.8808,,0.0000,0.0000,0.0000
72.7434,Right,-0.0175,1.5560,-2.8471,-0.5179,0.0376,0.8546,item 3-3,-3.6668,1.8207,3.1753
72.7434,Combined,-0.0175,1.5560,-2.8471,-0.1409,0.3218,0.9363,,0.0000,0.0000,0.0000
72.8135,Left,0.4346,1.5299,-2.7667,-0.4537,0.0273,0.8907,,0.0000,0.0000,0.0000
72.8135,Right,-0.0177,1.5558,-2.8469,-0.5002,0.0322,0.8653,item 3-3,-3.5170,1.7811,3.2073
72.8135,Combined,-0.0177,1.5558,-2.8469,-0.1475,0.3203,0.9358,,0.0000,0.0000,0.0000
72.8711,Left,0.4341,1.5297,-2.7639,-0.4479,0.0235,0.8938,,0.0000,0.0000,0.0000
72.8711,Right,-0.0177,1.5554,-2.8464,-0.4947,0.0283,0.8686,item 3-3,-3.4655,1.7526,3.2065
72.8711,Combined,-0.0177,1.5554,-2.8464,-0.1531,0.3156,0.9365,,0.0000,0.0000,0.0000
72.9394,Left,0.4332,1.5295,-2.7601,-0.4864,0.0187,0.8735,item 3-3,-3.1660,1.6681,3.7036
72.9394,Right,-0.0181,1.5549,-2.8458,-0.5315,0.0238,0.8467,item 3-3,-3.7061,1.7201,3.0292
72.9394,Combined,-0.0181,1.5549,-2.8458,-0.1604,0.3107,0.9369,,0.0000,0.0000,0.0000
73.0057,Left,0.4308,1.5290,-2.7525,-0.5549,0.0065,0.8319,item 3-3,-3.4273,1.5744,3.0313
73.0057,Right,-0.0191,1.5544,-2.8451,-0.5967,0.0122,0.8024,,0.0000,0.0000,0.0000
73.0057,Combined,-0.0191,1.5544,-2.8451,-0.1754,0.3047,0.9362,,0.0000,0.0000,0.0000
73.0646,Left,0.4270,1.5286,-2.7417,-0.5609,0.0082,0.8278,item 3-3,-3.4710,1.5857,3.0111
73.0646,Right,-0.0207,1.5538,-2.8443,-0.6027,0.0138,0.7979,,0.0000,0.0000,0.0000
73.0646,Combined,-0.0207,1.5538,-2.8443,-0.1972,0.2981,0.9339,,0.0000,0.0000,0.0000
73.1331,Left,0.4231,1.5282,-2.7312,-0.5722,0.0062,0.8201,item 3-3,-3.5459,1.5716,2.9570
73.1331,Right,-0.0223,1.5531,-2.8434,-0.6137,0.0117,0.7895,,0.0000,0.0000,0.0000
73.1331,Combined,-0.0223,1.5531,-2.8434,-0.2186,0.2908,0.9315,,0.0000,0.0000,0.0000
73.2025,Left,0.4177,1.5264,-2.7176,-0.5683,0.0005,0.8228,item 3-3,-3.4980,1.5301,2.9513
73.2025,Right,-0.0244,1.5517,-2.8421,-0.6104,0.0060,0.7921,,0.0000,0.0000,0.0000
73.2025,Combined,-0.0244,1.5517,-2.8421,-0.2457,0.2773,0.9288,,0.0000,0.0000,0.0000
73.2602,Left,0.4124,1.5226,-2.7048,-0.6342,-0.0134,0.7731,item 3-3,-4.1127,1.4268,2.8111
73.2602,Right,-0.0264,1.5499,-2.8403,-0.6727,-0.0071,0.7398,,0.0000,0.0000,0.0000
73.2602,Combined,-0.0264,1.5499,-2.8403,-0.2703,0.2587,0.9274,,0.0000,0.0000,0.0000
73.3417,Left,0.4089,1.5171,-2.6964,-0.6375,-0.0193,0.7702,item 3-3,-4.1375,1.3796,2.7957
73.3417,Right,-0.0277,1.5477,-2.8380,-0.6760,-0.0125,0.7368,,0.0000,0.0000,0.0000
73.3417,Combined,-0.0277,1.5477,-2.8380,-0.2850,0.2345,0.9294,,0.0000,0.0000,0.0000
73.4261,Left,0.4067,1.5096,-2.6890,-0.6173,-0.0230,0.7864,item 3-3,-3.8685,1.3506,2.7568
73.4261,Right,-0.0285,1.5441,-2.8339,-0.6570,-0.0159,0.7537,,0.0000,0.0000,0.0000
73.4261,Combined,-0.0285,1.5441,-2.8339,-0.2959,0.1963,0.9349,,0.0000,0.0000,0.0000
73.5038,Left,0.4054,1.5023,-2.6837,-0.5030,-0.0450,0.8631,item 3-3,-3.0428,1.1939,3.2338
73.5038,Right,-0.0291,1.5404,-2.8300,-0.5486,-0.0383,0.8352,item 3-3,-3.6989,1.2840,2.7571
73.5038,Combined,-0.0291,1.5404,-2.8300,-0.3026,0.1568,0.9401,,0.0000,0.0000,0.0000
73.5643,Left,0.4041,1.4980,-2.6792,-0.2490,-0.0518,0.9671,item 1-1,-2.3950,0.9152,8.1924
73.5643,Right,-0.0297,1.5376,-2.8270,-0.3017,-0.0477,0.9522,,0.0000,0.0000,0.0000
73.5643,Combined,-0.0297,1.5376,-2.8270,-0.3092,0.1291,0.9422,,0.0000,0.0000,0.0000
73.6184,Left,0.4029,1.4959,-2.6752,-0.1574,-0.0498,0.9863,,0.0000,0.0000,0.0000
73.6184,Right,-0.0304,1.5357,-2.8244,-0.2106,-0.0465,0.9765,item 1-1,-2.4062,1.0107,8.1924
73.6184,Combined,-0.0304,1.5357,-2.8244,-0.3147,0.1100,0.9428,,0.0000,0.0000,0.0000
73.6885,Left,0.4028,1.4957,-2.6743,-0.1531,0.0162,0.9881,,0.0000,0.0000,0.0000
73.6885,Right,-0.0307,1.5347,-2.8231,-0.2057,0.0199,0.9784,,0.0000,0.0000,0.0000
73.6885,Combined,-0.0307,1.5347,-2.8231,-0.3149,0.1005,0.9438,,0.0000,0.0000,0.0000
73.7590,Left,0.4047,1.4975,-2.6777,-0.1392,0.0245,0.9900,,0.0000,0.0000,0.0000
73.7590,Right,-0.0304,1.5341,-2.8224,-0.1918,0.0279,0.9810,,0.0000,0.0000,0.0000
73.7590,Combined,-0.0304,1.5341,-2.8224,-0.3069,0.0955,0.9469,,0.0000,0.0000,0.0000
73.8145,Left,0.4085,1.5019,-2.6859,-0.1222,0.0436,0.9915,,0.0000,0.0000,0.0000
73.8145,Right,-0.0294,1.5345,-2.8229,-0.1748,0.0468,0.9835,,0.0000,0.0000,0.0000
73.8145,Combined,-0.0294,1.5345,-2.8229,-0.2904,0.0986,0.9518,,0.0000,0.0000,0.0000
73.8900,Left,0.4122,1.5068,-2.6951,-0.1109,0.0643,0.9918,,0.0000,0.0000,0.0000
73.8900,Right,-0.0283,1.5355,-2.8242,-0.1636,0.0673,0.9842,,0.0000,0.0000,0.0000
73.8900,Combined,-0.0283,1.5355,-2.8242,-0.2730,0.1082,0.9559,,0.0000,0.0000,0.0000
73.9519,Left,0.4170,1.5144,-2.7080,-0.1197,0.0676,0.9905,,0.0000,0.0000,0.0000
73.9519,Right,-0.0268,1.5376,-2.8266,-0.1727,0.0700,0.9825,,0.0000,0.0000,0.0000
73.9519,Combined,-0.0268,1.5376,-2.8266,-0.2497,0.1280,0.9598,,0.0000,0.0000,0.0000
74.0098,Left,0.4213,1.5219,-2.7208,-0.1105,0.0795,0.9907,,0.0000,0.0000,0.0000
74.0098,Right,-0.0253,1.5399,-2.8294,-0.1638,0.0814,0.9831,,0.0000,0.0000,0.0000
74.0098,Combined,-0.0253,1.5399,-2.8294,-0.2277,0.1519,0.9618,,0.0000,0.0000,0.0000
74.0803,Left,0.4241,1.5251,-2.7294,-0.1271,0.0801,0.9887,,0.0000,0.0000,0.0000
74.0803,Right,-0.0241,1.5419,-2.8315,-0.1806,0.0819,0.9801,,0.0000,0.0000,0.0000
74.0803,Combined,-0.0241,1.5419,-2.8315,-0.2125,0.1745,0.9615,,0.0000,0.0000,0.0000
74.1467,Left,0.4272,1.5269,-2.7390,-0.1041,0.0743,0.9918,,0.0000,0.0000,0.0000
74.1467,Right,-0.0226,1.5440,-2.8339,-0.1580,0.0761,0.9845,,0.0000,0.0000,0.0000
74.1467,Combined,-0.0226,1.5440,-2.8339,-0.1953,0.1979,0.9606,,0.0000,0.0000,0.0000
74.2032,Left,0.4305,1.5275,-2.7482,0.0534,0.0672,0.9963,,0.0000,0.0000,0.0000
74.2032,Right,-0.0207,1.5455,-2.8357,0.0000,0.0686,0.9976,,0.0000,0.0000,0.0000
74.2032,Combined,-0.0207,1.5455,-2.8357,-0.1775,0.2156,0.9602,,0.0000,0.0000,0.0000
74.2733,Left,0.4330,1.5272,-2.7549,0.0624,0.0545,0.9966,,0.0000,0.0000,0.0000
74.2733,Right,-0.0192,1.5460,-2.8367,0.0089,0.0558,0.9984,,0.0000,0.0000,0.0000
74.2733,Combined,-0.0192,1.5460,-2.8367,-0.1648,0.2202,0.9614,,0.0000,0.0000,0.0000
74.3609,Left,0.4358,1.5269,-2.7620,0.0508,0.0336,0.9981,,0.0000,0.0000,0.0000
74.3609,Right,-0.0176,1.5458,-2.8372,-0.0032,0.0348,0.9994,,0.0000,0.0000,0.0000
74.3609,Combined,-0.0176,1.5458,-2.8372,-0.1510,0.2179,0.9642,,0.0000,0.0000,0.0000
74.4413,Left,0.4386,1.5265,-2.7693,0.0554,0.0421,0.9976,,0.0000,0.0000,0.0000
74.4413,Right,-0.0159,1.5458,-2.8373,0.0014,0.0436,0.9990,,0.0000,0.0000,0.0000
74.4413,Combined,-0.0159,1.5458,-2.8373,-0.1353,0.2170,0.9668,,0.0000,0.0000,0.0000
74.5095,Left,0.4411,1.5259,-2.7766,0.0570,0.0430,0.9974,,0.0000,0.0000,0.0000
74.5095,Right,-0.0145,1.5459,-2.8375,0.0028,0.0446,0.9990,,0.0000,0.0000,0.0000
74.5095,Combined,-0.0145,1.5459,-2.8375,-0.1200,0.2180,0.9686,,0.0000,0.0000,0.0000
74.5685,Left,0.4430,1.5258,-2.7835,0.0621,0.0434,0.9971,,0.0000,0.0000,0.0000
74.5685,Right,-0.0133,1.5463,-2.8380,0.0078,0.0451,0.9990,,0.0000,0.0000,0.0000
74.5685,Combined,-0.0133,1.5463,-2.8380,-0.1059,0.2226,0.9691,,0.0000,0.0000,0.0000
74.6376,Left,0.4443,1.5261,-2.7888,0.0568,0.0453,0.9974,,0.0000,0.0000,0.0000
74.6376,Right,-0.0125,1.5468,-2.8385,0.0024,0.0471,0.9989,,0.0000,0.0000,0.0000
74.6376,Combined,-0.0125,1.5468,-2.8385,-0.0950,0.2283,0.9690,,0.0000,0.0000,0.0000
74.7044,Left,0.4454,1.5264,-2.7939,0.0477,0.0357,0.9982,,0.0000,0.0000,0.0000
74.7044,Right,-0.0119,1.5469,-2.8386,-0.0070,0.0376,0.9993,,0.0000,0.0000,0.0000
74.7044,Combined,-0.0119,1.5469,-2.8386,-0.0847,0.2288,0.9698,,0.0000,0.0000,0.0000
74.7487,Left,0.4460,1.5258,-2.7968,0.0458,0.0190,0.9988,,0.0000,0.0000,0.0000
74.7487,Right,-0.0117,1.5459,-2.8382,-0.0090,0.0207,0.9997,,0.0000,0.0000,0.0000
74.7487,Combined,-0.0117,1.5459,-2.8382,-0.0784,0.2172,0.9730,,0.0000,0.0000,0.0000
74.8261,Left,0.4463,1.5248,-2.7976,0.0412,0.0119,0.9991,,0.0000,0.0000,0.0000
74.8261,Right,-0.0115,1.5446,-2.8372,-0.0135,0.0136,0.9998,,0.0000,0.0000,0.0000
74.8261,Combined,-0.0115,1.5446,-2.8372,-0.0755,0.2027,0.9763,,0.0000,0.0000,0.0000
74.8997,Left,0.4473,1.5226,-2.7997,-0.0063,0.0421,0.9991,,0.0000,0.0000,0.0000
74.8997,Right,-0.0109,1.5424,-2.8352,-0.0608,0.0442,0.9972,,0.0000,0.0000,0.0000
74.8997,Combined,-0.0109,1.5424,-2.8352,-0.0682,0.1788,0.9815,,0.0000,0.0000,0.0000
74.9686,Left,0.4496,1.5190,-2.8040,-0.0885,0.0217,0.9958,,0.0000,0.0000,0.0000
74.9686,Right,-0.0091,1.5393,-2.8318,-0.1426,0.0245,0.9895,,0.0000,0.0000,0.0000
74.9686,Combined,-0.0091,1.5393,-2.8318,-0.0535,0.1454,0.9879,,0.0000,0.0000,0.0000
75.0432,Left,0.4518,1.5149,-2.8084,-0.0311,0.0419,0.9986,,0.0000,0.0000,0.0000
75.0432,Right,-0.0074,1.5354,-2.8281,-0.0851,0.0444,0.9954,,0.0000,0.0000,0.0000
75.0432,Combined,-0.0074,1.5354,-2.8281,-0.0378,0.1059,0.9937,,0.0000,0.0000,0.0000
75.0943,Left,0.4533,1.5123,-2.8115,-0.0398,0.0643,0.9971,,0.0000,0.0000,0.0000
75.0943,Right,-0.0062,1.5307,-2.8245,-0.0932,0.0667,0.9934,,0.0000,0.0000,0.0000
75.0943,Combined,-0.0062,1.5307,-2.8245,-0.0259,0.0614,0.9978,,0.0000,0.0000,0.0000
75.1781,Left,0.4539,1.5116,-2.8123,-0.0387,0.0623,0.9973,,0.0000,0.0000,0.0000
75.1781,Right,-0.0058,1.5271,-2.8215,-0.0918,0.0644,0.9937,,0.0000,0.0000,0.0000
75.1781,Combined,-0.0058,1.5271,-2.8215,-0.0191,0.0262,0.9995,,0.0000,0.0000,0.0000
75.2482,Left,0.4537,1.5112,-2.8104,-0.0365,0.0566,0.9977,,0.0000,0.0000,0.0000
75.2482,Right,-0.0061,1.5242,-2.8181,-0.0895,0.0584,0.9943,,0.0000,0.0000,0.0000
75.2482,Combined,-0.0061,1.5242,-2.8181,-0.0166,0.0003,0.9999,,0.0000,0.0000,0.0000
75.3180,Left,0.4528,1.5107,-2.8065,0.0048,-0.0032,1.0000,,0.0000,0.0000,0.0000
75.3180,Right,-0.0069,1.5227,-2.8156,-0.0487,-0.0018,0.9988,,0.0000,0.0000,0.0000
75.3180,Combined,-0.0069,1.5227,-2.8156,-0.0202,-0.0124,0.9997,,0.0000,0.0000,0.0000
75.3874,Left,0.4519,1.5091,-2.8025,-0.0026,0.0009,1.0000,,0.0000,0.0000,0.0000
75.3874,Right,-0.0077,1.5214,-2.8140,-0.0560,0.0024,0.9984,,0.0000,0.0000,0.0000
75.3874,Combined,-0.0077,1.5214,-2.8140,-0.0256,-0.0231,0.9994,,0.0000,0.0000,0.0000
75.4438,Left,0.4514,1.5080,-2.8006,-0.0025,0.0056,1.0000,,0.0000,0.0000,0.0000
75.4438,Right,-0.0082,1.5205,-2.8131,-0.0559,0.0071,0.9984,,0.0000,0.0000,0.0000
75.4438,Combined,-0.0082,1.5205,-2.8131,-0.0281,-0.0308,0.9991,,0.0000,0.0000,0.0000
75.5162,Left,0.4512,1.5079,-2.8001,0.0068,0.0069,1.0000,,0.0000,0.0000,0.0000
75.5162,Right,-0.0085,1.5200,-2.8128,-0.0465,0.0083,0.9989,,0.0000,0.0000,0.0000
75.5162,Combined,-0.0085,1.5200,-2.8128,-0.0286,-0.0344,0.9990,,0.0000,0.0000,0.0000
75.5818,Left,0.4509,1.5079,-2.7995,0.0057,0.0160,0.9999,,0.0000,0.0000,0.0000
75.5818,Right,-0.0087,1.5198,-2.8128,-0.0475,0.0173,0.9987,,0.0000,0.0000,0.0000
75.5818,Combined,-0.0087,1.5198,-2.8128,-0.0298,-0.0361,0.9989,,0.0000,0.0000,0.0000
75.6391,Left,0.4507,1.5080,-2.7988,0.0064,0.0181,0.9998,,0.0000,0.0000,0.0000
75.6391,Right,-0.0089,1.5198,-2.8129,-0.0468,0.0194,0.9987,,0.0000,0.0000,0.0000
75.6391,Combined,-0.0089,1.5198,-2.8129,-0.0316,-0.0352,0.9989,,0.0000,0.0000,0.0000
75.7088,Left,0.4506,1.5079,-2.7978,0.0045,0.0186,0.9998,,0.0000,0.0000,0.0000
75.7088,Right,-0.0090,1.5199,-2.8129,-0.0487,0.0199,0.9986,,0.0000,0.0000,0.0000
75.7088,Combined,-0.0090,1.5199,-2.8129,-0.0336,-0.0349,0.9988,,0.0000,0.0000,0.0000
75.7774,Left,0.4505,1.5072,-2.7968,0.0008,0.0191,0.9998,,0.0000,0.0000,0.0000
75.7774,Right,-0.0090,1.5198,-2.8128,-0.0524,0.0205,0.9984,,0.0000,0.0000,0.0000
75.7774,Combined,-0.0090,1.5198,-2.8128,-0.0359,-0.0344,0.9988,,0.0000,0.0000,0.0000
75.8348,Left,0.4505,1.5066,-2.7958,-0.0412,-0.0756,0.9963,,0.0000,0.0000,0.0000
75.8348,Right,-0.0090,1.5199,-2.8127,-0.0949,-0.0737,0.9928,,0.0000,0.0000,0.0000
75.8348,Combined,-0.0090,1.5199,-2.8127,-0.0377,-0.0333,0.9987,,0.0000,0.0000,0.0000
75.9069,Left,0.4504,1.5063,-2.7949,-0.0459,-0.0843,0.9954,,0.0000,0.0000,0.0000
75.9069,Right,-0.0090,1.5200,-2.8125,-0.0997,-0.0823,0.9916,,0.0000,0.0000,0.0000
75.9069,Combined,-0.0090,1.5200,-2.8125,-0.0394,-0.0317,0.9987,,0.0000,0.0000,0.0000
75.9712,Left,0.4503,1.5061,-2.7940,-0.0479,-0.0818,0.9955,,0.0000,0.0000,0.0000
75.9712,Right,-0.0091,1.5202,-2.8125,-0.1017,-0.0798,0.9916,,0.0000,0.0000,0.0000
75.9712,Combined,-0.0091,1.5202,-2.8125,-0.0411,-0.0290,0.9987,,0.0000,0.0000,0.0000
76.0164,Left,0.4501,1.5057,-2.7933,-0.0448,-0.0787,0.9959,,0.0000,0.0000,0.0000
76.0164,Right,-0.0092,1.5207,-2.8126,-0.0986,-0.0767,0.9922,,0.0000,0.0000,0.0000
76.0164,Combined,-0.0092,1.5207,-2.8126,-0.0426,-0.0241,0.9988,,0.0000,0.0000,0.0000
76.0824,Left,0.4500,1.5052,-2.7927,-0.0461,-0.0772,0.9960,,0.0000,0.0000,0.0000
76.0824,Right,-0.0093,1.5210,-2.8126,-0.0999,-0.0751,0.9922,,0.0000,0.0000,0.0000
76.0824,Combined,-0.0093,1.5210,-2.8126,-0.0439,-0.0218,0.9988,,0.0000,0.0000,0.0000
76.1682,Left,0.4495,1.5046,-2.7918,-0.0469,-0.0857,0.9952,,0.0000,0.0000,0.0000
76.1682,Right,-0.0098,1.5211,-2.8127,-0.1008,-0.0834,0.9914,,0.0000,0.0000,0.0000
76.1682,Combined,-0.0098,1.5211,-2.8127,-0.0461,-0.0213,0.9987,,0.0000,0.0000,0.0000
76.2404,Left,0.4488,1.5050,-2.7911,-0.0389,-0.0932,0.9949,,0.0000,0.0000,0.0000
76.2404,Right,-0.0104,1.5207,-2.8125,-0.0928,-0.0912,0.9915,,0.0000,0.0000,0.0000
76.2404,Combined,-0.0104,1.5207,-2.8125,-0.0473,-0.0258,0.9985,,0.0000,0.0000,0.0000
76.3190,Left,0.4481,1.5056,-2.7896,-0.1677,-0.3465,0.9229,,0.0000,0.0000,0.0000
76.3190,Right,-0.0111,1.5195,-2.8118,-0.2222,-0.3412,0.9134,,0.0000,0.0000,0.0000
76.3190,Combined,-0.0111,1.5195,-2.8118,-0.0494,-0.0381,0.9981,,0.0000,0.0000,0.0000
76.3908,Left,0.4472,1.5052,-2.7861,-0.1948,-0.4411,0.8761,,0.0000,0.0000,0.0000
76.3908,Right,-0.0120,1.5169,-2.8106,-0.2494,-0.4346,0.8654,,0.0000,0.0000,0.0000
76.3908,Combined,-0.0120,1.5169,-2.8106,-0.0548,-0.0642,0.9964,,0.0000,0.0000,0.0000
76.4590,Left,0.4464,1.5040,-2.7823,-0.1881,-0.4379,0.8791,,0.0000,0.0000,0.0000
76.4590,Right,-0.0127,1.5141,-2.8091,-0.2426,-0.4319,0.8687,,0.0000,0.0000,0.0000
76.4590,Combined,-0.0127,1.5141,-2.8091,-0.0602,-0.0912,0.9940,,0.0000,0.0000,0.0000
76.5153,Left,0.4456,1.5013,-2.7780,-0.1882,-0.4637,0.8657,,0.0000,0.0000,0.0000
76.5153,Right,-0.0133,1.5101,-2.8078,-0.2427,-0.4578,0.8553,,0.0000,0.0000,0.0000
76.5153,Combined,-0.0133,1.5101,-2.8078,-0.0667,-0.1308,0.9892,,0.0000,0.0000,0.0000
76.5863,Left,0.4449,1.4978,-2.7744,-0.1965,-0.4635,0.8641,,0.0000,0.0000,0.0000
76.5863,Right,-0.0138,1.5062,-2.8070,-0.2505,-0.4575,0.8532,,0.0000,0.0000,0.0000
76.5863,Combined,-0.0138,1.5062,-2.8070,-0.0729,-0.1731,0.9822,,0.0000,0.0000,0.0000
76.6549,Left,0.4440,1.4922,-2.7704,-0.2024,-0.5123,0.8346,,0.0000,0.0000,0.0000
76.6549,Right,-0.0145,1.5010,-2.8064,-0.2563,-0.5059,0.8236,,0.0000,0.0000,0.0000
76.6549,Combined,-0.0145,1.5010,-2.8064,-0.0806,-0.2293,0.9700,,0.0000,0.0000,0.0000
76.7107,Left,0.4428,1.4856,-2.7667,-0.2287,-0.5852,0.7780,,0.0000,0.0000,0.0000
76.7107,Right,-0.0153,1.4961,-2.8063,-0.2824,-0.5772,0.7662,,0.0000,0.0000,0.0000
76.7107,Combined,-0.0153,1.4961,-2.8063,-0.0889,-0.2794,0.9561,,0.0000,0.0000,0.0000
76.7817,Left,0.4420,1.4811,-2.7634,-0.2340,-0.5656,0.7908,,0.0000,0.0000,0.0000
76.7817,Right,-0.0158,1.4927,-2.8064,-0.2871,-0.5577,0.7788,,0.0000,0.0000,0.0000
76.7817,Combined,-0.0158,1.4927,-2.8064,-0.0965,-0.3106,0.9456,,0.0000,0.0000,0.0000
76.8500,Left,0.4416,1.4766,-2.7589,-0.2402,-0.5707,0.7852,,0.0000,0.0000,0.0000
76.8500,Right,-0.0158,1.4895,-2.8060,-0.2931,-0.5628,0.7729,,0.0000,0.0000,0.0000
76.8500,Combined,-0.0158,1.4895,-2.8060,-0.1057,-0.3385,0.9350,,0.0000,0.0000,0.0000
76.9057,Left,0.4417,1.4708,-2.7553,-0.2641,-0.7229,0.6384,,0.0000,0.0000,0.0000
76.9057,Right,-0.0153,1.4858,-2.8058,-0.3177,-0.7122,0.6259,,0.0000,0.0000,0.0000
76.9057,Combined,-0.0153,1.4858,-2.8058,-0.1140,-0.3711,0.9216,,0.0000,0.0000,0.0000
76.9778,Left,0.4417,1.4648,-2.7526,-0.2684,-0.7398,0.6170,,0.0000,0.0000,0.0000
76.9778,Right,-0.0149,1.4828,-2.8056,-0.3219,-0.7286,0.6045,,0.0000,0.0000,0.0000
76.9778,Combined,-0.0149,1.4828,-2.8056,-0.1211,-0.4001,0.9084,,0.0000,0.0000,0.0000
77.0442,Left,0.4415,1.4582,-2.7491,-0.2683,-0.7285,0.6303,,0.0000,0.0000,0.0000
77.0442,Right,-0.0146,1.4795,-2.8051,-0.3216,-0.7176,0.6178,,0.0000,0.0000,0.0000
77.0442,Combined,-0.0146,1.4795,-2.8051,-0.1300,-0.4276,0.8946,,0.0000,0.0000,0.0000
77.1008,Left,0.4409,1.4529,-2.7456,-0.2665,-0.7374,0.6207,,0.0000,0.0000,0.0000
77.1008,Right,-0.0147,1.4768,-2.8047,-0.3198,-0.7264,0.6083,,0.0000,0.0000,0.0000
77.1008,Combined,-0.0147,1.4768,-2.8047,-0.1379,-0.4502,0.8822,,0.0000,0.0000,0.0000
77.1701,Left,0.4402,1.4511,-2.7423,-0.2587,-0.7574,0.5996,,0.0000,0.0000,0.0000
77.1701,Right,-0.0149,1.4749,-2.8050,-0.3122,-0.7468,0.5872,,0.0000,0.0000,0.0000
77.1701,Combined,-0.0149,1.4749,-2.8050,-0.1446,-0.4665,0.8726,,0.0000,0.0000,0.0000
77.2392,Left,0.4386,1.4478,-2.7387,-0.2675,-0.7587,0.5940,,0.0000,0.0000,0.0000
77.2392,Right,-0.0157,1.4724,-2.8070,-0.3207,-0.7480,0.5811,,0.0000,0.0000,0.0000
77.2392,Combined,-0.0157,1.4724,-2.8070,-0.1556,-0.4858,0.8601,,0.0000,0.0000,0.0000
77.2962,Left,0.4361,1.4433,-2.7351,-0.2825,-0.7526,0.5949,,0.0000,0.0000,0.0000
77.2962,Right,-0.0169,1.4702,-2.8101,-0.3352,-0.7416,0.5811,,0.0000,0.0000,0.0000
77.2962,Combined,-0.0169,1.4702,-2.8101,-0.1702,-0.5015,0.8483,,0.0000,0.0000,0.0000
77.3542,Left,0.4336,1.4396,-2.7328,-0.2806,-0.7562,0.5911,,0.0000,0.0000,0.0000
77.3542,Right,-0.0183,1.4689,-2.8133,-0.3333,-0.7455,0.5771,,0.0000,0.0000,0.0000
77.3542,Combined,-0.0183,1.4689,-2.8133,-0.1826,-0.5117,0.8396,,0.0000,0.0000,0.0000
77.4220,Left,0.4309,1.4358,-2.7315,-0.2882,-0.7430,0.6041,,0.0000,0.0000,0.0000
77.4220,Right,-0.0200,1.4675,-2.8171,-0.3406,-0.7323,0.5896,,0.0000,0.0000,0.0000
77.4220,Combined,-0.0200,1.4675,-2.8171,-0.1943,-0.5221,0.8305,,0.0000,0.0000,0.0000
77.4782,Left,0.4274,1.4321,-2.7294,-0.2974,-0.7420,0.6008,,0.0000,0.0000,0.0000
77.4782,Right,-0.0219,1.4660,-2.8221,-0.3495,-0.7313,0.5857,,0.0000,0.0000,0.0000
77.4782,Combined,-0.0219,1.4660,-2.8221,-0.2092,-0.5347,0.8187,,0.0000,0.0000,0.0000
77.5472,Left,0.4247,1.4283,-2.7283,-0.2962,-0.7438,0.5992,,0.0000,0.0000,0.0000
77.5472,Right,-0.0233,1.4646,-2.8264,-0.3483,-0.7334,0.5837,,0.0000,0.0000,0.0000
77.5472,Combined,-0.0233,1.4646,-2.8264,-0.2213,-0.5448,0.8089,,0.0000,0.0000,0.0000
77.6158,Left,0.4213,1.4231,-2.7258,-0.2978,-0.7409,0.6020,,0.0000,0.0000,0.0000
77.6158,Right,-0.0245,1.4625,-2.8320,-0.3497,-0.7309,0.5861,,0.0000,0.0000,0.0000
77.6158,Combined,-0.0245,1.4625,-2.8320,-0.2386,-0.5577,0.7950,,0.0000,0.0000,0.0000
77.6721,Left,0.4184,1.4180,-2.7227,-0.2984,-0.7378,0.6055,,0.0000,0.0000,0.0000
77.6721,Right,-0.0250,1.4609,-2.8373,-0.3503,-0.7282,0.5891,,0.0000,0.0000,0.0000
77.6721,Combined,-0.0250,1.4609,-2.8373,-0.2571,-0.5660,0.7833,,0.0000,0.0000,0.0000
77.7434,Left,0.4166,1.4141,-2.7203,-0.2946,-0.7286,0.6183,,0.0000,0.0000,0.0000
77.7434,Right,-0.0249,1.4601,-2.8412,-0.3464,-0.7197,0.6017,,0.0000,0.0000,0.0000
77.7434,Combined,-0.0249,1.4601,-2.8412,-0.2718,-0.5692,0.7760,,0.0000,0.0000,0.0000
77.8130,Left,0.4145,1.4098,-2.7168,-0.2922,-0.7191,0.6305,,0.0000,0.0000,0.0000
77.8130,Right,-0.0245,1.4593,-2.8450,-0.3440,-0.7108,0.6136,,0.0000,0.0000,0.0000
77.8130,Combined,-0.0245,1.4593,-2.8450,-0.2888,-0.5710,0.7685,,0.0000,0.0000,0.0000
77.8683,Left,0.4128,1.4057,-2.7132,-0.2972,-0.7150,0.6328,,0.0000,0.0000,0.0000
77.8683,Right,-0.0238,1.4585,-2.8482,-0.3488,-0.7068,0.6155,,0.0000,0.0000,0.0000
77.8683,Combined,-0.0238,1.4585,-2.8482,-0.3044,-0.5742,0.7600,,0.0000,0.0000,0.0000
77.9449,Left,0.4122,1.4030,-2.7117,-0.2926,-0.7081,0.6426,,0.0000,0.0000,0.0000
77.9449,Right,-0.0229,1.4584,-2.8503,-0.3442,-0.7004,0.6253,,0.0000,0.0000,0.0000
77.9449,Combined,-0.0229,1.4584,-2.8503,-0.3141,-0.5737,0.7565,,0.0000,0.0000,0.0000
78.0169,Left,0.4126,1.4003,-2.7115,-0.2722,-0.7103,0.6491,,0.0000,0.0000,0.0000
78.0169,Right,-0.0215,1.4587,-2.8522,-0.3242,-0.7035,0.6324,,0.0000,0.0000,0.0000
78.0169,Combined,-0.0215,1.4587,-2.8522,-0.3217,-0.5701,0.7560,,0.0000,0.0000,0.0000
78.0766,Left,0.4138,1.3970,-2.7124,-0.2719,-0.7031,0.6571,,0.0000,0.0000,0.0000
78.0766,Right,-0.0195,1.4591,-2.8539,-0.3238,-0.6963,0.6406,,0.0000,0.0000,0.0000
78.0766,Combined,-0.0195,1.4591,-2.8539,-0.3284,-0.5641,0.7576,,0.0000,0.0000,0.0000
78.1465,Left,0.4148,1.3947,-2.7134,-0.2736,-0.7075,0.6515,,0.0000,0.0000,0.0000
78.1465,Right,-0.0181,1.4592,-2.8550,-0.3256,-0.7005,0.6350,,0.0000,0.0000,0.0000
78.1465,Combined,-0.0181,1.4592,-2.8550,-0.3318,-0.5613,0.7581,,0.0000,0.0000,0.0000
78.2414,Left,0.4164,1.3934,-2.7135,-0.2694,-0.7038,0.6573,,0.0000,0.0000,0.0000
78.2414,Right,-0.0158,1.4597,-2.8564,-0.3215,-0.6970,0.6410,,0.0000,0.0000,0.0000
78.2414,Combined,-0.0158,1.4597,-2.8564,-0.3367,-0.5553,0.7604,,0.0000,0.0000,0.0000
78.3120,Left,0.4171,1.3920,-2.7129,-0.2691,-0.7058,0.6553,,0.0000,0.0000,0.0000
78.3120,Right,-0.0142,1.4600,-2.8575,-0.3212,-0.6990,0.6389,,0.0000,0.0000,0.0000
78.3120,Combined,-0.0142,1.4600,-2.8575,-0.3423,-0.5503,0.7616,,0.0000,0.0000,0.0000
78.3804,Left,0.4161,1.3904,-2.7113,-0.2700,-0.7065,0.6542,,0.0000,0.0000,0.0000
78.3804,Right,-0.0139,1.4599,-2.8590,-0.3222,-0.6997,0.6376,,0.0000,0.0000,0.0000
78.3804,Combined,-0.0139,1.4599,-2.8590,-0.3496,-0.5484,0.7596,,0.0000,0.0000,0.0000
78.4366,Left,0.4136,1.3895,-2.7083,-0.2783,-0.7062,0.6511,,0.0000,0.0000,0.0000
78.4366,Right,-0.0147,1.4599,-2.8608,-0.3302,-0.6993,0.6340,,0.0000,0.0000,0.0000
78.4366,Combined,-0.0147,1.4599,-2.8608,-0.3591,-0.5473,0.7560,,0.0000,0.0000,0.0000
78.5081,Left,0.4110,1.3889,-2.7052,-0.2816,-0.7044,0.6516,,0.0000,0.0000,0.0000
78.5081,Right,-0.0156,1.4601,-2.8618,-0.3334,-0.6976,0.6341,,0.0000,0.0000,0.0000
78.5081,Combined,-0.0156,1.4601,-2.8618,-0.3676,-0.5448,0.7537,,0.0000,0.0000,0.0000
78.5755,Left,0.4076,1.3883,-2.7005,-0.4521,-0.5992,0.6607,,0.0000,0.0000,0.0000
78.5755,Right,-0.0169,1.4605,-2.8624,-0.4993,-0.5862,0.6381,,0.0000,0.0000,0.0000
78.5755,Combined,-0.0169,1.4605,-2.8624,-0.3788,-0.5390,0.7524,,0.0000,0.0000,0.0000
78.6349,Left,0.4038,1.3870,-2.6957,-0.5303,-0.5229,0.6673,,0.0000,0.0000,0.0000
78.6349,Right,-0.0183,1.4612,-2.8628,-0.5742,-0.5079,0.6421,,0.0000,0.0000,0.0000
78.6349,Combined,-0.0183,1.4612,-2.8628,-0.3908,-0.5338,0.7499,,0.0000,0.0000,0.0000
78.7011,Left,0.4001,1.3856,-2.6908,-0.5300,-0.5233,0.6673,,0.0000,0.0000,0.0000
78.7011,Right,-0.0197,1.4616,-2.8630,-0.5740,-0.5084,0.6419,,0.0000,0.0000,0.0000
78.7011,Combined,-0.0197,1.4616,-2.8630,-0.4024,-0.5285,0.7475,,0.0000,0.0000,0.0000
78.7716,Left,0.3933,1.3832,-2.6825,-0.5387,-0.5170,0.6652,,0.0000,0.0000,0.0000
78.7716,Right,-0.0220,1.4627,-2.8636,-0.5825,-0.5023,0.6391,,0.0000,0.0000,0.0000
78.7716,Combined,-0.0220,1.4627,-2.8636,-0.4235,-0.5164,0.7443,,0.0000,0.0000,0.0000
78.8274,Left,0.3857,1.3806,-2.6735,-0.5472,-0.5125,0.6618,,0.0000,0.0000,0.0000
78.8274,Right,-0.0243,1.4643,-2.8646,-0.5909,-0.4977,0.6349,,0.0000,0.0000,0.0000
78.8274,Combined,-0.0243,1.4643,-2.8646,-0.4475,-0.5010,0.7407,,0.0000,0.0000,0.0000
78.8982,Left,0.3778,1.3786,-2.6646,-0.5476,-0.5019,0.6695,,0.0000,0.0000,0.0000
78.8982,Right,-0.0266,1.4662,-2.8656,-0.5914,-0.4876,0.6423,,0.0000,0.0000,0.0000
78.8982,Combined,-0.0266,1.4662,-2.8656,-0.4713,-0.4821,0.7386,,0.0000,0.0000,0.0000
78.9658,Left,0.3635,1.3756,-2.6492,-0.5637,-0.4910,0.6642,,0.0000,0.0000,0.0000
78.9658,Right,-0.0305,1.4694,-2.8674,-0.6071,-0.4768,0.6357,,0.0000,0.0000,0.0000
78.9658,Combined,-0.0305,1.4694,-2.8674,-0.5122,-0.4504,0.7313,,0.0000,0.0000,0.0000
79.0221,Left,0.3425,1.3734,-2.6280,-0.7324,-0.3417,0.5889,,0.0000,0.0000,0.0000
79.0221,Right,-0.0358,1.4736,-2.8699,-0.7666,-0.3240,0.5544,,0.0000,0.0000,0.0000
79.0221,Combined,-0.0358,1.4736,-2.8699,-0.5661,-0.4073,0.7167,,0.0000,0.0000,0.0000
79.0923,Left,0.3219,1.3718,-2.6096,-0.8603,-0.1700,0.4806,,0.0000,0.0000,0.0000
79.0923,Right,-0.0406,1.4776,-2.8723,-0.8839,-0.1520,0.4423,,0.0000,0.0000,0.0000
79.0923,Combined,-0.0406,1.4776,-2.8723,-0.6138,-0.3657,0.6997,,0.0000,0.0000,0.0000
79.1498,Left,0.2943,1.3727,-2.5876,-0.8946,-0.1176,0.4311,,0.0000,0.0000,0.0000
79.1498,Right,-0.0466,1.4835,-2.8759,-0.9150,-0.1000,0.3908,,0.0000,0.0000,0.0000
79.1498,Combined,-0.0466,1.4835,-2.8759,-0.6706,-0.3080,0.6749,,0.0000,0.0000,0.0000
79.2020,Left,0.2716,1.3763,-2.5714,-0.8894,-0.1267,0.4392,,0.0000,0.0000,0.0000
79.2020,Right,-0.0514,1.4884,-2.8791,-0.9111,-0.1094,0.3975,,0.0000,0.0000,0.0000
79.2020,Combined,-0.0514,1.4884,-2.8791,-0.7117,-0.2603,0.6525,,0.0000,0.0000,0.0000
79.2874,Left,0.2463,1.3806,-2.5557,-0.8702,-0.1517,0.4688,,0.0000,0.0000,0.0000
79.2874,Right,-0.0570,1.4928,-2.8829,-0.8946,-0.1352,0.4259,,0.0000,0.0000,0.0000
79.2874,Combined,-0.0570,1.4928,-2.8829,-0.7518,-0.2157,0.6231,,0.0000,0.0000,0.0000
79.3572,Left,0.2118,1.3875,-2.5376,-0.8904,-0.1282,0.4367,,0.0000,0.0000,0.0000
79.3572,Right,-0.0642,1.4976,-2.8888,-0.9131,-0.1126,0.3920,,0.0000,0.0000,0.0000
79.3572,Combined,-0.0642,1.4976,-2.8888,-0.7999,-0.1666,0.5765,,0.0000,0.0000,0.0000
79.4278,Left,0.1832,1.3911,-2.5258,-0.9413,0.0030,0.3375,,0.0000,0.0000,0.0000
79.4278,Right,-0.0699,1.5009,-2.8939,-0.9565,0.0174,0.2912,,0.0000,0.0000,0.0000
79.4278,Combined,-0.0699,1.5009,-2.8939,-0.8347,-0.1317,0.5346,,0.0000,0.0000,0.0000
79.4961,Left,0.1618,1.3935,-2.5185,-0.9463,0.0047,0.3232,,0.0000,0.0000,0.0000
79.4961,Right,-0.0741,1.5030,-2.8979,-0.9610,0.0190,0.2760,,0.0000,0.0000,0.0000
79.4961,Combined,-0.0741,1.5030,-2.8979,-0.8580,-0.1105,0.5016,,0.0000,0.0000,0.0000
79.5552,Left,0.1500,1.3969,-2.5146,-0.9391,-0.0050,0.3437,,0.0000,0.0000,0.0000
79.5552,Right,-0.0762,1.5044,-2.9004,-0.9551,0.0089,0.2960,,0.0000,0.0000,0.0000
79.5552,Combined,-0.0762,1.5044,-2.9004,-0.8701,-0.0957,0.4835,,0.0000,0.0000,0.0000
79.6206,Left,0.1435,1.3989,-2.5127,-0.9237,-0.0189,0.3828,,0.0000,0.0000,0.0000
79.6206,Right,-0.0773,1.5057,-2.9018,-0.9421,-0.0054,0.3352,,0.0000,0.0000,0.0000
79.6206,Combined,-0.0773,1.5057,-2.9018,-0.8762,-0.0807,0.4752,,0.0000,0.0000,0.0000
79.6929,Left,0.1333,1.4022,-2.5096,-0.9274,-0.0053,0.3740,,0.0000,0.0000,0.0000
79.6929,Right,-0.0788,1.5075,-2.9039,-0.9453,0.0080,0.3260,,0.0000,0.0000,0.0000
79.6929,Combined,-0.0788,1.5075,-2.9039,-0.8858,-0.0614,0.4600,,0.0000,0.0000,0.0000
79.7460,Left,0.1211,1.4073,-2.5059,-0.9441,0.0188,0.3291,,0.0000,0.0000,0.0000
79.7460,Right,-0.0801,1.5099,-2.9066,-0.9594,0.0317,0.2803,,0.0000,0.0000,0.0000
79.7460,Combined,-0.0801,1.5099,-2.9066,-0.8970,-0.0398,0.4402,,0.0000,0.0000,0.0000
79.8157,Left,0.1129,1.4115,-2.5038,-0.9895,0.1426,0.0222,,0.0000,0.0000,0.0000
79.8157,Right,-0.0808,1.5122,-2.9087,-0.9878,0.1539,-0.0236,,0.0000,0.0000,0.0000
79.8157,Combined,-0.0808,1.5122,-2.9087,-0.9038,-0.0200,0.4275,,0.0000,0.0000,0.0000
79.8729,Left,0.1070,1.4168,-2.5026,-0.9878,0.1546,0.0183,,0.0000,0.0000,0.0000
79.8729,Right,-0.0807,1.5145,-2.9110,-0.9858,0.1653,-0.0280,,0.0000,0.0000,0.0000
79.8729,Combined,-0.0807,1.5145,-2.9110,-0.9086,0.0002,0.4176,,0.0000,0.0000,0.0000
79.9295,Left,0.1036,1.4206,-2.5021,-0.9877,0.1553,0.0166,,0.0000,0.0000,0.0000
79.9295,Right,-0.0803,1.5160,-2.9129,-0.9857,0.1658,-0.0300,,0.0000,0.0000,0.0000
79.9295,Combined,-0.0803,1.5160,-2.9129,-0.9114,0.0148,0.4113,,0.0000,0.0000,0.0000
79.9993,Left,0.1022,1.4242,-2.5022,-0.9880,0.1503,0.0358,,0.0000,0.0000,0.0000
79.9993,Right,-0.0796,1.5175,-2.9143,-0.9869,0.1607,-0.0115,,0.0000,0.0000,0.0000
79.9993,Combined,-0.0796,1.5175,-2.9143,-0.9121,0.0298,0.4089,,0.0000,0.0000,0.0000
80.0660,Left,0.1049,1.4302,-2.5029,-0.9673,0.1374,0.2131,,0.0000,0.0000,0.0000
80.0660,Right,-0.0780,1.5199,-2.9153,-0.9755,0.1478,0.1632,,0.0000,0.0000,0.0000
80.0660,Combined,-0.0780,1.5199,-2.9153,-0.9088,0.0507,0.4141,,0.0000,0.0000,0.0000
80.1228,Left,0.1125,1.4379,-2.5046,-0.9133,0.1907,0.3599,,0.0000,0.0000,0.0000
80.1228,Right,-0.0758,1.5226,-2.9157,-0.9292,0.2003,0.3107,,0.0000,0.0000,0.0000
80.1228,Combined,-0.0758,1.5226,-2.9157,-0.9006,0.0753,0.4281,,0.0000,0.0000,0.0000
80.1957,Left,0.1201,1.4436,-2.5066,-0.8248,0.1884,0.5331,,0.0000,0.0000,0.0000
80.1957,Right,-0.0736,1.5248,-2.9159,-0.8501,0.1981,0.4880,,0.0000,0.0000,0.0000
80.1957,Combined,-0.0736,1.5248,-2.9159,-0.8924,0.0949,0.4412,,0.0000,0.0000,0.0000
80.2692,Left,0.1282,1.4489,-2.5091,-0.8261,0.1777,0.5348,,0.0000,0.0000,0.0000
80.2692,Right,-0.0709,1.5266,-2.9164,-0.8518,0.1869,0.4895,,0.0000,0.0000,0.0000
80.2692,Combined,-0.0709,1.5266,-2.9164,-0.8843,0.1112,0.4536,,0.0000,0.0000,0.0000
80.3146,Left,0.1320,1.4525,-2.5102,-0.8289,0.1769,0.5307,,0.0000,0.0000,0.0000
80.3146,Right,-0.0689,1.5274,-2.9171,-0.8545,0.1858,0.4852,,0.0000,0.0000,0.0000
80.3146,Combined,-0.0689,1.5274,-2.9171,-0.8817,0.1175,0.4570,,0.0000,0.0000,0.0000
80.3858,Left,0.1345,1.4541,-2.5109,-0.8353,0.1743,0.5214,,0.0000,0.0000,0.0000
80.3858,Right,-0.0676,1.5273,-2.9176,-0.8605,0.1829,0.4755,,0.0000,0.0000,0.0000
80.3858,Combined,-0.0676,1.5273,-2.9176,-0.8810,0.1165,0.4586,,0.0000,0.0000,0.0000
80.4582,Left,0.1394,1.4562,-2.5120,-0.8353,0.1698,0.5229,,0.0000,0.0000,0.0000
80.4582,Right,-0.0658,1.5273,-2.9175,-0.8606,0.1782,0.4770,,0.0000,0.0000,0.0000
80.4582,Combined,-0.0658,1.5273,-2.9175,-0.8779,0.1162,0.4646,,0.0000,0.0000,0.0000
80.5110,Left,0.1447,1.4581,-2.5134,-0.8312,0.1721,0.5287,,0.0000,0.0000,0.0000
80.5110,Right,-0.0640,1.5275,-2.9174,-0.8569,0.1802,0.4830,,0.0000,0.0000,0.0000
80.5110,Combined,-0.0640,1.5275,-2.9174,-0.8734,0.1203,0.4720,,0.0000,0.0000,0.0000
80.5942,Left,0.1476,1.4586,-2.5141,-0.8326,0.1733,0.5261,,0.0000,0.0000,0.0000
80.5942,Right,-0.0626,1.5281,-2.9173,-0.8582,0.1814,0.4802,,0.0000,0.0000,0.0000
80.5942,Combined,-0.0626,1.5281,-2.9173,-0.8703,0.1276,0.4757,,0.0000,0.0000,0.0000
80.6654,Left,0.1497,1.4582,-2.5145,-0.8489,0.2460,0.4678,,0.0000,0.0000,0.0000
80.6654,Right,-0.0609,1.5289,-2.9173,-0.8710,0.2538,0.4206,,0.0000,0.0000,0.0000
80.6654,Combined,-0.0609,1.5289,-2.9173,-0.8676,0.1377,0.4778,,0.0000,0.0000,0.0000
80.7339,Left,0.1520,1.4588,-2.5148,-0.8504,0.2381,0.4692,,0.0000,0.0000,0.0000
80.7339,Right,-0.0598,1.5290,-2.9170,-0.8727,0.2459,0.4219,,0.0000,0.0000,0.0000
80.7339,Combined,-0.0598,1.5290,-2.9170,-0.8662,0.1376,0.4803,,0.0000,0.0000,0.0000
80.7920,Left,0.1546,1.4598,-2.5154,-0.8515,0.2373,0.4677,,0.0000,0.0000,0.0000
80.7920,Right,-0.0593,1.5287,-2.9168,-0.8737,0.2449,0.4204,,0.0000,0.0000,0.0000
80.7920,Combined,-0.0593,1.5287,-2.9168,-0.8645,0.1353,0.4841,,0.0000,0.0000,0.0000
80.8447,Left,0.1558,1.4606,-2.5156,-0.8529,0.2357,0.4658,,0.0000,0.0000,0.0000
80.8447,Right,-0.0590,1.5286,-2.9167,-0.8751,0.2432,0.4185,,0.0000,0.0000,0.0000
80.8447,Combined,-0.0590,1.5286,-2.9167,-0.8640,0.1338,0.4854,,0.0000,0.0000,0.0000
80.9156,Left,0.1565,1.4612,-2.5159,-0.8503,0.1009,0.5166,,0.0000,0.0000,0.0000
80.9156,Right,-0.0590,1.5287,-2.9167,-0.8760,0.1088,0.4699,,0.0000,0.0000,0.0000
80.9156,Combined,-0.0590,1.5287,-2.9167,-0.8631,0.1344,0.4868,,0.0000,0.0000,0.0000
80.9772,Left,0.1584,1.4631,-2.5171,-0.8400,0.1451,0.5228,,0.0000,0.0000,0.0000
80.9772,Right,-0.0593,1.5290,-2.9169,-0.8657,0.1529,0.4766,,0.0000,0.0000,0.0000
80.9772,Combined,-0.0593,1.5290,-2.9169,-0.8607,0.1349,0.4909,,0.0000,0.0000,0.0000
81.0254,Left,0.1609,1.4684,-2.5189,-0.8498,0.1911,0.4912,,0.0000,0.0000,0.0000
81.0254,Right,-0.0594,1.5302,-2.9179,-0.8737,0.1984,0.4441,,0.0000,0.0000,0.0000
81.0254,Combined,-0.0594,1.5302,-2.9179,-0.8574,0.1399,0.4953,,0.0000,0.0000,0.0000
81.0957,Left,0.1661,1.4782,-2.5216,-0.8303,0.2325,0.5065,,0.0000,0.0000,0.0000
81.0957,Right,-0.0589,1.5327,-2.9191,-0.8551,0.2389,0.4601,,0.0000,0.0000,0.0000
81.0957,Combined,-0.0589,1.5327,-2.9191,-0.8499,0.1577,0.5028,,0.0000,0.0000,0.0000
81.1649,Left,0.1773,1.4890,-2.5268,-0.8160,0.2568,0.5180,,0.0000,0.0000,0.0000
81.1649,Right,-0.0567,1.5357,-2.9201,-0.8417,0.2622,0.4719,,0.0000,0.0000,0.0000
81.1649,Combined,-0.0567,1.5357,-2.9201,-0.8355,0.1821,0.5185,,0.0000,0.0000,0.0000
81.2140,Left,0.1931,1.4940,-2.5337,-0.8067,0.2587,0.5313,,0.0000,0.0000,0.0000
81.2140,Right,-0.0533,1.5375,-2.9197,-0.8335,0.2636,0.4856,,0.0000,0.0000,0.0000
81.2140,Combined,-0.0533,1.5375,-2.9197,-0.8162,0.1970,0.5432,,0.0000,0.0000,0.0000
81.2775,Left,0.2065,1.4938,-2.5399,-0.5578,0.0667,0.8273,item 3-3,-3.8676,1.9810,3.5033
81.2775,Right,-0.0508,1.5374,-2.9187,-0.5990,0.0706,0.7976,,0.0000,0.0000,0.0000
81.2775,Combined,-0.0508,1.5374,-2.9187,-0.8011,0.1932,0.5665,,0.0000,0.0000,0.0000
81.3460,Left,0.2331,1.4906,-2.5534,-0.5305,0.0309,0.8471,item 3-3,-3.3800,1.7013,3.2156
81.3460,Right,-0.0463,1.5365,-2.9160,-0.5733,0.0345,0.8186,,0.0000,0.0000,0.0000
81.3460,Combined,-0.0463,1.5365,-2.9160,-0.7680,0.1803,0.6145,,0.0000,0.0000,0.0000
81.4028,Left,0.2689,1.4927,-2.5753,-0.4910,0.0238,0.8708,item 3-3,-3.1754,1.6596,3.5334
81.4028,Right,-0.0401,1.5363,-2.9133,-0.5355,0.0275,0.8441,item 3-3,-3.8025,1.7298,3.0172
81.4028,Combined,-0.0401,1.5363,-2.9133,-0.7162,0.1700,0.6769,,0.0000,0.0000,0.0000
81.4757,Left,0.3017,1.4986,-2.5996,-0.4530,0.0393,0.8906,,0.0000,0.0000,0.0000
81.4757,Right,-0.0343,1.5374,-2.9113,-0.4991,0.0428,0.8655,item 3-3,-3.5919,1.8428,3.2582
81.4757,Combined,-0.0343,1.5374,-2.9113,-0.6586,0.1753,0.7318,,0.0000,0.0000,0.0000
81.5424,Left,0.3413,1.5046,-2.6355,-0.1638,0.0566,0.9849,,0.0000,0.0000,0.0000
81.5424,Right,-0.0269,1.5383,-2.9090,-0.2114,0.0589,0.9756,,0.0000,0.0000,0.0000
81.5424,Combined,-0.0269,1.5383,-2.9090,-0.5768,0.1744,0.7980,,0.0000,0.0000,0.0000
81.5979,Left,0.3737,1.5112,-2.6706,-0.0727,0.0520,0.9960,,0.0000,0.0000,0.0000
81.5979,Right,-0.0200,1.5387,-2.9068,-0.1212,0.0535,0.9912,,0.0000,0.0000,0.0000
81.5979,Combined,-0.0200,1.5387,-2.9068,-0.4984,0.1690,0.8503,,0.0000,0.0000,0.0000
81.6675,Left,0.3941,1.5155,-2.6953,-0.1050,0.0510,0.9932,,0.0000,0.0000,0.0000
81.6675,Right,-0.0146,1.5390,-2.9051,-0.1555,0.0524,0.9864,,0.0000,0.0000,0.0000
81.6675,Combined,-0.0146,1.5390,-2.9051,-0.4425,0.1681,0.8809,,0.0000,0.0000,0.0000
81.7393,Left,0.4157,1.5160,-2.7240,-0.0749,0.0511,0.9959,,0.0000,0.0000,0.0000
81.7393,Right,-0.0075,1.5392,-2.9028,-0.1264,0.0525,0.9906,,0.0000,0.0000,0.0000
81.7393,Combined,-0.0075,1.5392,-2.9028,-0.3758,0.1684,0.9113,,0.0000,0.0000,0.0000
81.7956,Left,0.4320,1.5144,-2.7476,-0.0965,0.0456,0.9943,,0.0000,0.0000,0.0000
81.7956,Right,-0.0010,1.5389,-2.9009,-0.1491,0.0474,0.9877,,0.0000,0.0000,0.0000
81.7956,Combined,-0.0010,1.5389,-2.9009,-0.3207,0.1656,0.9326,,0.0000,0.0000,0.0000
81.8647,Left,0.4415,1.5125,-2.7623,-0.1026,0.0327,0.9942,,0.0000,0.0000,0.0000
81.8647,Right,0.0033,1.5381,-2.8998,-0.1558,0.0348,0.9872,,0.0000,0.0000,0.0000
81.8647,Combined,0.0033,1.5381,-2.8998,-0.2872,0.1567,0.9450,,0.0000,0.0000,0.0000
81.9331,Left,0.4498,1.5108,-2.7761,0.0675,0.0433,0.9968,,0.0000,0.0000,0.0000
81.9331,Right,0.0073,1.5372,-2.8990,0.0159,0.0449,0.9989,,0.0000,0.0000,0.0000
81.9331,Combined,0.0073,1.5372,-2.8990,-0.2565,0.1478,0.9552,,0.0000,0.0000,0.0000
81.9874,Left,0.4554,1.5106,-2.7863,0.0702,0.0516,0.9962,,0.0000,0.0000,0.0000
81.9874,Right,0.0101,1.5366,-2.8987,0.0183,0.0534,0.9984,,0.0000,0.0000,0.0000
81.9874,Combined,0.0101,1.5366,-2.8987,-0.2346,0.1409,0.9618,,0.0000,0.0000,0.0000
82.0587,Left,0.4581,1.5105,-2.7918,0.0498,0.0575,0.9971,,0.0000,0.0000,0.0000
82.0587,Right,0.0115,1.5364,-2.8989,-0.0025,0.0595,0.9982,,0.0000,0.0000,0.0000
82.0587,Combined,0.0115,1.5364,-2.8989,-0.2234,0.1388,0.9648,,0.0000,0.0000,0.0000
82.1251,Left,0.4600,1.5114,-2.7959,0.0442,0.0597,0.9972,,0.0000,0.0000,0.0000
82.1251,Right,0.0124,1.5363,-2.8991,-0.0083,0.0617,0.9981,,0.0000,0.0000,0.0000
82.1251,Combined,0.0124,1.5363,-2.8991,-0.2152,0.1380,0.9668,,0.0000,0.0000,0.0000
82.1848,Left,0.4609,1.5115,-2.7983,0.0322,0.0605,0.9976,,0.0000,0.0000,0.0000
82.1848,Right,0.0128,1.5363,-2.8994,-0.0206,0.0625,0.9978,,0.0000,0.0000,0.0000
82.1848,Combined,0.0128,1.5363,-2.8994,-0.2105,0.1384,0.9677,,0.0000,0.0000,0.0000
82.2670,Left,0.4611,1.5112,-2.7993,0.0274,0.0628,0.9977,,0.0000,0.0000,0.0000
82.2670,Right,0.0129,1.5362,-2.8994,-0.0254,0.0649,0.9976,,0.0000,0.0000,0.0000
82.2670,Combined,0.0129,1.5362,-2.8994,-0.2086,0.1364,0.9684,,0.0000,0.0000,0.0000
82.3353,Left,0.4613,1.5117,-2.8006,0.0088,0.0527,0.9986,,0.0000,0.0000,0.0000
82.3353,Right,0.0127,1.5359,-2.8994,-0.0443,0.0547,0.9975,,0.0000,0.0000,0.0000
82.3353,Combined,0.0127,1.5359,-2.8994,-0.2063,0.1325,0.9695,,0.0000,0.0000,0.0000
82.4062,Left,0.4616,1.5135,-2.8023,0.0061,0.0570,0.9984,,0.0000,0.0000,0.0000
82.4062,Right,0.0125,1.5362,-2.8994,-0.0470,0.0589,0.9972,,0.0000,0.0000,0.0000
82.4062,Combined,0.0125,1.5362,-2.8994,-0.2029,0.1358,0.9697,,0.0000,0.0000,0.0000
82.4751,Left,0.4611,1.5154,-2.8024,0.0068,0.0636,0.9980,,0.0000,0.0000,0.0000
82.4751,Right,0.0120,1.5367,-2.8997,-0.0463,0.0654,0.9968,,0.0000,0.0000,0.0000
82.4751,Combined,0.0120,1.5367,-2.8997,-0.2033,0.1412,0.9689,,0.0000,0.0000,0.0000
82.5316,Left,0.4602,1.5161,-2.8008,-0.0025,0.0671,0.9977,,0.0000,0.0000,0.0000
82.5316,Right,0.0115,1.5369,-2.8999,-0.0557,0.0689,0.9961,,0.0000,0.0000,0.0000
82.5316,Combined,0.0115,1.5369,-2.8999,-0.2070,0.1432,0.9678,,0.0000,0.0000,0.0000
82.6026,Left,0.4594,1.5160,-2.7987,-0.0036,0.0613,0.9981,,0.0000,0.0000,0.0000
82.6026,Right,0.0111,1.5367,-2.8997,-0.0567,0.0630,0.9964,,0.0000,0.0000,0.0000
82.6026,Combined,0.0111,1.5367,-2.8997,-0.2112,0.1413,0.9672,,0.0000,0.0000,0.0000
82.6691,Left,0.4584,1.5155,-2.7956,-0.0084,0.0506,0.9987,,0.0000,0.0000,0.0000
82.6691,Right,0.0106,1.5362,-2.8991,-0.0616,0.0521,0.9967,,0.0000,0.0000,0.0000
82.6691,Combined,0.0106,1.5362,-2.8991,-0.2171,0.1352,0.9667,,0.0000,0.0000,0.0000
82.7259,Left,0.4567,1.5145,-2.7911,-0.1341,0.0304,0.9905,,0.0000,0.0000,0.0000
82.7259,Right,0.0099,1.5351,-2.8984,-0.1875,0.0324,0.9817,,0.0000,0.0000,0.0000
82.7259,Combined,0.0099,1.5351,-2.8984,-0.2262,0.1243,0.9661,,0.0000,0.0000,0.0000
82.7981,Left,0.4545,1.5134,-2.7856,-0.4196,0.0262,0.9073,,0.0000,0.0000,0.0000
82.7981,Right,0.0089,1.5339,-2.8978,-0.4670,0.0299,0.8838,item 3-3,-3.3158,1.7468,3.3939
82.7981,Combined,0.0089,1.5339,-2.8978,-0.2379,0.1114,0.9649,,0.0000,0.0000,0.0000
82.8645,Left,0.4504,1.5116,-2.7765,-0.4192,0.0150,0.9078,,0.0000,0.0000,0.0000
82.8645,Right,0.0070,1.5320,-2.8973,-0.4667,0.0187,0.8842,item 3-3,-3.2680,1.6630,3.3075
82.8645,Combined,0.0070,1.5320,-2.8973,-0.2579,0.0909,0.9619,,0.0000,0.0000,0.0000
82.9225,Left,0.4448,1.5100,-2.7648,-0.4284,0.0202,0.9034,,0.0000,0.0000,0.0000
82.9225,Right,0.0046,1.5300,-2.8968,-0.4757,0.0236,0.8793,item 3-3,-3.3304,1.6957,3.2681
82.9225,Combined,0.0046,1.5300,-2.8968,-0.2838,0.0699,0.9563,,0.0000,0.0000,0.0000
82.9925,Left,0.4397,1.5087,-2.7546,-0.4353,0.0265,0.8999,,0.0000,0.0000,0.0000
82.9925,Right,0.0026,1.5288,-2.8965,-0.4824,0.0299,0.8755,item 3-3,-3.3910,1.7390,3.2628
82.9925,Combined,0.0026,1.5288,-2.8965,-0.3057,0.0577,0.9504,,0.0000,0.0000,0.0000
83.0595,Left,0.4339,1.5075,-2.7435,-0.4832,0.0268,0.8751,item 3-3,-3.2453,1.7114,3.9205
83.0595,Right,0.0004,1.5281,-2.8961,-0.5285,0.0303,0.8484,item 3-3,-3.7056,1.7408,3.0525
83.0595,Combined,0.0004,1.5281,-2.8961,-0.3293,0.0506,0.9429,,0.0000,0.0000,0.0000
83.1167,Left,0.4287,1.5061,-2.7344,-0.4978,0.0264,0.8669,item 3-3,-3.2023,1.6987,3.5881
83.1167,Right,-0.0016,1.5277,-2.8958,-0.5428,0.0300,0.8393,item 3-3,-3.8297,1.7394,3.0240
83.1167,Combined,-0.0016,1.5277,-2.8958,-0.3488,0.0458,0.9361,,0.0000,0.0000,0.0000
83.1855,Left,0.4253,1.5054,-2.7286,-0.4862,0.0323,0.8733,,0.0000,0.0000,0.0000
83.1855,Right,-0.0029,1.5272,-2.8953,-0.5316,0.0358,0.8462,item 3-3,-3.7600,1.7801,3.0850
83.1855,Combined,-0.0029,1.5272,-2.8953,-0.3606,0.0413,0.9318,,0.0000,0.0000,0.0000
83.2551,Left,0.4223,1.5044,-2.7236,-0.4831,0.0305,0.8750,,0.0000,0.0000,0.0000
83.2551,Right,-0.0042,1.5267,-2.8946,-0.5287,0.0339,0.8481,item 3-3,-3.7262,1.7654,3.0757
83.2551,Combined,-0.0042,1.5267,-2.8946,-0.3702,0.0362,0.9283,,0.0000,0.0000,0.0000
83.3117,Left,0.4207,1.5043,-2.7208,-0.4764,0.0297,0.8787,,0.0000,0.0000,0.0000
83.3117,Right,-0.0050,1.5262,-2.8938,-0.5223,0.0330,0.8521,item 3-3,-3.6704,1.7581,3.0858
83.3117,Combined,-0.0050,1.5262,-2.8938,-0.3750,0.0323,0.9265,,0.0000,0.0000,0.0000
83.3787,Left,0.4198,1.5041,-2.7195,-0.4735,0.0356,0.8801,,0.0000,0.0000,0.0000
83.3787,Right,-0.0055,1.5260,-2.8934,-0.5194,0.0389,0.8536,item 3-3,-3.6774,1.8009,3.1407
83.3787,Combined,-0.0055,1.5260,-2.8934,-0.3769,0.0304,0.9258,,0.0000,0.0000,0.0000
83.4483,Left,0.4186,1.5039,-2.7177,-0.4694,0.0320,0.8824,,0.0000,0.0000,0.0000
83.4483,Right,-0.0062,1.5256,-2.8930,-0.5155,0.0353,0.8562,item 3-3,-3.6292,1.7733,3.1240
83.4483,Combined,-0.0062,1.5256,-2.8930,-0.3802,0.0273,0.9245,,0.0000,0.0000,0.0000
83.5051,Left,0.4168,1.5038,-2.7151,-0.4720,0.0354,0.8809,,0.0000,0.0000,0.0000
83.5051,Right,-0.0070,1.5252,-2.8927,-0.5181,0.0386,0.8545,item 3-3,-3.6655,1.7979,3.1414
83.5051,Combined,-0.0070,1.5252,-2.8927,-0.3854,0.0240,0.9224,,0.0000,0.0000,0.0000
83.5759,Left,0.4155,1.5035,-2.7134,-0.4715,0.0328,0.8813,,0.0000,0.0000,0.0000
83.5759,Right,-0.0076,1.5249,-2.8927,-0.5176,0.0360,0.8549,item 3-3,-3.6485,1.7780,3.1211
83.5759,Combined,-0.0076,1.5249,-2.8927,-0.3892,0.0206,0.9209,,0.0000,0.0000,0.0000
83.6454,Left,0.4144,1.5034,-2.7121,-0.4562,0.0337,0.8892,,0.0000,0.0000,0.0000
83.6454,Right,-0.0082,1.5246,-2.8925,-0.5028,0.0367,0.8636,item 3-3,-3.5477,1.7829,3.1866
83.6454,Combined,-0.0082,1.5246,-2.8925,-0.3917,0.0189,0.9199,,0.0000,0.0000,0.0000
83.6999,Left,0.4139,1.5039,-2.7118,-0.3799,0.0239,0.9247,,0.0000,0.0000,0.0000
83.6999,Right,-0.0086,1.5245,-2.8924,-0.4288,0.0264,0.9030,,0.0000,0.0000,0.0000
83.6999,Combined,-0.0086,1.5245,-2.8924,-0.3923,0.0187,0.9196,,0.0000,0.0000,0.0000
83.7701,Left,0.4135,1.5046,-2.7114,-0.4615,-0.0043,0.8871,item 3-3,-3.1038,1.4719,4.0493
83.7701,Right,-0.0088,1.5245,-2.8925,-0.5083,-0.0012,0.8612,item 3-3,-3.4639,1.5164,2.9615
83.7701,Combined,-0.0088,1.5245,-2.8925,-0.3932,0.0184,0.9193,,0.0000,0.0000,0.0000
83.8408,Left,0.4134,1.5050,-2.7114,-0.4567,0.0410,0.8887,,0.0000,0.0000,0.0000
83.8408,Right,-0.0089,1.5244,-2.8927,-0.5033,0.0438,0.8630,item 3-3,-3.5895,1.8361,3.2472
83.8408,Combined,-0.0089,1.5244,-2.8927,-0.3937,0.0178,0.9190,,0.0000,0.0000,0.0000
83.8962,Left,0.4138,1.5058,-2.7122,-0.4495,0.0394,0.8924,,0.0000,0.0000,0.0000
83.8962,Right,-0.0086,1.5248,-2.8934,-0.4963,0.0421,0.8671,item 3-3,-3.5351,1.8239,3.2673
83.8962,Combined,-0.0086,1.5248,-2.8934,-0.3932,0.0214,0.9192,,0.0000,0.0000,0.0000
83.9663,Left,0.4145,1.5073,-2.7138,-0.4431,0.0469,0.8952,,0.0000,0.0000,0.0000
83.9663,Right,-0.0082,1.5258,-2.8942,-0.4902,0.0495,0.8702,item 3-3,-3.5494,1.8833,3.3926
83.9663,Combined,-0.0082,1.5258,-2.8942,-0.3912,0.0307,0.9198,,0.0000,0.0000,0.0000
84.0348,Left,0.4157,1.5095,-2.7166,-0.4361,0.0545,0.8983,,0.0000,0.0000,0.0000
84.0348,Right,-0.0078,1.5272,-2.8955,-0.4833,0.0569,0.8736,item 3-3,-3.6118,1.9516,3.6184
84.0348,Combined,-0.0078,1.5272,-2.8955,-0.3871,0.0449,0.9209,,0.0000,0.0000,0.0000
84.0901,Left,0.4169,1.5114,-2.7195,-0.4329,0.0560,0.8997,,0.0000,0.0000,0.0000
84.0901,Right,-0.0071,1.5284,-2.8969,-0.4803,0.0583,0.8751,,0.0000,0.0000,0.0000
84.0901,Combined,-0.0071,1.5284,-2.8969,-0.3834,0.0571,0.9218,,0.0000,0.0000,0.0000
84.1601,Left,0.4178,1.5126,-2.7214,-0.4347,0.0528,0.8990,,0.0000,0.0000,0.0000
84.1601,Right,-0.0067,1.5292,-2.8978,-0.4822,0.0552,0.8743,item 3-3,-3.5809,1.9380,3.5836
84.1601,Combined,-0.0067,1.5292,-2.8978,-0.3807,0.0650,0.9224,,0.0000,0.0000,0.0000
84.2305,Left,0.4188,1.5138,-2.7233,-0.4410,0.0448,0.8964,,0.0000,0.0000,0.0000
84.2305,Right,-0.0062,1.5301,-2.8987,-0.4883,0.0471,0.8714,item 3-3,-3.5264,1.8700,3.3826
84.2305,Combined,-0.0062,1.5301,-2.8987,-0.3779,0.0740,0.9229,,0.0000,0.0000,0.0000
84.2850,Left,0.4195,1.5142,-2.7247,-0.4411,0.0490,0.8961,,0.0000,0.0000,0.0000
84.2850,Right,-0.0057,1.5306,-2.8994,-0.4885,0.0514,0.8710,item 3-3,-3.5640,1.9051,3.4454
84.2850,Combined,-0.0057,1.5306,-2.8994,-0.3762,0.0797,0.9231,,0.0000,0.0000,0.0000
84.3544,Left,0.4199,1.5140,-2.7251,-0.4445,0.0443,0.8947,,0.0000,0.0000,0.0000
84.3544,Right,-0.0054,1.5307,-2.8997,-0.4918,0.0467,0.8695,item 3-3,-3.5429,1.8667,3.3546
84.3544,Combined,-0.0054,1.5307,-2.8997,-0.3758,0.0810,0.9231,,0.0000,0.0000,0.0000
84.4237,Left,0.4204,1.5144,-2.7260,-0.4469,0.0423,0.8936,,0.0000,0.0000,0.0000
84.4237,Right,-0.0050,1.5309,-2.9002,-0.4942,0.0447,0.8682,item 3-3,-3.5435,1.8512,3.3168
84.4237,Combined,-0.0050,1.5309,-2.9002,-0.3749,0.0825,0.9234,,0.0000,0.0000,0.0000
84.4679,Left,0.4212,1.5151,-2.7271,-0.4455,0.0412,0.8943,,0.0000,0.0000,0.0000
84.4679,Right,-0.0045,1.5311,-2.9005,-0.4928,0.0436,0.8690,item 3-3,-3.5286,1.8431,3.3133
84.4679,Combined,-0.0045,1.5311,-2.9005,-0.3732,0.0846,0.9239,,0.0000,0.0000,0.0000
84.5454,Left,0.4219,1.5154,-2.7277,-0.4458,0.0366,0.8944,,0.0000,0.0000,0.0000
84.5454,Right,-0.0041,1.5312,-2.9006,-0.4932,0.0390,0.8691,item 3-3,-3.5034,1.8079,3.2659
84.5454,Combined,-0.0041,1.5312,-2.9006,-0.3719,0.0857,0.9243,,0.0000,0.0000,0.0000
84.6160,Left,0.4230,1.5157,-2.7289,-0.4428,0.0352,0.8959,,0.0000,0.0000,0.0000
84.6160,Right,-0.0034,1.5313,-2.9007,-0.4902,0.0376,0.8708,item 3-3,-3.4782,1.7979,3.2719
84.6160,Combined,-0.0034,1.5313,-2.9007,-0.3694,0.0879,0.9251,,0.0000,0.0000,0.0000
84.6758,Left,0.4250,1.5161,-2.7309,-0.4380,0.0396,0.8981,,0.0000,0.0000,0.0000
84.6758,Right,-0.0022,1.5317,-2.9006,-0.4856,0.0420,0.8732,item 3-3,-3.4763,1.8321,3.3466
84.6758,Combined,-0.0022,1.5317,-2.9006,-0.3645,0.0926,0.9266,,0.0000,0.0000,0.0000
84.7420,Left,0.4267,1.5161,-2.7329,-0.4240,0.0514,0.9042,,0.0000,0.0000,0.0000
84.7420,Right,-0.0014,1.5319,-2.9004,-0.4719,0.0537,0.8800,item 3-3,-3.5673,1.9377,3.7491
84.7420,Combined,-0.0014,1.5319,-2.9004,-0.3595,0.0963,0.9282,,0.0000,0.0000,0.0000
84.8165,Left,0.4284,1.5157,-2.7355,-0.4227,0.0552,0.9046,,0.0000,0.0000,0.0000
84.8165,Right,-0.0006,1.5322,-2.9006,-0.4707,0.0575,0.8804,,0.0000,0.0000,0.0000
84.8165,Combined,-0.0006,1.5322,-2.9006,-0.3540,0.1002,0.9299,,0.0000,0.0000,0.0000
84.8674,Left,0.4291,1.5154,-2.7370,-0.4209,0.0581,0.9053,,0.0000,0.0000,0.0000
84.8674,Right,-0.0003,1.5325,-2.9011,-0.4688,0.0605,0.8812,,0.0000,0.0000,0.0000
84.8674,Combined,-0.0003,1.5325,-2.9011,-0.3516,0.1024,0.9305,,0.0000,0.0000,0.0000
84.9406,Left,0.4286,1.5157,-2.7370,-0.4277,0.0545,0.9023,,0.0000,0.0000,0.0000
84.9406,Right,-0.0006,1.5325,-2.9017,-0.4755,0.0570,0.8779,,0.0000,0.0000,0.0000
84.9406,Combined,-0.0006,1.5325,-2.9017,-0.3529,0.1025,0.9300,,0.0000,0.0000,0.0000
85.0088,Left,0.4281,1.5166,-2.7370,-0.4293,0.0566,0.9014,,0.0000,0.0000,0.0000
85.0088,Right,-0.0009,1.5327,-2.9024,-0.4770,0.0590,0.8769,,0.0000,0.0000,0.0000
85.0088,Combined,-0.0009,1.5327,-2.9024,-0.3544,0.1031,0.9294,,0.0000,0.0000,0.0000
85.0631,Left,0.4283,1.5168,-2.7375,-0.4295,0.0521,0.9016,,0.0000,0.0000,0.0000
85.0631,Right,-0.0008,1.5328,-2.9027,-0.4773,0.0544,0.8771,item 3-3,-3.5697,1.9396,3.6556
85.0631,Combined,-0.0008,1.5328,-2.9027,-0.3539,0.1039,0.9295,,0.0000,0.0000,0.0000
85.1331,Left,0.4286,1.5166,-2.7377,-0.4260,0.0522,0.9032,,0.0000,0.0000,0.0000
85.1331,Right,-0.0006,1.5327,-2.9026,-0.4739,0.0546,0.8789,item 3-3,-3.6013,1.9476,3.7752
85.1331,Combined,-0.0006,1.5327,-2.9026,-0.3533,0.1037,0.9297,,0.0000,0.0000,0.0000
85.2027,Left,0.4289,1.5162,-2.7376,-0.4284,0.0555,0.9019,,0.0000,0.0000,0.0000
85.2027,Right,-0.0003,1.5328,-2.9023,-0.4762,0.0579,0.8774,,0.0000,0.0000,0.0000
85.2027,Combined,-0.0003,1.5328,-2.9023,-0.3527,0.1046,0.9299,,0.0000,0.0000,0.0000
85.2619,Left,0.4292,1.5160,-2.7377,-0.4288,0.0560,0.9017,,0.0000,0.0000,0.0000
85.2619,Right,-0.0001,1.5331,-2.9021,-0.4766,0.0584,0.8772,,0.0000,0.0000,0.0000
85.2619,Combined,-0.0001,1.5331,-2.9021,-0.3515,0.1091,0.9298,,0.0000,0.0000,0.0000
85.3286,Left,0.4298,1.5162,-2.7385,-0.4282,0.0632,0.9015,,0.0000,0.0000,0.0000
85.3286,Right,0.0001,1.5337,-2.9019,-0.4760,0.0657,0.8770,,0.0000,0.0000,0.0000
85.3286,Combined,0.0001,1.5337,-2.9019,-0.3490,0.1159,0.9299,,0.0000,0.0000,0.0000
85.3850,Left,0.4307,1.5167,-2.7404,-0.4249,0.0697,0.9025,,0.0000,0.0000,0.0000
85.3850,Right,0.0004,1.5346,-2.9022,-0.4728,0.0722,0.8782,,0.0000,0.0000,0.0000
85.3850,Combined,0.0004,1.5346,-2.9022,-0.3447,0.1257,0.9303,,0.0000,0.0000,0.0000
85.4396,Left,0.4317,1.5182,-2.7427,-0.4214,0.0811,0.9032,,0.0000,0.0000,0.0000
85.4396,Right,0.0007,1.5360,-2.9027,-0.4694,0.0836,0.8790,,0.0000,0.0000,0.0000
85.4396,Combined,0.0007,1.5360,-2.9027,-0.3396,0.1392,0.9302,,0.0000,0.0000,0.0000
85.5092,Left,0.4340,1.5210,-2.7476,-0.4158,0.0968,0.9043,,0.0000,0.0000,0.0000
85.5092,Right,0.0015,1.5392,-2.9031,-0.4640,0.0992,0.8802,,0.0000,0.0000,0.0000
85.5092,Combined,0.0015,1.5392,-2.9031,-0.3265,0.1760,0.9287,,0.0000,0.0000,0.0000
85.5786,Left,0.4413,1.5249,-2.7621,-0.3962,0.1247,0.9097,,0.0000,0.0000,0.0000
85.5786,Right,0.0043,1.5445,-2.9045,-0.4450,0.1271,0.8865,,0.0000,0.0000,0.0000
85.5786,Combined,0.0043,1.5445,-2.9045,-0.2918,0.2331,0.9276,,0.0000,0.0000,0.0000
85.6359,Left,0.4501,1.5261,-2.7812,-0.2101,0.1486,0.9663,,0.0000,0.0000,0.0000
85.6359,Right,0.0082,1.5478,-2.9070,-0.2628,0.1512,0.9529,,0.0000,0.0000,0.0000
85.6359,Combined,0.0082,1.5478,-2.9070,-0.2514,0.2674,0.9302,,0.0000,0.0000,0.0000
85.7076,Left,0.4556,1.5268,-2.7940,-0.0435,0.0904,0.9950,,0.0000,0.0000,0.0000
85.7076,Right,0.0107,1.5490,-2.9087,-0.0975,0.0927,0.9909,,0.0000,0.0000,0.0000
85.7076,Combined,0.0107,1.5490,-2.9087,-0.2268,0.2795,0.9330,,0.0000,0.0000,0.0000
85.7730,Left,0.4595,1.5273,-2.8034,0.0208,0.0505,0.9985,,0.0000,0.0000,0.0000
85.7730,Right,0.0126,1.5491,-2.9102,-0.0331,0.0521,0.9981,,0.0000,0.0000,0.0000
85.7730,Combined,0.0126,1.5491,-2.9102,-0.2102,0.2798,0.9368,,0.0000,0.0000,0.0000
85.8203,Left,0.4611,1.5261,-2.8073,0.0119,0.0427,0.9990,,0.0000,0.0000,0.0000
85.8203,Right,0.0133,1.5482,-2.9102,-0.0423,0.0444,0.9981,,0.0000,0.0000,0.0000
85.8203,Combined,0.0133,1.5482,-2.9102,-0.2031,0.2696,0.9413,,0.0000,0.0000,0.0000
85.8862,Left,0.4617,1.5248,-2.8081,0.0092,0.0438,0.9990,,0.0000,0.0000,0.0000
85.8862,Right,0.0136,1.5471,-2.9095,-0.0449,0.0455,0.9980,,0.0000,0.0000,0.0000
85.8862,Combined,0.0136,1.5471,-2.9095,-0.2010,0.2576,0.9451,,0.0000,0.0000,0.0000
85.9553,Left,0.4629,1.5227,-2.8092,0.0144,0.0283,0.9995,,0.0000,0.0000,0.0000
85.9553,Right,0.0141,1.5451,-2.9077,-0.0396,0.0299,0.9988,,0.0000,0.0000,0.0000
85.9553,Combined,0.0141,1.5451,-2.9077,-0.1972,0.2362,0.9515,,0.0000,0.0000,0.0000
86.0150,Left,0.4640,1.5209,-2.8102,0.0567,0.0091,0.9984,,0.0000,0.0000,0.0000
86.0150,Right,0.0146,1.5436,-2.9057,0.0031,0.0102,0.9999,,0.0000,0.0000,0.0000
86.0150,Combined,0.0146,1.5436,-2.9057,-0.1920,0.2204,0.9563,,0.0000,0.0000,0.0000
86.1231,Left,0.4652,1.5191,-2.8117,0.0611,0.0361,0.9975,,0.0000,0.0000,0.0000
86.1231,Right,0.0152,1.5427,-2.9039,0.0078,0.0376,0.9993,,0.0000,0.0000,0.0000
86.1231,Combined,0.0152,1.5427,-2.9039,-0.1855,0.2118,0.9596,,0.0000,0.0000,0.0000
86.2067,Left,0.4659,1.5195,-2.8134,0.0522,0.0432,0.9977,,0.0000,0.0000,0.0000
86.2067,Right,0.0154,1.5429,-2.9035,-0.0013,0.0449,0.9990,,0.0000,0.0000,0.0000
86.2067,Combined,0.0154,1.5429,-2.9035,-0.1810,0.2137,0.9600,,0.0000,0.0000,0.0000
86.2753,Left,0.4665,1.5216,-2.8163,0.0507,0.0474,0.9976,,0.0000,0.0000,0.0000
86.2753,Right,0.0155,1.5437,-2.9040,-0.0029,0.0491,0.9988,,0.0000,0.0000,0.0000
86.2753,Combined,0.0155,1.5437,-2.9040,-0.1756,0.2216,0.9592,,0.0000,0.0000,0.0000
86.3461,Left,0.4671,1.5244,-2.8203,0.0534,0.0553,0.9970,,0.0000,0.0000,0.0000
86.3461,Right,0.0154,1.5450,-2.9050,-0.0003,0.0569,0.9984,,0.0000,0.0000,0.0000
86.3461,Combined,0.0154,1.5450,-2.9050,-0.1688,0.2334,0.9576,,0.0000,0.0000,0.0000
86.4024,Left,0.4674,1.5278,-2.8258,0.0629,0.0691,0.9956,,0.0000,0.0000,0.0000
86.4024,Right,0.0148,1.5469,-2.9061,0.0092,0.0707,0.9975,,0.0000,0.0000,0.0000
86.4024,Combined,0.0148,1.5469,-2.9061,-0.1589,0.2507,0.9549,,0.0000,0.0000,0.0000
86.4704,Left,0.4675,1.5311,-2.8321,0.0646,0.0793,0.9948,,0.0000,0.0000,0.0000
86.4704,Right,0.0140,1.5488,-2.9071,0.0108,0.0809,0.9967,,0.0000,0.0000,0.0000
86.4704,Combined,0.0140,1.5488,-2.9071,-0.1470,0.2674,0.9523,,0.0000,0.0000,0.0000
86.5388,Left,0.4671,1.5359,-2.8428,0.0730,0.0852,0.9937,,0.0000,0.0000,0.0000
86.5388,Right,0.0121,1.5513,-2.9085,0.0190,0.0866,0.9961,,0.0000,0.0000,0.0000
86.5388,Combined,0.0121,1.5513,-2.9085,-0.1275,0.2853,0.9499,,0.0000,0.0000,0.0000
86.5964,Left,0.4651,1.5408,-2.8564,-0.0345,0.1076,0.9936,,0.0000,0.0000,0.0000
86.5964,Right,0.0085,1.5534,-2.9104,-0.0893,0.1092,0.9900,,0.0000,0.0000,0.0000
86.5964,Combined,0.0085,1.5534,-2.9104,-0.1041,0.2949,0.9499,,0.0000,0.0000,0.0000
86.6666,Left,0.4631,1.5471,-2.8704,0.0203,0.0605,0.9980,,0.0000,0.0000,0.0000
86.6666,Right,0.0050,1.5543,-2.9119,-0.0349,0.0613,0.9975,,0.0000,0.0000,0.0000
86.6666,Combined,0.0050,1.5543,-2.9119,-0.0813,0.2999,0.9505,,0.0000,0.0000,0.0000
86.7349,Left,0.4591,1.5561,-2.8875,0.0435,0.0722,0.9964,,0.0000,0.0000,0.0000
86.7349,Right,-0.0001,1.5556,-2.9131,-0.0118,0.0721,0.9973,,0.0000,0.0000,0.0000
86.7349,Combined,-0.0001,1.5556,-2.9131,-0.0532,0.3079,0.9499,,0.0000,0.0000,0.0000
86.7975,Left,0.4533,1.5634,-2.8990,0.0688,0.0762,0.9947,,0.0000,0.0000,0.0000
86.7975,Right,-0.0064,1.5551,-2.9135,0.0137,0.0752,0.9971,,0.0000,0.0000,0.0000
86.7975,Combined,-0.0064,1.5551,-2.9135,-0.0356,0.2968,0.9543,,0.0000,0.0000,0.0000
86.8611,Left,0.4475,1.5704,-2.9027,0.0729,0.0523,0.9960,,0.0000,0.0000,0.0000
86.8611,Right,-0.0121,1.5544,-2.9129,0.0177,0.0504,0.9986,,0.0000,0.0000,0.0000
86.8611,Combined,-0.0121,1.5544,-2.9129,-0.0311,0.2827,0.9587,,0.0000,0.0000,0.0000
86.9384,Left,0.4401,1.5775,-2.9028,0.0408,0.0585,0.9975,,0.0000,0.0000,0.0000
86.9384,Right,-0.0191,1.5524,-2.9115,-0.0142,0.0555,0.9984,,0.0000,0.0000,0.0000
86.9384,Combined,-0.0191,1.5524,-2.9115,-0.0323,0.2563,0.9661,,0.0000,0.0000,0.0000
86.9905,Left,0.4345,1.5798,-2.9012,0.0414,0.0298,0.9987,,0.0000,0.0000,0.0000
86.9905,Right,-0.0245,1.5503,-2.9093,-0.0137,0.0261,0.9996,,0.0000,0.0000,0.0000
86.9905,Combined,-0.0245,1.5503,-2.9093,-0.0319,0.2297,0.9727,,0.0000,0.0000,0.0000
87.0585,Left,0.4297,1.5815,-2.8979,0.0551,-0.2023,0.9778,,0.0000,0.0000,0.0000
87.0585,Right,-0.0289,1.5478,-2.9063,-0.0016,-0.2069,0.9784,,0.0000,0.0000,0.0000
87.0585,Combined,-0.0289,1.5478,-2.9063,-0.0327,0.2010,0.9790,,0.0000,0.0000,0.0000
87.1249,Left,0.4268,1.5836,-2.8952,0.0626,-0.4173,0.9066,,0.0000,0.0000,0.0000
87.1249,Right,-0.0315,1.5453,-2.9041,0.0039,-0.4228,0.9062,,0.0000,0.0000,0.0000
87.1249,Combined,-0.0315,1.5453,-2.9041,-0.0333,0.1711,0.9847,,0.0000,0.0000,0.0000
87.1805,Left,0.4243,1.5860,-2.8923,0.0569,-0.5430,0.8378,,0.0000,0.0000,0.0000
87.1805,Right,-0.0336,1.5430,-2.9013,-0.0031,-0.5487,0.8360,,0.0000,0.0000,0.0000
87.1805,Combined,-0.0336,1.5430,-2.9013,-0.0330,0.1435,0.9891,,0.0000,0.0000,0.0000
87.2495,Left,0.4236,1.5871,-2.8906,0.0611,-0.5568,0.8284,,0.0000,0.0000,0.0000
87.2495,Right,-0.0341,1.5419,-2.8994,0.0011,-0.5628,0.8266,,0.0000,0.0000,0.0000
87.2495,Combined,-0.0341,1.5419,-2.8994,-0.0315,0.1278,0.9913,,0.0000,0.0000,0.0000
87.3187,Left,0.4240,1.5847,-2.8899,0.0512,-0.5579,0.8283,,0.0000,0.0000,0.0000
87.3187,Right,-0.0339,1.5407,-2.8976,-0.0087,-0.5634,0.8261,,0.0000,0.0000,0.0000
87.3187,Combined,-0.0339,1.5407,-2.8976,-0.0278,0.1151,0.9930,,0.0000,0.0000,0.0000
87.3829,Left,0.4246,1.5827,-2.8882,0.0336,-0.5595,0.8281,,0.0000,0.0000,0.0000
87.3829,Right,-0.0334,1.5403,-2.8961,-0.0262,-0.5642,0.8252,,0.0000,0.0000,0.0000
87.3829,Combined,-0.0334,1.5403,-2.8961,-0.0273,0.1116,0.9934,,0.0000,0.0000,0.0000
87.4566,Left,0.4252,1.5809,-2.8857,0.0391,-0.5562,0.8301,,0.0000,0.0000,0.0000
87.4566,Right,-0.0329,1.5402,-2.8946,-0.0207,-0.5611,0.8275,,0.0000,0.0000,0.0000
87.4566,Combined,-0.0329,1.5402,-2.8946,-0.0292,0.1106,0.9934,,0.0000,0.0000,0.0000
87.5398,Left,0.4263,1.5770,-2.8827,0.0439,-0.5476,0.8356,,0.0000,0.0000,0.0000
87.5398,Right,-0.0320,1.5397,-2.8928,-0.0157,-0.5524,0.8334,,0.0000,0.0000,0.0000
87.5398,Combined,-0.0320,1.5397,-2.8928,-0.0307,0.1075,0.9937,,0.0000,0.0000,0.0000
87.6112,Left,0.4277,1.5732,-2.8816,0.0504,-0.5561,0.8296,,0.0000,0.0000,0.0000
87.6112,Right,-0.0309,1.5395,-2.8916,-0.0094,-0.5608,0.8279,,0.0000,0.0000,0.0000
87.6112,Combined,-0.0309,1.5395,-2.8916,-0.0292,0.1046,0.9941,,0.0000,0.0000,0.0000
87.6811,Left,0.4289,1.5703,-2.8822,0.0499,-0.5560,0.8297,,0.0000,0.0000,0.0000
87.6811,Right,-0.0300,1.5396,-2.8909,-0.0100,-0.5603,0.8282,,0.0000,0.0000,0.0000
87.6811,Combined,-0.0300,1.5396,-2.8909,-0.0259,0.1057,0.9941,,0.0000,0.0000,0.0000
87.7385,Left,0.4300,1.5685,-2.8835,0.0501,-0.5535,0.8313,,0.0000,0.0000,0.0000
87.7385,Right,-0.0290,1.5397,-2.8903,-0.0098,-0.5576,0.8300,,0.0000,0.0000,0.0000
87.7385,Combined,-0.0290,1.5397,-2.8903,-0.0217,0.1091,0.9938,,0.0000,0.0000,0.0000
87.8061,Left,0.4305,1.5705,-2.8796,0.0380,-0.5470,0.8363,,0.0000,0.0000,0.0000
87.8061,Right,-0.0284,1.5401,-2.8894,-0.0218,-0.5508,0.8344,,0.0000,0.0000,0.0000
87.8061,Combined,-0.0284,1.5401,-2.8894,-0.0288,0.1128,0.9932,,0.0000,0.0000,0.0000
87.8749,Left,0.4272,1.5644,-2.8554,-0.2618,-0.5081,0.8205,,0.0000,0.0000,0.0000
87.8749,Right,-0.0310,1.5402,-2.8881,-0.3162,-0.5026,0.8046,,0.0000,0.0000,0.0000
87.8749,Combined,-0.0310,1.5402,-2.8881,-0.0766,0.1127,0.9907,,0.0000,0.0000,0.0000
87.9314,Left,0.4169,1.5521,-2.8124,-0.4757,-0.4887,0.7313,,0.0000,0.0000,0.0000
87.9314,Right,-0.0368,1.5390,-2.8872,-0.5222,-0.4777,0.7065,,0.0000,0.0000,0.0000
87.9314,Combined,-0.0368,1.5390,-2.8872,-0.1647,0.1036,0.9809,,0.0000,0.0000,0.0000
88.0016,Left,0.4055,1.5405,-2.7789,-0.5061,-0.4913,0.7088,,0.0000,0.0000,0.0000
88.0016,Right,-0.0416,1.5381,-2.8869,-0.5523,-0.4801,0.6816,,0.0000,0.0000,0.0000
88.0016,Combined,-0.0416,1.5381,-2.8869,-0.2343,0.0958,0.9674,,0.0000,0.0000,0.0000
88.0698,Left,0.3957,1.5317,-2.7538,-0.4277,-0.4729,0.7703,,0.0000,0.0000,0.0000
88.0698,Right,-0.0447,1.5379,-2.8864,-0.4783,-0.4655,0.7446,,0.0000,0.0000,0.0000
88.0698,Combined,-0.0447,1.5379,-2.8864,-0.2856,0.0958,0.9535,,0.0000,0.0000,0.0000
88.1144,Left,0.3977,1.5244,-2.7544,-0.3808,-0.4826,0.7887,,0.0000,0.0000,0.0000
88.1144,Right,-0.0431,1.5385,-2.8851,-0.4335,-0.4766,0.7648,,0.0000,0.0000,0.0000
88.1144,Combined,-0.0431,1.5385,-2.8851,-0.2798,0.1022,0.9546,,0.0000,0.0000,0.0000
88.1804,Left,0.4085,1.5201,-2.7769,-0.3334,-0.4834,0.8094,,0.0000,0.0000,0.0000
88.1804,Right,-0.0386,1.5385,-2.8837,-0.3876,-0.4772,0.7887,,0.0000,0.0000,0.0000
88.1804,Combined,-0.0386,1.5385,-2.8837,-0.2274,0.1002,0.9686,,0.0000,0.0000,0.0000
88.2502,Left,0.4319,1.5185,-2.8378,-0.1382,-0.1811,0.9737,,0.0000,0.0000,0.0000
88.2502,Right,-0.0257,1.5363,-2.8816,-0.1930,-0.1779,0.9649,,0.0000,0.0000,0.0000
88.2502,Combined,-0.0257,1.5363,-2.8816,-0.0919,0.0757,0.9929,,0.0000,0.0000,0.0000
88.3071,Left,0.4470,1.5199,-2.9032,0.1684,-0.0573,0.9841,,0.0000,0.0000,0.0000
88.3071,Right,-0.0123,1.5321,-2.8809,0.1151,-0.0568,0.9917,,0.0000,0.0000,0.0000
88.3071,Combined,-0.0123,1.5321,-2.8809,0.0495,0.0318,0.9983,,0.0000,0.0000,0.0000
88.3782,Left,0.4516,1.5222,-2.9304,0.2035,-0.0664,0.9768,,0.0000,0.0000,0.0000
88.3782,Right,-0.0057,1.5293,-2.8810,0.1505,-0.0664,0.9864,,0.0000,0.0000,0.0000
88.3782,Combined,-0.0057,1.5293,-2.8810,0.1075,0.0006,0.9942,,0.0000,0.0000,0.0000
88.4476,Left,0.4534,1.5157,-2.9380,0.0389,-0.0415,0.9984,,0.0000,0.0000,0.0000
88.4476,Right,-0.0029,1.5277,-2.8804,-0.0146,-0.0392,0.9991,,0.0000,0.0000,0.0000
88.4476,Combined,-0.0029,1.5277,-2.8804,0.1247,-0.0144,0.9921,,0.0000,0.0000,0.0000
88.5021,Left,0.4540,1.5019,-2.9309,0.0068,0.0935,0.9956,,0.0000,0.0000,0.0000
88.5021,Right,-0.0024,1.5277,-2.8800,-0.0455,0.0965,0.9943,,0.0000,0.0000,0.0000
88.5021,Combined,-0.0024,1.5277,-2.8800,0.1103,-0.0110,0.9938,,0.0000,0.0000,0.0000
88.5723,Left,0.4543,1.4940,-2.9264,0.0341,0.1197,0.9922,,0.0000,0.0000,0.0000
88.5723,Right,-0.0020,1.5287,-2.8800,-0.0183,0.1236,0.9922,,0.0000,0.0000,0.0000
88.5723,Combined,-0.0020,1.5287,-2.8800,0.1013,0.0033,0.9948,,0.0000,0.0000,0.0000
88.6433,Left,0.4546,1.4919,-2.9247,0.0483,0.1439,0.9884,,0.0000,0.0000,0.0000
88.6433,Right,-0.0016,1.5318,-2.8809,-0.0042,0.1483,0.9889,,0.0000,0.0000,0.0000
88.6433,Combined,-0.0016,1.5318,-2.8809,0.0988,0.0385,0.9944,,0.0000,0.0000,0.0000
88.6971,Left,0.4545,1.4933,-2.9260,0.0527,0.1434,0.9883,,0.0000,0.0000,0.0000
88.6971,Right,-0.0017,1.5342,-2.8830,0.0000,0.1481,0.9890,,0.0000,0.0000,0.0000
88.6971,Combined,-0.0017,1.5342,-2.8830,0.0993,0.0644,0.9930,,0.0000,0.0000,0.0000
88.7662,Left,0.4544,1.4952,-2.9281,0.0571,0.1182,0.9913,,0.0000,0.0000,0.0000
88.7662,Right,-0.0019,1.5347,-2.8849,0.0042,0.1228,0.9924,,0.0000,0.0000,0.0000
88.7662,Combined,-0.0019,1.5347,-2.8849,0.1000,0.0681,0.9927,,0.0000,0.0000,0.0000
88.8352,Left,0.4542,1.4977,-2.9314,0.0607,0.1063,0.9925,,0.0000,0.0000,0.0000
88.8352,Right,-0.0021,1.5351,-2.8869,0.0076,0.1109,0.9938,,0.0000,0.0000,0.0000
88.8352,Combined,-0.0021,1.5351,-2.8869,0.1027,0.0722,0.9921,,0.0000,0.0000,0.0000
88.8924,Left,0.4541,1.4990,-2.9343,0.0885,0.0778,0.9930,,0.0000,0.0000,0.0000
88.8924,Right,-0.0022,1.5352,-2.8882,0.0352,0.0821,0.9960,,0.0000,0.0000,0.0000
88.8924,Combined,-0.0022,1.5352,-2.8882,0.1061,0.0733,0.9917,,0.0000,0.0000,0.0000
88.9617,Left,0.4542,1.4998,-2.9374,0.0947,0.0757,0.9926,,0.0000,0.0000,0.0000
88.9617,Right,-0.0018,1.5353,-2.8884,0.0414,0.0800,0.9959,,0.0000,0.0000,0.0000
88.9617,Combined,-0.0018,1.5353,-2.8884,0.1124,0.0749,0.9908,,0.0000,0.0000,0.0000
89.0323,Left,0.4545,1.5008,-2.9409,0.0985,0.0774,0.9921,,0.0000,0.0000,0.0000
89.0323,Right,-0.0011,1.5353,-2.8875,0.0452,0.0817,0.9956,,0.0000,0.0000,0.0000
89.0323,Combined,-0.0011,1.5353,-2.8875,0.1219,0.0782,0.9895,,0.0000,0.0000,0.0000
89.0887,Left,0.4546,1.5021,-2.9431,0.0711,0.0882,0.9936,,0.0000,0.0000,0.0000
89.0887,Right,-0.0007,1.5348,-2.8861,0.0179,0.0923,0.9956,,0.0000,0.0000,0.0000
89.0887,Combined,-0.0007,1.5348,-2.8861,0.1292,0.0762,0.9887,,0.0000,0.0000,0.0000
89.1576,Left,0.4546,1.5037,-2.9435,0.0696,0.0791,0.9944,,0.0000,0.0000,0.0000
89.1576,Right,-0.0008,1.5333,-2.8854,0.0164,0.0829,0.9964,,0.0000,0.0000,0.0000
89.1576,Combined,-0.0008,1.5333,-2.8854,0.1301,0.0610,0.9896,,0.0000,0.0000,0.0000
89.2258,Left,0.4541,1.5056,-2.9381,0.0603,0.0703,0.9957,,0.0000,0.0000,0.0000
89.2258,Right,-0.0021,1.5311,-2.8847,0.0073,0.0736,0.9973,,0.0000,0.0000,0.0000
89.2258,Combined,-0.0021,1.5311,-2.8847,0.1184,0.0365,0.9923,,0.0000,0.0000,0.0000
89.2818,Left,0.4525,1.5016,-2.9239,0.0350,0.0556,0.9978,,0.0000,0.0000,0.0000
89.2818,Right,-0.0049,1.5278,-2.8831,-0.0179,0.0590,0.9981,,0.0000,0.0000,0.0000
89.2818,Combined,-0.0049,1.5278,-2.8831,0.0889,0.0010,0.9960,,0.0000,0.0000,0.0000
89.3515,Left,0.4504,1.4914,-2.9044,0.0104,0.0313,0.9995,,0.0000,0.0000,0.0000
89.3515,Right,-0.0080,1.5229,-2.8812,-0.0423,0.0352,0.9985,,0.0000,0.0000,0.0000
89.3515,Combined,-0.0080,1.5229,-2.8812,0.0470,-0.0524,0.9975,,0.0000,0.0000,0.0000
89.4208,Left,0.4475,1.4747,-2.8886,0.0072,0.0131,0.9999,,0.0000,0.0000,0.0000
89.4208,Right,-0.0104,1.5167,-2.8765,-0.0452,0.0179,0.9988,,0.0000,0.0000,0.0000
89.4208,Combined,-0.0104,1.5167,-2.8765,0.0157,-0.1135,0.9934,,0.0000,0.0000,0.0000
89.4773,Left,0.4518,1.4798,-2.9029,0.0833,0.0386,0.9958,,0.0000,0.0000,0.0000
89.4773,Right,-0.0058,1.5131,-2.8701,0.0313,0.0427,0.9986,,0.0000,0.0000,0.0000
89.4773,Combined,-0.0058,1.5131,-2.8701,0.0602,-0.1463,0.9874,,0.0000,0.0000,0.0000
89.5360,Left,0.4537,1.4869,-2.8973,0.0950,0.0853,0.9918,,0.0000,0.0000,0.0000
89.5360,Right,-0.0043,1.5129,-2.8639,0.0433,0.0883,0.9952,,0.0000,0.0000,0.0000
89.5360,Combined,-0.0043,1.5129,-2.8639,0.0639,-0.1456,0.9873,,0.0000,0.0000,0.0000
89.6020,Left,0.4543,1.4820,-2.8854,0.0555,0.1046,0.9930,,0.0000,0.0000,0.0000
89.6020,Right,-0.0037,1.5135,-2.8568,0.0039,0.1080,0.9941,,0.0000,0.0000,0.0000
89.6020,Combined,-0.0037,1.5135,-2.8568,0.0526,-0.1358,0.9893,,0.0000,0.0000,0.0000
89.6581,Left,0.4563,1.4811,-2.8781,0.0584,0.1108,0.9921,,0.0000,0.0000,0.0000
89.6581,Right,-0.0015,1.5132,-2.8473,0.0069,0.1146,0.9934,,0.0000,0.0000,0.0000
89.6581,Combined,-0.0015,1.5132,-2.8473,0.0571,-0.1362,0.9890,,0.0000,0.0000,0.0000
89.7270,Left,0.4577,1.4838,-2.8695,0.0583,0.0738,0.9956,,0.0000,0.0000,0.0000
89.7270,Right,-0.0006,1.5099,-2.8397,0.0067,0.0771,0.9970,,0.0000,0.0000,0.0000
89.7270,Combined,-0.0006,1.5099,-2.8397,0.0541,-0.1727,0.9835,,0.0000,0.0000,0.0000
89.7964,Left,0.4603,1.4850,-2.8655,0.0660,0.0643,0.9957,,0.0000,0.0000,0.0000
89.7964,Right,0.0024,1.5087,-2.8291,0.0143,0.0671,0.9976,,0.0000,0.0000,0.0000
89.7964,Combined,0.0024,1.5087,-2.8291,0.0686,-0.1791,0.9814,,0.0000,0.0000,0.0000
89.8532,Left,0.4626,1.4891,-2.8579,0.0741,0.1260,0.9893,,0.0000,0.0000,0.0000
89.8532,Right,0.0048,1.5120,-2.8193,0.0228,0.1287,0.9914,,0.0000,0.0000,0.0000
89.8532,Combined,0.0048,1.5120,-2.8193,0.0756,-0.1503,0.9857,,0.0000,0.0000,0.0000
89.9497,Left,0.4643,1.4938,-2.8510,0.0586,0.1229,0.9907,,0.0000,0.0000,0.0000
89.9497,Right,0.0067,1.5187,-2.8112,0.0069,0.1257,0.9920,,0.0000,0.0000,0.0000
89.9497,Combined,0.0067,1.5187,-2.8112,0.0799,-0.1118,0.9905,,0.0000,0.0000,0.0000
90.0362,Left,0.4657,1.4996,-2.8459,0.0650,0.1297,0.9894,,0.0000,0.0000,0.0000
90.0362,Right,0.0081,1.5249,-2.8064,0.0130,0.1326,0.9911,,0.0000,0.0000,0.0000
90.0362,Combined,0.0081,1.5249,-2.8064,0.0820,-0.0717,0.9941,,0.0000,0.0000,0.0000
90.1318,Left,0.4655,1.4979,-2.8430,0.0653,0.1311,0.9892,,0.0000,0.0000,0.0000
90.1318,Right,0.0082,1.5299,-2.8044,0.0131,0.1346,0.9908,,0.0000,0.0000,0.0000
90.1318,Combined,0.0082,1.5299,-2.8044,0.0819,-0.0341,0.9961,,0.0000,0.0000,0.0000
90.2003,Left,0.4646,1.4944,-2.8437,0.2652,-0.1854,0.9462,,0.0000,0.0000,0.0000
90.2003,Right,0.0077,1.5341,-2.8077,0.2129,-0.1838,0.9596,,0.0000,0.0000,0.0000
90.2003,Combined,0.0077,1.5341,-2.8077,0.0774,-0.0126,0.9969,,0.0000,0.0000,0.0000
90.2696,Left,0.4636,1.4939,-2.8497,0.1244,-0.0188,0.9921,,0.0000,0.0000,0.0000
90.2696,Right,0.0072,1.5386,-2.8133,0.0710,-0.0138,0.9974,,0.0000,0.0000,0.0000
90.2696,Combined,0.0072,1.5386,-2.8133,0.0806,0.0120,0.9967,,0.0000,0.0000,0.0000
90.3418,Left,0.4627,1.4981,-2.8606,0.0896,0.0193,0.9958,,0.0000,0.0000,0.0000
90.3418,Right,0.0065,1.5424,-2.8216,0.0362,0.0247,0.9990,,0.0000,0.0000,0.0000
90.3418,Combined,0.0065,1.5424,-2.8216,0.0891,0.0409,0.9952,,0.0000,0.0000,0.0000
90.3942,Left,0.4609,1.5042,-2.8710,0.0941,0.0533,0.9941,,0.0000,0.0000,0.0000
90.3942,Right,0.0045,1.5462,-2.8320,0.0406,0.0584,0.9975,,0.0000,0.0000,0.0000
90.3942,Combined,0.0045,1.5462,-2.8320,0.0922,0.0805,0.9925,,0.0000,0.0000,0.0000
90.4556,Left,0.4587,1.5084,-2.8795,0.1014,0.0935,0.9904,,0.0000,0.0000,0.0000
90.4556,Right,0.0021,1.5503,-2.8421,0.0479,0.0984,0.9940,,0.0000,0.0000,0.0000
90.4556,Combined,0.0021,1.5503,-2.8421,0.0931,0.1315,0.9869,,0.0000,0.0000,0.0000
90.5194,Left,0.4552,1.5154,-2.8902,0.1271,0.1629,0.9784,,0.0000,0.0000,0.0000
90.5194,Right,-0.0014,1.5575,-2.8543,0.0736,0.1680,0.9830,,0.0000,0.0000,0.0000
90.5194,Combined,-0.0014,1.5575,-2.8543,0.0957,0.2083,0.9734,,0.0000,0.0000,0.0000
90.5799,Left,0.4495,1.5354,-2.9070,0.1235,0.2901,0.9490,,0.0000,0.0000,0.0000
90.5799,Right,-0.0081,1.5691,-2.8744,0.0699,0.2943,0.9531,,0.0000,0.0000,0.0000
90.5799,Combined,-0.0081,1.5691,-2.8744,0.0909,0.3201,0.9430,,0.0000,0.0000,0.0000
90.6503,Left,0.4430,1.5492,-2.9279,0.1352,0.3759,0.9168,,0.0000,0.0000,0.0000
90.6503,Right,-0.0151,1.5738,-2.8940,0.0817,0.3793,0.9217,,0.0000,0.0000,0.0000
90.6503,Combined,-0.0151,1.5738,-2.8940,0.0889,0.3989,0.9127,,0.0000,0.0000,0.0000
90.7280,Left,0.4330,1.5639,-2.9614,0.1200,0.4507,0.8846,,0.0000,0.0000,0.0000
90.7280,Right,-0.0251,1.5766,-2.9209,0.0664,0.4525,0.8893,,0.0000,0.0000,0.0000
90.7280,Combined,-0.0251,1.5766,-2.9209,0.0904,0.4751,0.8753,,0.0000,0.0000,0.0000
90.7850,Left,0.4237,1.5728,-2.9929,0.1055,0.5014,0.8587,,0.0000,0.0000,0.0000
90.7850,Right,-0.0338,1.5777,-2.9450,0.0520,0.5018,0.8634,,0.0000,0.0000,0.0000
90.7850,Combined,-0.0338,1.5777,-2.9450,0.0947,0.5174,0.8505,,0.0000,0.0000,0.0000
90.8554,Left,0.4193,1.5740,-3.0141,0.1064,0.5071,0.8553,,0.0000,0.0000,0.0000
90.8554,Right,-0.0375,1.5782,-2.9598,0.0527,0.5071,0.8603,,0.0000,0.0000,0.0000
90.8554,Combined,-0.0375,1.5782,-2.9598,0.1044,0.5380,0.8365,,0.0000,0.0000,0.0000
90.9263,Left,0.4162,1.5755,-3.0349,0.1315,0.5226,0.8424,,0.0000,0.0000,0.0000
90.9263,Right,-0.0398,1.5787,-2.9743,0.0779,0.5228,0.8489,,0.0000,0.0000,0.0000
90.9263,Combined,-0.0398,1.5787,-2.9743,0.1130,0.5623,0.8192,,0.0000,0.0000,0.0000
91.0401,Left,0.4162,1.5739,-3.0467,0.1388,0.5382,0.8313,,0.0000,0.0000,0.0000
91.0401,Right,-0.0396,1.5796,-2.9855,0.0852,0.5386,0.8382,,0.0000,0.0000,0.0000
91.0401,Combined,-0.0396,1.5796,-2.9855,0.1153,0.5843,0.8033,,0.0000,0.0000,0.0000
91.1366,Left,0.4182,1.5705,-3.0499,0.1397,0.5483,0.8245,,0.0000,0.0000,0.0000
91.1366,Right,-0.0377,1.5796,-2.9895,0.0861,0.5492,0.8312,,0.0000,0.0000,0.0000
91.1366,Combined,-0.0377,1.5796,-2.9895,0.1175,0.5925,0.7969,,0.0000,0.0000,0.0000
91.2056,Left,0.4190,1.5685,-3.0511,0.1667,0.5527,0.8165,,0.0000,0.0000,0.0000
91.2056,Right,-0.0368,1.5795,-2.9908,0.1134,0.5544,0.8245,,0.0000,0.0000,0.0000
91.2056,Combined,-0.0368,1.5795,-2.9908,0.1195,0.5952,0.7946,,0.0000,0.0000,0.0000
91.2989,Left,0.4203,1.5640,-3.0491,0.1681,0.5529,0.8161,,0.0000,0.0000,0.0000
91.2989,Right,-0.0358,1.5794,-2.9911,0.1148,0.5549,0.8239,,0.0000,0.0000,0.0000
91.2989,Combined,-0.0358,1.5794,-2.9911,0.1215,0.5889,0.7990,,0.0000,0.0000,0.0000
91.4097,Left,0.4218,1.5637,-3.0461,0.1581,0.5548,0.8168,,0.0000,0.0000,0.0000
91.4097,Right,-0.0346,1.5787,-2.9904,0.1048,0.5569,0.8240,,0.0000,0.0000,0.0000
91.4097,Combined,-0.0346,1.5787,-2.9904,0.1172,0.5832,0.8038,,0.0000,0.0000,0.0000
91.5381,Left,0.4221,1.5653,-3.0426,0.1395,0.5475,0.8251,,0.0000,0.0000,0.0000
91.5381,Right,-0.0345,1.5784,-2.9886,0.0859,0.5492,0.8313,,0.0000,0.0000,0.0000
91.5381,Combined,-0.0345,1.5784,-2.9886,0.1115,0.5870,0.8019,,0.0000,0.0000,0.0000
91.6610,Left,0.4220,1.5652,-3.0388,0.1317,0.5464,0.8271,,0.0000,0.0000,0.0000
91.6610,Right,-0.0347,1.5778,-2.9856,0.0780,0.5477,0.8330,,0.0000,0.0000,0.0000
91.6610,Combined,-0.0347,1.5778,-2.9856,0.1096,0.5893,0.8004,,0.0000,0.0000,0.0000
91.7506,Left,0.4220,1.5635,-3.0353,0.1263,0.5379,0.8335,,0.0000,0.0000,0.0000
91.7506,Right,-0.0349,1.5774,-2.9835,0.0725,0.5392,0.8390,,0.0000,0.0000,0.0000
91.7506,Combined,-0.0349,1.5774,-2.9835,0.1091,0.5817,0.8061,,0.0000,0.0000,0.0000
91.8206,Left,0.4227,1.5619,-3.0339,0.1228,0.5324,0.8375,,0.0000,0.0000,0.0000
91.8206,Right,-0.0342,1.5769,-2.9826,0.0691,0.5337,0.8428,,0.0000,0.0000,0.0000
91.8206,Combined,-0.0342,1.5769,-2.9826,0.1097,0.5774,0.8091,,0.0000,0.0000,0.0000
91.9021,Left,0.4230,1.5597,-3.0322,0.1226,0.5357,0.8355,,0.0000,0.0000,0.0000
91.9021,Right,-0.0341,1.5771,-2.9830,0.0688,0.5373,0.8406,,0.0000,0.0000,0.0000
91.9021,Combined,-0.0341,1.5771,-2.9830,0.1090,0.5817,0.8061,,0.0000,0.0000,0.0000
91.9690,Left,0.4230,1.5599,-3.0312,0.1167,0.5463,0.8294,,0.0000,0.0000,0.0000
91.9690,Right,-0.0343,1.5776,-2.9840,0.0630,0.5480,0.8341,,0.0000,0.0000,0.0000
91.9690,Combined,-0.0343,1.5776,-2.9840,0.1054,0.5908,0.7999,,0.0000,0.0000,0.0000
92.0188,Left,0.4228,1.5607,-3.0310,0.1225,0.5510,0.8255,,0.0000,0.0000,0.0000
92.0188,Right,-0.0346,1.5779,-2.9850,0.0688,0.5528,0.8305,,0.0000,0.0000,0.0000
92.0188,Combined,-0.0346,1.5779,-2.9850,0.1026,0.5940,0.7979,,0.0000,0.0000,0.0000
92.1082,Left,0.4229,1.5600,-3.0311,0.1186,0.5426,0.8316,,0.0000,0.0000,0.0000
92.1082,Right,-0.0344,1.5773,-2.9850,0.0648,0.5444,0.8363,,0.0000,0.0000,0.0000
92.1082,Combined,-0.0344,1.5773,-2.9850,0.1031,0.5876,0.8026,,0.0000,0.0000,0.0000
92.1737,Left,0.4234,1.5598,-3.0328,0.1292,0.5408,0.8312,,0.0000,0.0000,0.0000
92.1737,Right,-0.0338,1.5774,-2.9851,0.0754,0.5428,0.8365,,0.0000,0.0000,0.0000
92.1737,Combined,-0.0338,1.5774,-2.9851,0.1064,0.5875,0.8022,,0.0000,0.0000,0.0000
92.5070,Left,0.4240,1.5584,-3.0337,0.1321,0.5380,0.8325,,0.0000,0.0000,0.0000
92.5070,Right,-0.0331,1.5769,-2.9850,0.0784,0.5401,0.8380,,0.0000,0.0000,0.0000
92.5070,Combined,-0.0331,1.5769,-2.9850,0.1093,0.5849,0.8037,,0.0000,0.0000,0.0000
