time,eye,origin_x,origin_y,origin_z,dir_x,dir_y,dir_z,hit_object,hit_x,hit_y,hit_z
0.0000,Left,0.4588,2.7215,-3.1159,-0.0713,0.1376,0.9879,,0.0000,0.0000,0.0000
0.0000,Right,0.0000,2.7215,-3.1490,-0.0713,0.1376,0.9879,,0.0000,0.0000,0.0000
0.0000,Combined,0.0000,2.7215,-3.1490,-0.0713,0.1376,0.9879,,0.0000,0.0000,0.0000
0.0200,Left,0.4600,1.3600,-3.1490,0.0000,0.0000,1.0000,,0.0000,0.0000,0.0000
0.0200,Right,0.0000,1.3600,-3.1490,0.0000,0.0000,1.0000,item 1,0.0000,1.3600,21.5024
0.0200,Combined,0.0000,1.3600,-3.1490,0.0000,0.0000,1.0000,item 1,0.0000,1.3600,21.5024
0.3533,Left,0.4600,1.0000,-3.1490,0.0000,0.0000,1.0000,,0.0000,0.0000,0.0000
0.3533,Right,0.0000,1.0000,-3.1490,0.0000,0.0000,1.0000,,0.0000,0.0000,0.0000
0.3533,Combined,0.0000,1.0000,-3.1490,0.0000,0.0000,1.0000,,0.0000,0.0000,0.0000
0.6537,Left,0.4600,1.0000,-3.1490,0.0000,0.0000,1.0000,,0.0000,0.0000,0.0000
0.6537,Right,0.0000,1.0000,-3.1490,0.0000,0.0000,1.0000,,0.0000,0.0000,0.0000
0.6537,Combined,0.0000,1.0000,-3.1490,0.0000,0.0000,1.0000,,0.0000,0.0000,0.0000
0.9870,Left,0.4600,1.0000,-3.1490,0.0000,0.0000,1.0000,,0.0000,0.0000,0.0000
0.9870,Right,0.0000,1.0000,-3.1490,0.0000,0.0000,1.0000,,0.0000,0.0000,0.0000
0.9870,Combined,0.0000,1.0000,-3.1490,0.0000,0.0000,1.0000,,0.0000,0.0000,0.0000
1.2381,Left,0.4600,1.0000,-3.1490,0.0000,0.0000,1.0000,,0.0000,0.0000,0.0000
1.2381,Right,0.0000,1.0000,-3.1490,0.0000,0.0000,1.0000,,0.0000,0.0000,0.0000
1.2381,Combined,0.0000,1.0000,-3.1490,0.0000,0.0000,1.0000,,0.0000,0.0000,0.0000
1.5715,Left,0.4581,1.5452,-3.3416,0.5382,-0.2476,0.8056,,0.0000,0.0000,0.0000
1.5715,Right,0.0388,1.5603,-3.1530,0.4886,-0.2486,0.8364,,0.0000,0.0000,0.0000
1.5715,Combined,0.0388,1.5603,-3.1530,0.3935,0.3601,0.8459,,0.0000,0.0000,0.0000
1.8310,Left,0.4659,1.5452,-3.3134,0.4784,-0.3221,0.8169,,0.0000,0.0000,0.0000
1.8310,Right,0.0432,1.5570,-3.1324,0.4261,-0.3230,0.8451,,0.0000,0.0000,0.0000
1.8310,Combined,0.0432,1.5570,-3.1324,0.3793,0.3316,0.8638,,0.0000,0.0000,0.0000
1.9839,Left,0.4722,1.5412,-3.2928,0.5050,-0.3390,0.7937,,0.0000,0.0000,0.0000
1.9839,Right,0.0458,1.5528,-3.1205,0.4540,-0.3413,0.8230,,0.0000,0.0000,0.0000
1.9839,Combined,0.0458,1.5528,-3.1205,0.3651,0.2918,0.8841,,0.0000,0.0000,0.0000
2.0618,Left,0.4757,1.5404,-3.2824,0.4838,-0.3668,0.7946,,0.0000,0.0000,0.0000
2.0618,Right,0.0469,1.5515,-3.1163,0.4319,-0.3693,0.8229,,0.0000,0.0000,0.0000
2.0618,Combined,0.0469,1.5515,-3.1163,0.3527,0.2848,0.8913,,0.0000,0.0000,0.0000
2.1326,Left,0.4781,1.5412,-3.2796,0.4902,-0.3461,0.8000,,0.0000,0.0000,0.0000
2.1326,Right,0.0486,1.5516,-3.1152,0.4387,-0.3487,0.8282,,0.0000,0.0000,0.0000
2.1326,Combined,0.0486,1.5516,-3.1152,0.3482,0.2901,0.8914,,0.0000,0.0000,0.0000
2.1850,Left,0.4785,1.5416,-3.2820,0.5019,-0.3395,0.7955,,0.0000,0.0000,0.0000
2.1850,Right,0.0497,1.5531,-3.1160,0.4507,-0.3422,0.8245,,0.0000,0.0000,0.0000
2.1850,Combined,0.0497,1.5531,-3.1160,0.3506,0.3083,0.8843,,0.0000,0.0000,0.0000
2.2531,Left,0.4783,1.5413,-3.2846,0.5063,-0.3268,0.7981,,0.0000,0.0000,0.0000
2.2531,Right,0.0501,1.5538,-3.1171,0.4552,-0.3293,0.8273,,0.0000,0.0000,0.0000
2.2531,Combined,0.0501,1.5538,-3.1171,0.3531,0.3189,0.8795,,0.0000,0.0000,0.0000
2.3280,Left,0.4780,1.5423,-3.2877,0.5028,-0.3376,0.7958,,0.0000,0.0000,0.0000
2.3280,Right,0.0503,1.5543,-3.1185,0.4514,-0.3401,0.8250,,0.0000,0.0000,0.0000
2.3280,Combined,0.0503,1.5543,-3.1185,0.3559,0.3238,0.8767,,0.0000,0.0000,0.0000
2.3910,Left,0.4772,1.5431,-3.2914,0.5017,-0.3370,0.7967,,0.0000,0.0000,0.0000
2.3910,Right,0.0505,1.5543,-3.1200,0.4503,-0.3394,0.8259,,0.0000,0.0000,0.0000
2.3910,Combined,0.0505,1.5543,-3.1200,0.3600,0.3244,0.8747,,0.0000,0.0000,0.0000
2.4638,Left,0.4770,1.5431,-3.2933,0.5028,-0.3443,0.7929,,0.0000,0.0000,0.0000
2.4638,Right,0.0509,1.5540,-3.1205,0.4513,-0.3468,0.8222,,0.0000,0.0000,0.0000
2.4638,Combined,0.0509,1.5540,-3.1205,0.3629,0.3216,0.8746,,0.0000,0.0000,0.0000
2.5453,Left,0.4773,1.5426,-3.2928,0.4894,-0.3558,0.7962,,0.0000,0.0000,0.0000
2.5453,Right,0.0510,1.5537,-3.1203,0.4373,-0.3581,0.8249,,0.0000,0.0000,0.0000
2.5453,Combined,0.0510,1.5537,-3.1203,0.3627,0.3186,0.8758,,0.0000,0.0000,0.0000
2.6267,Left,0.4777,1.5431,-3.2911,0.4907,-0.3567,0.7950,,0.0000,0.0000,0.0000
2.6267,Right,0.0510,1.5537,-3.1198,0.4387,-0.3591,0.8238,,0.0000,0.0000,0.0000
2.6267,Combined,0.0510,1.5537,-3.1198,0.3599,0.3192,0.8767,,0.0000,0.0000,0.0000
2.6977,Left,0.4779,1.5441,-3.2903,0.4905,-0.3553,0.7957,,0.0000,0.0000,0.0000
2.6977,Right,0.0509,1.5536,-3.1195,0.4385,-0.3578,0.8244,,0.0000,0.0000,0.0000
2.6977,Combined,0.0509,1.5536,-3.1195,0.3580,0.3196,0.8773,,0.0000,0.0000,0.0000
2.7688,Left,0.4781,1.5444,-3.2901,0.4949,-0.3464,0.7970,,0.0000,0.0000,0.0000
2.7688,Right,0.0511,1.5533,-3.1193,0.4431,-0.3490,0.8257,,0.0000,0.0000,0.0000
2.7688,Combined,0.0511,1.5533,-3.1193,0.3581,0.3162,0.8785,,0.0000,0.0000,0.0000
2.8381,Left,0.4783,1.5441,-3.2898,0.4864,-0.3507,0.8003,,0.0000,0.0000,0.0000
2.8381,Right,0.0513,1.5529,-3.1189,0.4343,-0.3531,0.8287,,0.0000,0.0000,0.0000
2.8381,Combined,0.0513,1.5529,-3.1189,0.3585,0.3130,0.8795,,0.0000,0.0000,0.0000
2.8907,Left,0.4786,1.5438,-3.2888,0.4937,-0.3566,0.7932,,0.0000,0.0000,0.0000
2.8907,Right,0.0514,1.5527,-3.1186,0.4419,-0.3593,0.8220,,0.0000,0.0000,0.0000
2.8907,Combined,0.0514,1.5527,-3.1186,0.3573,0.3120,0.8803,,0.0000,0.0000,0.0000
2.9619,Left,0.4789,1.5434,-3.2874,0.4940,-0.3623,0.7903,,0.0000,0.0000,0.0000
2.9619,Right,0.0513,1.5525,-3.1181,0.4422,-0.3652,0.8192,,0.0000,0.0000,0.0000
2.9619,Combined,0.0513,1.5525,-3.1181,0.3555,0.3105,0.8816,,0.0000,0.0000,0.0000
3.0304,Left,0.4791,1.5429,-3.2870,0.5247,-0.3313,0.7842,,0.0000,0.0000,0.0000
3.0304,Right,0.0516,1.5522,-3.1174,0.4745,-0.3345,0.8142,,0.0000,0.0000,0.0000
3.0304,Combined,0.0516,1.5522,-3.1174,0.3568,0.3067,0.8824,,0.0000,0.0000,0.0000
3.0889,Left,0.4791,1.5419,-3.2873,0.7514,-0.0476,0.6581,,0.0000,0.0000,0.0000
3.0889,Right,0.0520,1.5515,-3.1167,0.7167,-0.0506,0.6956,,0.0000,0.0000,0.0000
3.0889,Combined,0.0520,1.5515,-3.1167,0.3597,0.2991,0.8838,,0.0000,0.0000,0.0000
3.1577,Left,0.4792,1.5414,-3.2866,0.7935,0.0523,0.6063,,0.0000,0.0000,0.0000
3.1577,Right,0.0521,1.5510,-3.1160,0.7632,0.0513,0.6441,,0.0000,0.0000,0.0000
3.1577,Combined,0.0521,1.5510,-3.1160,0.3604,0.2927,0.8857,,0.0000,0.0000,0.0000
3.2273,Left,0.4792,1.5418,-3.2843,0.7944,0.0724,0.6031,,0.0000,0.0000,0.0000
3.2273,Right,0.0516,1.5503,-3.1149,0.7644,0.0718,0.6407,,0.0000,0.0000,0.0000
3.2273,Combined,0.0516,1.5503,-3.1149,0.3578,0.2857,0.8890,,0.0000,0.0000,0.0000
3.2830,Left,0.4794,1.5430,-3.2814,0.7859,0.0751,0.6138,,0.0000,0.0000,0.0000
3.2830,Right,0.0510,1.5498,-3.1140,0.7553,0.0743,0.6512,,0.0000,0.0000,0.0000
3.2830,Combined,0.0510,1.5498,-3.1140,0.3532,0.2806,0.8925,,0.0000,0.0000,0.0000
3.3536,Left,0.4798,1.5431,-3.2784,0.7875,0.0764,0.6115,,0.0000,0.0000,0.0000
3.3536,Right,0.0505,1.5496,-3.1134,0.7571,0.0757,0.6489,,0.0000,0.0000,0.0000
3.3536,Combined,0.0505,1.5496,-3.1134,0.3484,0.2772,0.8954,,0.0000,0.0000,0.0000
3.4218,Left,0.4819,1.5438,-3.2678,0.7679,0.0758,0.6360,,0.0000,0.0000,0.0000
3.4218,Right,0.0490,1.5494,-3.1121,0.7362,0.0748,0.6727,,0.0000,0.0000,0.0000
3.4218,Combined,0.0490,1.5494,-3.1121,0.3288,0.2728,0.9042,,0.0000,0.0000,0.0000
3.4936,Left,0.4847,1.5430,-3.2495,0.2276,0.0413,0.9729,,0.0000,0.0000,0.0000
3.4936,Right,0.0462,1.5488,-3.1106,0.1737,0.0425,0.9839,,0.0000,0.0000,0.0000
3.4936,Combined,0.0462,1.5488,-3.1106,0.2945,0.2644,0.9183,,0.0000,0.0000,0.0000
3.5585,Left,0.4873,1.5447,-3.2245,0.1362,0.0263,0.9903,,0.0000,0.0000,0.0000
3.5585,Right,0.0422,1.5479,-3.1087,0.0819,0.0275,0.9963,,0.0000,0.0000,0.0000
3.5585,Combined,0.0422,1.5479,-3.1087,0.2454,0.2506,0.9365,,0.0000,0.0000,0.0000
3.6268,Left,0.4888,1.5462,-3.1944,0.1189,0.0241,0.9926,,0.0000,0.0000,0.0000
3.6268,Right,0.0373,1.5468,-3.1067,0.0643,0.0248,0.9976,,0.0000,0.0000,0.0000
3.6268,Combined,0.0373,1.5468,-3.1067,0.1857,0.2334,0.9545,,0.0000,0.0000,0.0000
3.6846,Left,0.4883,1.5444,-3.1636,0.0458,0.0049,0.9989,,0.0000,0.0000,0.0000
3.6846,Right,0.0321,1.5448,-3.1050,-0.0090,0.0057,0.9999,item 1,-0.1885,1.6853,21.5024
3.6846,Combined,0.0321,1.5448,-3.1050,0.1248,0.2071,0.9703,,0.0000,0.0000,0.0000
3.7561,Left,0.4870,1.5421,-3.1411,-0.0821,-0.0121,0.9965,,0.0000,0.0000,0.0000
3.7561,Right,0.0285,1.5433,-3.1038,-0.1358,-0.0105,0.9907,item 3,-2.2791,1.3654,13.7290
3.7561,Combined,0.0285,1.5433,-3.1038,0.0802,0.1855,0.9794,,0.0000,0.0000,0.0000
3.8231,Left,0.4839,1.5367,-3.1162,-0.0681,-0.0142,0.9976,,0.0000,0.0000,0.0000
3.8231,Right,0.0241,1.5415,-3.1031,-0.1223,-0.0127,0.9924,item 3,-2.0442,1.3268,13.6874
3.8231,Combined,0.0241,1.5415,-3.1031,0.0297,0.1565,0.9872,,0.0000,0.0000,0.0000
3.8804,Left,0.4792,1.5315,-3.0937,-0.0919,-0.0176,0.9956,item 3,-1.1285,1.2234,14.3297
3.8804,Right,0.0194,1.5396,-3.1030,-0.1459,-0.0159,0.9892,item 3,-2.4679,1.2684,13.7621
3.8804,Combined,0.0194,1.5396,-3.1030,-0.0178,0.1284,0.9916,,0.0000,0.0000,0.0000
3.9495,Left,0.4745,1.5282,-3.0786,-0.1656,-0.0246,0.9859,item 3,-2.3406,1.1109,13.6805
3.9495,Right,0.0153,1.5383,-3.1033,-0.2186,-0.0222,0.9756,,0.0000,0.0000,0.0000
3.9495,Combined,0.0153,1.5383,-3.1033,-0.0510,0.1101,0.9926,,0.0000,0.0000,0.0000
4.0166,Left,0.4679,1.5278,-3.0620,-0.1599,0.0008,0.9871,item 3,-2.2664,1.5412,13.8185
4.0166,Right,0.0099,1.5371,-3.1040,-0.2129,0.0026,0.9771,,0.0000,0.0000,0.0000
4.0166,Combined,0.0099,1.5371,-3.1040,-0.0891,0.0898,0.9920,,0.0000,0.0000,0.0000
4.0754,Left,0.4611,1.5272,-3.0486,-0.1764,-0.0155,0.9842,item 3,-2.5603,1.2609,13.8099
4.0754,Right,0.0047,1.5353,-3.1053,-0.2293,-0.0139,0.9733,,0.0000,0.0000,0.0000
4.0754,Combined,0.0047,1.5353,-3.1053,-0.1220,0.0659,0.9903,,0.0000,0.0000,0.0000
4.1596,Left,0.4553,1.5255,-3.0400,-0.1363,0.0022,0.9907,item 3,-1.8648,1.5625,13.8278
4.1596,Right,0.0002,1.5337,-3.1069,-0.1895,0.0033,0.9819,,0.0000,0.0000,0.0000
4.1596,Combined,0.0002,1.5337,-3.1069,-0.1446,0.0493,0.9883,,0.0000,0.0000,0.0000
4.2275,Left,0.4486,1.5266,-3.0316,-0.1457,0.0023,0.9893,item 3,-2.0322,1.5663,13.8085
4.2275,Right,-0.0047,1.5325,-3.1095,-0.1988,0.0031,0.9800,,0.0000,0.0000,0.0000
4.2275,Combined,-0.0047,1.5325,-3.1095,-0.1687,0.0344,0.9851,,0.0000,0.0000,0.0000
4.3260,Left,0.4423,1.5295,-3.0243,-0.3972,0.0018,0.9177,,0.0000,0.0000,0.0000
4.3260,Right,-0.0091,1.5317,-3.1127,-0.4446,0.0039,0.8957,,0.0000,0.0000,0.0000
4.3260,Combined,-0.0091,1.5317,-3.1127,-0.1921,0.0253,0.9810,,0.0000,0.0000,0.0000
4.3978,Left,0.4376,1.5306,-3.0185,-0.4027,0.0240,0.9150,,0.0000,0.0000,0.0000
4.3978,Right,-0.0120,1.5319,-3.1157,-0.4499,0.0255,0.8927,,0.0000,0.0000,0.0000
4.3978,Combined,-0.0120,1.5319,-3.1157,-0.2111,0.0288,0.9770,,0.0000,0.0000,0.0000
4.4698,Left,0.4341,1.5312,-3.0148,-0.4031,0.0357,0.9145,,0.0000,0.0000,0.0000
4.4698,Right,-0.0141,1.5324,-3.1183,-0.4504,0.0370,0.8921,,0.0000,0.0000,0.0000
4.4698,Combined,-0.0141,1.5324,-3.1183,-0.2248,0.0349,0.9738,,0.0000,0.0000,0.0000
4.5349,Left,0.4323,1.5312,-3.0144,-0.3851,0.0266,0.9225,,0.0000,0.0000,0.0000
4.5349,Right,-0.0153,1.5324,-3.1207,-0.4332,0.0279,0.9009,,0.0000,0.0000,0.0000
4.5349,Combined,-0.0153,1.5324,-3.1207,-0.2309,0.0352,0.9723,,0.0000,0.0000,0.0000
4.5943,Left,0.4316,1.5307,-3.0170,-0.3848,0.0215,0.9228,,0.0000,0.0000,0.0000
4.5943,Right,-0.0160,1.5320,-3.1229,-0.4329,0.0229,0.9012,,0.0000,0.0000,0.0000
4.5943,Combined,-0.0160,1.5320,-3.1229,-0.2301,0.0289,0.9727,,0.0000,0.0000,0.0000
4.6611,Left,0.4320,1.5317,-3.0215,-0.3507,-0.0045,0.9365,,0.0000,0.0000,0.0000
4.6611,Right,-0.0163,1.5320,-3.1243,-0.4000,-0.0032,0.9165,,0.0000,0.0000,0.0000
4.6611,Combined,-0.0163,1.5320,-3.1243,-0.2234,0.0284,0.9743,,0.0000,0.0000,0.0000
4.7296,Left,0.4344,1.5354,-3.0302,-0.3002,-0.1259,0.9455,,0.0000,0.0000,0.0000
4.7296,Right,-0.0156,1.5340,-3.1254,-0.3518,-0.1243,0.9278,,0.0000,0.0000,0.0000
4.7296,Combined,-0.0156,1.5340,-3.1254,-0.2069,0.0486,0.9772,,0.0000,0.0000,0.0000
4.7870,Left,0.4379,1.5392,-3.0415,-0.1672,-0.4303,0.8870,,0.0000,0.0000,0.0000
4.7870,Right,-0.0142,1.5374,-3.1264,-0.2239,-0.4299,0.8747,,0.0000,0.0000,0.0000
4.7870,Combined,-0.0142,1.5374,-3.1264,-0.1843,0.0852,0.9792,,0.0000,0.0000,0.0000
4.8576,Left,0.4411,1.5405,-3.0515,-0.0918,-0.4967,0.8630,,0.0000,0.0000,0.0000
4.8576,Right,-0.0127,1.5403,-3.1271,-0.1504,-0.4979,0.8541,,0.0000,0.0000,0.0000
4.8576,Combined,-0.0127,1.5403,-3.1271,-0.1632,0.1175,0.9796,,0.0000,0.0000,0.0000
4.9407,Left,0.4447,1.5404,-3.0638,-0.0791,-0.5317,0.8432,,0.0000,0.0000,0.0000
4.9407,Right,-0.0108,1.5420,-3.1281,-0.1386,-0.5323,0.8351,,0.0000,0.0000,0.0000
4.9407,Combined,-0.0108,1.5420,-3.1281,-0.1379,0.1364,0.9810,,0.0000,0.0000,0.0000
5.0104,Left,0.4477,1.5404,-3.0747,-0.0242,-0.5544,0.8319,,0.0000,0.0000,0.0000
5.0104,Right,-0.0091,1.5416,-3.1289,-0.0842,-0.5563,0.8267,,0.0000,0.0000,0.0000
5.0104,Combined,-0.0091,1.5416,-3.1289,-0.1163,0.1330,0.9843,,0.0000,0.0000,0.0000
5.0802,Left,0.4495,1.5415,-3.0804,-0.0103,-0.5598,0.8285,,0.0000,0.0000,0.0000
5.0802,Right,-0.0079,1.5410,-3.1292,-0.0704,-0.5620,0.8241,,0.0000,0.0000,0.0000
5.0802,Combined,-0.0079,1.5410,-3.1292,-0.1054,0.1265,0.9864,,0.0000,0.0000,0.0000
5.1388,Left,0.4513,1.5424,-3.0852,-0.0098,-0.5595,0.8288,,0.0000,0.0000,0.0000
5.1388,Right,-0.0066,1.5410,-3.1297,-0.0699,-0.5615,0.8245,,0.0000,0.0000,0.0000
5.1388,Combined,-0.0066,1.5410,-3.1297,-0.0965,0.1239,0.9876,,0.0000,0.0000,0.0000
5.2078,Left,0.4528,1.5430,-3.0880,-0.0062,-0.5571,0.8304,,0.0000,0.0000,0.0000
5.2078,Right,-0.0053,1.5410,-3.1299,-0.0663,-0.5591,0.8264,,0.0000,0.0000,0.0000
5.2078,Combined,-0.0053,1.5410,-3.1299,-0.0910,0.1223,0.9883,,0.0000,0.0000,0.0000
5.2747,Left,0.4547,1.5408,-3.0910,-0.0057,-0.3875,0.9219,,0.0000,0.0000,0.0000
5.2747,Right,-0.0037,1.5404,-3.1299,-0.0634,-0.3889,0.9191,,0.0000,0.0000,0.0000
5.2747,Combined,-0.0037,1.5404,-3.1299,-0.0839,0.1142,0.9899,,0.0000,0.0000,0.0000
5.3298,Left,0.4549,1.5378,-3.0907,-0.0486,-0.1969,0.9792,,0.0000,0.0000,0.0000
5.3298,Right,-0.0035,1.5394,-3.1299,-0.1044,-0.1969,0.9748,,0.0000,0.0000,0.0000
5.3298,Combined,-0.0035,1.5394,-3.1299,-0.0844,0.1050,0.9909,,0.0000,0.0000,0.0000
5.3990,Left,0.4546,1.5358,-3.0903,-0.0580,0.0490,0.9971,,0.0000,0.0000,0.0000
5.3990,Right,-0.0036,1.5388,-3.1301,-0.1118,0.0493,0.9925,,0.0000,0.0000,0.0000
5.3990,Combined,-0.0036,1.5388,-3.1301,-0.0854,0.0986,0.9915,,0.0000,0.0000,0.0000
5.4699,Left,0.4548,1.5357,-3.0912,-0.0588,0.0587,0.9965,,0.0000,0.0000,0.0000
5.4699,Right,-0.0036,1.5384,-3.1303,-0.1125,0.0591,0.9919,,0.0000,0.0000,0.0000
5.4699,Combined,-0.0036,1.5384,-3.1303,-0.0840,0.0941,0.9920,,0.0000,0.0000,0.0000
5.5234,Left,0.4551,1.5357,-3.0930,-0.0524,0.0576,0.9970,,0.0000,0.0000,0.0000
5.5234,Right,-0.0034,1.5380,-3.1306,-0.1061,0.0579,0.9927,,0.0000,0.0000,0.0000
5.5234,Combined,-0.0034,1.5380,-3.1306,-0.0811,0.0884,0.9928,,0.0000,0.0000,0.0000
5.5955,Left,0.4553,1.5351,-3.0941,-0.0520,0.0520,0.9973,,0.0000,0.0000,0.0000
5.5955,Right,-0.0032,1.5375,-3.1309,-0.1057,0.0523,0.9930,,0.0000,0.0000,0.0000
5.5955,Combined,-0.0032,1.5375,-3.1309,-0.0793,0.0828,0.9934,,0.0000,0.0000,0.0000
5.6644,Left,0.4554,1.5343,-3.0947,-0.0449,0.0574,0.9973,,0.0000,0.0000,0.0000
5.6644,Right,-0.0031,1.5373,-3.1314,-0.0985,0.0577,0.9935,,0.0000,0.0000,0.0000
5.6644,Combined,-0.0031,1.5373,-3.1314,-0.0790,0.0793,0.9937,,0.0000,0.0000,0.0000
5.7222,Left,0.4552,1.5337,-3.0951,0.0124,0.0577,0.9983,,0.0000,0.0000,0.0000
5.7222,Right,-0.0033,1.5374,-3.1317,-0.0413,0.0578,0.9975,,0.0000,0.0000,0.0000
5.7222,Combined,-0.0033,1.5374,-3.1317,-0.0788,0.0807,0.9936,,0.0000,0.0000,0.0000
5.7875,Left,0.4549,1.5343,-3.0953,0.0175,0.0652,0.9977,,0.0000,0.0000,0.0000
5.7875,Right,-0.0037,1.5378,-3.1317,-0.0362,0.0654,0.9972,,0.0000,0.0000,0.0000
5.7875,Combined,-0.0037,1.5378,-3.1317,-0.0781,0.0849,0.9933,,0.0000,0.0000,0.0000
5.8638,Left,0.4543,1.5351,-3.0954,0.0189,0.0659,0.9976,,0.0000,0.0000,0.0000
5.8638,Right,-0.0043,1.5379,-3.1316,-0.0347,0.0660,0.9972,,0.0000,0.0000,0.0000
5.8638,Combined,-0.0043,1.5379,-3.1316,-0.0780,0.0861,0.9932,,0.0000,0.0000,0.0000
5.9206,Left,0.4541,1.5355,-3.0966,0.0197,0.0623,0.9979,,0.0000,0.0000,0.0000
5.9206,Right,-0.0045,1.5375,-3.1320,-0.0339,0.0623,0.9975,,0.0000,0.0000,0.0000
5.9206,Combined,-0.0045,1.5375,-3.1320,-0.0762,0.0817,0.9937,,0.0000,0.0000,0.0000
6.0090,Left,0.4545,1.5363,-3.0999,0.0174,0.0585,0.9981,,0.0000,0.0000,0.0000
6.0090,Right,-0.0043,1.5370,-3.1332,-0.0362,0.0584,0.9976,,0.0000,0.0000,0.0000
6.0090,Combined,-0.0043,1.5370,-3.1332,-0.0719,0.0774,0.9944,,0.0000,0.0000,0.0000
6.0780,Left,0.4549,1.5379,-3.1031,-0.0066,0.0546,0.9985,,0.0000,0.0000,0.0000
6.0780,Right,-0.0040,1.5373,-3.1347,-0.0603,0.0544,0.9967,,0.0000,0.0000,0.0000
6.0780,Combined,-0.0040,1.5373,-3.1347,-0.0686,0.0809,0.9944,,0.0000,0.0000,0.0000
6.1506,Left,0.4551,1.5375,-3.1046,-0.0044,0.0588,0.9983,,0.0000,0.0000,0.0000
6.1506,Right,-0.0039,1.5378,-3.1355,-0.0581,0.0587,0.9966,,0.0000,0.0000,0.0000
6.1506,Combined,-0.0039,1.5378,-3.1355,-0.0667,0.0851,0.9941,,0.0000,0.0000,0.0000
6.2191,Left,0.4551,1.5376,-3.1047,-0.0079,0.0602,0.9982,,0.0000,0.0000,0.0000
6.2191,Right,-0.0039,1.5379,-3.1355,-0.0617,0.0601,0.9963,,0.0000,0.0000,0.0000
6.2191,Combined,-0.0039,1.5379,-3.1355,-0.0666,0.0858,0.9941,,0.0000,0.0000,0.0000
6.2742,Left,0.4551,1.5366,-3.1045,-0.0113,0.0520,0.9986,,0.0000,0.0000,0.0000
6.2742,Right,-0.0039,1.5377,-3.1351,-0.0651,0.0519,0.9965,,0.0000,0.0000,0.0000
6.2742,Combined,-0.0039,1.5377,-3.1351,-0.0660,0.0828,0.9944,,0.0000,0.0000,0.0000
6.3458,Left,0.4553,1.5360,-3.1044,-0.0113,0.0462,0.9989,,0.0000,0.0000,0.0000
6.3458,Right,-0.0037,1.5372,-3.1347,-0.0651,0.0462,0.9968,,0.0000,0.0000,0.0000
6.3458,Combined,-0.0037,1.5372,-3.1347,-0.0654,0.0775,0.9948,,0.0000,0.0000,0.0000
6.4154,Left,0.4560,1.5354,-3.1047,-0.0755,0.0319,0.9966,,0.0000,0.0000,0.0000
6.4154,Right,-0.0030,1.5369,-3.1341,-0.1291,0.0323,0.9911,,0.0000,0.0000,0.0000
6.4154,Combined,-0.0030,1.5369,-3.1341,-0.0635,0.0750,0.9952,,0.0000,0.0000,0.0000
6.4708,Left,0.4569,1.5346,-3.1050,-0.0807,0.0320,0.9962,,0.0000,0.0000,0.0000
6.4708,Right,-0.0022,1.5366,-3.1335,-0.1343,0.0325,0.9904,,0.0000,0.0000,0.0000
6.4708,Combined,-0.0022,1.5366,-3.1335,-0.0616,0.0725,0.9955,,0.0000,0.0000,0.0000
6.5407,Left,0.4575,1.5331,-3.1047,-0.0807,0.0267,0.9964,,0.0000,0.0000,0.0000
6.5407,Right,-0.0016,1.5360,-3.1335,-0.1342,0.0273,0.9906,,0.0000,0.0000,0.0000
6.5407,Combined,-0.0016,1.5360,-3.1335,-0.0621,0.0665,0.9959,,0.0000,0.0000,0.0000
6.6094,Left,0.4580,1.5307,-3.1041,-0.0808,0.0246,0.9964,,0.0000,0.0000,0.0000
6.6094,Right,-0.0010,1.5353,-3.1340,-0.1343,0.0253,0.9906,,0.0000,0.0000,0.0000
6.6094,Combined,-0.0010,1.5353,-3.1340,-0.0643,0.0612,0.9961,,0.0000,0.0000,0.0000
6.6679,Left,0.4583,1.5295,-3.1043,-0.0854,0.0380,0.9956,,0.0000,0.0000,0.0000
6.6679,Right,-0.0007,1.5353,-3.1345,-0.1388,0.0389,0.9896,,0.0000,0.0000,0.0000
6.6679,Combined,-0.0007,1.5353,-3.1345,-0.0648,0.0623,0.9960,,0.0000,0.0000,0.0000
6.7368,Left,0.4586,1.5298,-3.1051,-0.0820,0.0401,0.9958,,0.0000,0.0000,0.0000
6.7368,Right,-0.0004,1.5356,-3.1345,-0.1354,0.0410,0.9899,,0.0000,0.0000,0.0000
6.7368,Combined,-0.0004,1.5356,-3.1345,-0.0630,0.0651,0.9959,,0.0000,0.0000,0.0000
6.8066,Left,0.4592,1.5306,-3.1059,-0.0805,0.0349,0.9961,,0.0000,0.0000,0.0000
6.8066,Right,0.0001,1.5357,-3.1340,-0.1340,0.0357,0.9903,,0.0000,0.0000,0.0000
6.8066,Combined,0.0001,1.5357,-3.1340,-0.0602,0.0661,0.9960,,0.0000,0.0000,0.0000
6.8662,Left,0.4495,1.5427,-3.0628,-0.0779,0.0308,0.9965,,0.0000,0.0000,0.0000
6.8662,Right,-0.0097,1.5478,-3.0900,-0.1314,0.0317,0.9908,,0.0000,0.0000,0.0000
6.8662,Combined,-0.0097,1.5478,-3.0900,-0.0582,0.0622,0.9964,,0.0000,0.0000,0.0000
7.1995,Left,0.4894,1.5393,-3.2260,0.0463,0.0455,0.9979,,0.0000,0.0000,0.0000
7.1995,Right,0.0301,1.5470,-3.2500,-0.0071,0.0460,0.9989,,0.0000,0.0000,0.0000
7.1995,Combined,0.0301,1.5470,-3.2500,-0.0514,0.0480,0.9975,,0.0000,0.0000,0.0000
7.4083,Left,0.4904,1.5386,-3.2292,0.0505,0.0456,0.9977,,0.0000,0.0000,0.0000
7.4083,Right,0.0309,1.5470,-3.2494,-0.0030,0.0462,0.9989,,0.0000,0.0000,0.0000
7.4083,Combined,0.0309,1.5470,-3.2494,-0.0430,0.0497,0.9978,,0.0000,0.0000,0.0000
7.5043,Left,0.4907,1.5383,-3.2308,0.2973,-0.2104,0.9313,,0.0000,0.0000,0.0000
7.5043,Right,0.0312,1.5469,-3.2488,0.2463,-0.2153,0.9450,,0.0000,0.0000,0.0000
7.5043,Combined,0.0312,1.5469,-3.2488,-0.0383,0.0477,0.9981,,0.0000,0.0000,0.0000
7.5715,Left,0.4907,1.5385,-3.2310,0.3021,-0.2105,0.9297,,0.0000,0.0000,0.0000
7.5715,Right,0.0312,1.5468,-3.2485,0.2512,-0.2155,0.9436,,0.0000,0.0000,0.0000
7.5715,Combined,0.0312,1.5468,-3.2485,-0.0370,0.0474,0.9982,,0.0000,0.0000,0.0000
7.6400,Left,0.4905,1.5385,-3.2306,0.2835,-0.2017,0.9375,,0.0000,0.0000,0.0000
7.6400,Right,0.0309,1.5468,-3.2484,0.2322,-0.2061,0.9506,,0.0000,0.0000,0.0000
7.6400,Combined,0.0309,1.5468,-3.2484,-0.0377,0.0469,0.9982,,0.0000,0.0000,0.0000
7.7162,Left,0.4903,1.5383,-3.2304,0.0628,-0.0172,0.9979,,0.0000,0.0000,0.0000
7.7162,Right,0.0308,1.5467,-3.2485,0.0089,-0.0169,0.9998,,0.0000,0.0000,0.0000
7.7162,Combined,0.0308,1.5467,-3.2485,-0.0384,0.0461,0.9982,,0.0000,0.0000,0.0000
7.7781,Left,0.4904,1.5385,-3.2307,0.0533,-0.0036,0.9986,,0.0000,0.0000,0.0000
7.7781,Right,0.0308,1.5467,-3.2486,-0.0005,-0.0031,1.0000,item 1,0.0181,1.4695,21.5024
7.7781,Combined,0.0308,1.5467,-3.2486,-0.0381,0.0470,0.9982,,0.0000,0.0000,0.0000
7.8481,Left,0.4904,1.5386,-3.2309,0.0603,-0.0028,0.9982,,0.0000,0.0000,0.0000
7.8481,Right,0.0308,1.5468,-3.2487,0.0065,-0.0024,1.0000,item 1,0.1916,1.4870,21.5024
7.8481,Combined,0.0308,1.5468,-3.2487,-0.0378,0.0482,0.9981,,0.0000,0.0000,0.0000
7.9307,Left,0.4904,1.5384,-3.2310,0.0590,-0.0026,0.9983,,0.0000,0.0000,0.0000
7.9307,Right,0.0309,1.5468,-3.2487,0.0051,-0.0022,1.0000,item 1,0.1574,1.4929,21.5024
7.9307,Combined,0.0309,1.5468,-3.2487,-0.0377,0.0489,0.9981,,0.0000,0.0000,0.0000
8.0011,Left,0.4907,1.5379,-3.2313,0.0598,-0.0036,0.9982,,0.0000,0.0000,0.0000
8.0011,Right,0.0311,1.5467,-3.2486,0.0060,-0.0032,1.0000,item 1,0.1792,1.4687,21.5024
8.0011,Combined,0.0311,1.5467,-3.2486,-0.0366,0.0476,0.9982,,0.0000,0.0000,0.0000
8.0701,Left,0.4909,1.5373,-3.2316,0.0552,-0.0043,0.9985,,0.0000,0.0000,0.0000
8.0701,Right,0.0313,1.5467,-3.2485,0.0014,-0.0037,1.0000,item 1,0.0653,1.4542,21.5024
8.0701,Combined,0.0313,1.5467,-3.2485,-0.0358,0.0466,0.9983,,0.0000,0.0000,0.0000
8.1277,Left,0.4910,1.5367,-3.2314,0.0207,0.0478,0.9986,,0.0000,0.0000,0.0000
8.1277,Right,0.0314,1.5467,-3.2484,-0.0329,0.0488,0.9983,,0.0000,0.0000,0.0000
8.1277,Combined,0.0314,1.5467,-3.2484,-0.0358,0.0461,0.9983,,0.0000,0.0000,0.0000
8.1976,Left,0.4892,1.5364,-3.2189,0.0186,0.0432,0.9989,,0.0000,0.0000,0.0000
8.1976,Right,0.0297,1.5466,-3.2362,-0.0350,0.0443,0.9984,,0.0000,0.0000,0.0000
8.1976,Combined,0.0297,1.5466,-3.2362,-0.0365,0.0450,0.9983,,0.0000,0.0000,0.0000
8.2805,Left,0.4709,1.5361,-3.0520,0.0142,0.0431,0.9990,,0.0000,0.0000,0.0000
8.2805,Right,0.0114,1.5465,-3.0694,-0.0394,0.0442,0.9982,,0.0000,0.0000,0.0000
8.2805,Combined,0.0114,1.5465,-3.0694,-0.0368,0.0437,0.9984,,0.0000,0.0000,0.0000
8.3540,Left,0.4449,1.5358,-2.6653,0.0179,0.0450,0.9988,,0.0000,0.0000,0.0000
8.3540,Right,-0.0147,1.5464,-2.6825,-0.0357,0.0461,0.9983,,0.0000,0.0000,0.0000
8.3540,Combined,-0.0147,1.5464,-2.6825,-0.0362,0.0428,0.9984,,0.0000,0.0000,0.0000
8.4346,Left,0.4026,1.5356,-2.1674,0.0177,0.0462,0.9988,,0.0000,0.0000,0.0000
8.4346,Right,-0.0570,1.5464,-2.1845,-0.0359,0.0473,0.9982,,0.0000,0.0000,0.0000
8.4346,Combined,-0.0570,1.5464,-2.1845,-0.0363,0.0423,0.9984,,0.0000,0.0000,0.0000
8.5047,Left,0.3172,1.5352,-1.6245,0.0195,0.0449,0.9988,,0.0000,0.0000,0.0000
8.5047,Right,-0.1424,1.5464,-1.6417,-0.0341,0.0460,0.9984,,0.0000,0.0000,0.0000
8.5047,Combined,-0.1424,1.5464,-1.6417,-0.0363,0.0407,0.9985,,0.0000,0.0000,0.0000
8.5713,Left,0.2385,1.5351,-1.1316,0.0191,0.0443,0.9988,,0.0000,0.0000,0.0000
8.5713,Right,-0.2210,1.5463,-1.1489,-0.0345,0.0454,0.9984,,0.0000,0.0000,0.0000
8.5713,Combined,-0.2210,1.5463,-1.1489,-0.0367,0.0393,0.9986,,0.0000,0.0000,0.0000
8.6285,Left,0.1681,1.5350,-0.6721,0.0191,0.0427,0.9989,,0.0000,0.0000,0.0000
8.6285,Right,-0.2915,1.5462,-0.6895,-0.0345,0.0439,0.9984,,0.0000,0.0000,0.0000
8.6285,Combined,-0.2915,1.5462,-0.6895,-0.0370,0.0378,0.9986,,0.0000,0.0000,0.0000
8.6989,Left,0.0980,1.5351,-0.2243,-0.0546,0.0131,0.9984,,0.0000,0.0000,0.0000
8.6989,Right,-0.3615,1.5462,-0.2419,-0.1082,0.0147,0.9940,item 3,-1.9106,1.7565,13.9945
8.6989,Combined,-0.3615,1.5462,-0.2419,-0.0373,0.0370,0.9986,,0.0000,0.0000,0.0000
8.7690,Left,0.0202,1.5355,0.2919,-0.1253,0.0104,0.9921,item 3,-1.7098,1.6791,13.9846
8.7690,Right,-0.4393,1.5462,0.2737,-0.1782,0.0124,0.9839,,0.0000,0.0000,0.0000
8.7690,Combined,-0.4393,1.5462,0.2737,-0.0386,0.0371,0.9986,,0.0000,0.0000,0.0000
8.8308,Left,-0.0545,1.5360,0.7884,-0.1286,0.0090,0.9917,item 3,-1.7597,1.6548,13.9367
8.8308,Right,-0.5140,1.5462,0.7696,-0.1814,0.0110,0.9833,,0.0000,0.0000,0.0000
8.8308,Combined,-0.5140,1.5462,0.7696,-0.0401,0.0370,0.9985,,0.0000,0.0000,0.0000
8.9133,Left,-0.1322,1.5361,1.2955,-0.1313,0.0003,0.9913,item 3,-1.7924,1.5397,13.8326
8.9133,Right,-0.5917,1.5462,1.2765,-0.1841,0.0023,0.9829,,0.0000,0.0000,0.0000
8.9133,Combined,-0.5917,1.5462,1.2765,-0.0404,0.0367,0.9985,,0.0000,0.0000,0.0000
8.9897,Left,-0.2210,1.5359,1.8905,-0.1240,-0.0032,0.9923,item 3,-1.7135,1.4976,13.8351
8.9897,Right,-0.6805,1.5461,1.8720,-0.1770,-0.0011,0.9842,,0.0000,0.0000,0.0000
8.9897,Combined,-0.6805,1.5461,1.8720,-0.0396,0.0356,0.9986,,0.0000,0.0000,0.0000
9.0634,Left,-0.3042,1.5354,2.4492,-0.1203,-0.0042,0.9927,item 3,-1.6849,1.4874,13.8416
9.0634,Right,-0.7637,1.5460,2.4311,-0.1733,-0.0021,0.9849,item 3,-2.8615,1.5204,14.3519
9.0634,Combined,-0.7637,1.5460,2.4311,-0.0385,0.0347,0.9987,,0.0000,0.0000,0.0000
9.1287,Left,-0.3819,1.5350,2.9744,-0.0839,0.0109,0.9964,item 3,-1.3430,1.6598,14.3922
9.1287,Right,-0.8414,1.5460,2.9566,-0.1372,0.0127,0.9905,item 3,-2.3677,1.6868,13.9762
9.1287,Combined,-0.8414,1.5460,2.9566,-0.0379,0.0342,0.9987,,0.0000,0.0000,0.0000
9.1868,Left,-0.4506,1.5347,3.4403,-0.0855,0.0104,0.9963,item 3,-1.3811,1.6481,14.2777
9.1868,Right,-0.9101,1.5459,3.4226,-0.1388,0.0122,0.9902,item 3,-2.3897,1.6763,13.9762
9.1868,Combined,-0.9101,1.5459,3.4226,-0.0376,0.0335,0.9987,,0.0000,0.0000,0.0000
9.2568,Left,-0.5187,1.5345,3.9002,-0.0850,0.0076,0.9964,item 3,-1.3969,1.6130,14.1953
9.2568,Right,-0.9782,1.5459,3.8827,-0.1383,0.0094,0.9903,item 3,-2.3826,1.6418,13.9390
9.2568,Combined,-0.9782,1.5459,3.8827,-0.0370,0.0333,0.9988,,0.0000,0.0000,0.0000
9.3247,Left,-0.5934,1.5343,4.4141,-0.0789,0.0112,0.9968,item 3,-1.3747,1.6451,14.2846
9.3247,Right,-1.0530,1.5459,4.3971,-0.1322,0.0130,0.9911,item 3,-2.3266,1.6711,13.9426
9.3247,Combined,-1.0530,1.5459,4.3971,-0.0360,0.0334,0.9988,,0.0000,0.0000,0.0000
9.3837,Left,-0.6626,1.5342,4.8958,-0.0822,0.0063,0.9966,item 3,-1.4247,1.5927,14.1309
9.3837,Right,-1.1221,1.5459,4.8791,-0.1356,0.0082,0.9907,item 3,-2.3580,1.6206,13.9092
9.3837,Combined,-1.1221,1.5459,4.8791,-0.0354,0.0338,0.9988,,0.0000,0.0000,0.0000
9.4513,Left,-0.7290,1.5342,5.3545,-0.0821,-0.0014,0.9966,item 3,-1.4445,1.5223,14.0371
9.4513,Right,-1.1886,1.5459,5.3380,-0.1355,0.0006,0.9908,item 3,-2.3533,1.5507,13.8529
9.4513,Combined,-1.1886,1.5459,5.3380,-0.0350,0.0339,0.9988,,0.0000,0.0000,0.0000
9.5201,Left,-0.7986,1.5343,5.8592,-0.0792,-0.0034,0.9969,item 3,-1.4471,1.5065,14.0209
9.5201,Right,-1.2582,1.5459,5.8430,-0.1327,-0.0015,0.9912,item 3,-2.3274,1.5340,13.8320
9.5201,Combined,-1.2582,1.5459,5.8430,-0.0344,0.0344,0.9988,item 3,-1.5537,1.8414,14.4307
9.5774,Left,-0.8613,1.5343,6.3421,-0.0769,-0.0137,0.9969,item 3,-1.4491,1.4292,13.9626
9.5774,Right,-1.3209,1.5459,6.3261,-0.1305,-0.0118,0.9914,item 3,-2.3014,1.4572,13.7779
9.5774,Combined,-1.3209,1.5459,6.3261,-0.0339,0.0350,0.9988,item 3,-1.5918,1.8254,14.3097
9.6489,Left,-0.9216,1.5343,6.8028,-0.0751,-0.0133,0.9971,item 3,-1.4609,1.4387,13.9582
9.6489,Right,-1.3812,1.5460,6.7871,-0.1287,-0.0114,0.9916,item 3,-2.2887,1.4656,13.7788
9.6489,Combined,-1.3812,1.5460,6.7871,-0.0332,0.0354,0.9988,item 3,-1.6285,1.8098,14.2296
9.7178,Left,-0.9873,1.5344,7.3279,-0.0743,-0.0151,0.9971,item 3,-1.4801,1.4346,13.9391
9.7178,Right,-1.4469,1.5460,7.3127,-0.1279,-0.0131,0.9917,item 3,-2.2803,1.4604,13.7738
9.7178,Combined,-1.4469,1.5460,7.3127,-0.0322,0.0358,0.9988,item 3,-1.6677,1.7912,14.1592
9.7717,Left,-1.0435,1.5344,7.8035,-0.0731,-0.0120,0.9973,item 3,-1.4937,1.4606,13.9448
9.7717,Right,-1.5032,1.5460,7.7886,-0.1267,-0.0101,0.9919,item 3,-2.2689,1.4852,13.7846
9.7717,Combined,-1.5032,1.5460,7.7886,-0.0315,0.0364,0.9988,item 3,-1.7023,1.7767,14.1105
9.8556,Left,-1.1007,1.5344,8.2789,-0.0695,-0.0134,0.9975,item 3,-1.4956,1.4582,13.9417
9.8556,Right,-1.5604,1.5460,8.2642,-0.1232,-0.0115,0.9923,item 3,-2.2447,1.4819,13.7770
9.8556,Combined,-1.5604,1.5460,8.2642,-0.0311,0.0376,0.9988,item 3,-1.7413,1.7646,14.0694
9.9245,Left,-1.1668,1.5345,8.8667,-0.0722,-0.0204,0.9972,item 3,-1.5314,1.4316,13.8979
9.9245,Right,-1.6265,1.5461,8.8522,-0.1259,-0.0185,0.9919,item 3,-2.2499,1.4547,13.7633
9.9245,Combined,-1.6265,1.5461,8.8522,-0.0306,0.0380,0.9988,item 3,-1.7848,1.7428,14.0199
9.9960,Left,-1.2249,1.5344,9.3863,-0.0684,-0.0248,0.9973,item 3,-1.5339,1.4223,13.8908
9.9960,Right,-1.6845,1.5460,9.3720,-0.1221,-0.0229,0.9922,item 3,-2.2238,1.4450,13.7529
9.9960,Combined,-1.6845,1.5460,9.3720,-0.0302,0.0381,0.9988,item 3,-1.8239,1.7219,13.9801
10.0655,Left,-1.2839,1.5343,9.9137,-0.0632,-0.0301,0.9975,item 3,-1.5356,1.4144,13.8851
10.0655,Right,-1.7436,1.5461,9.8996,-0.1170,-0.0282,0.9927,item 3,-2.1967,1.4369,13.7441
10.0655,Combined,-1.7436,1.5461,9.8996,-0.0298,0.0383,0.9988,item 3,-1.8643,1.7010,13.9453
10.1192,Left,-1.3347,1.5345,10.3929,-0.0610,-0.0306,0.9977,item 3,-1.5481,1.4275,13.8839
10.1192,Right,-1.7943,1.5461,10.3788,-0.1148,-0.0287,0.9930,item 3,-2.1839,1.4487,13.7481
10.1192,Combined,-1.7943,1.5461,10.3788,-0.0296,0.0389,0.9988,item 3,-1.8994,1.6840,13.9197
10.1900,Left,-1.3712,1.5345,10.7928,-0.0633,-0.0338,0.9974,item 3,-1.5668,1.4302,13.8731
10.1900,Right,-1.8309,1.5461,10.7785,-0.1172,-0.0319,0.9926,item 3,-2.1815,1.4507,13.7488
10.1900,Combined,-1.8309,1.5461,10.7785,-0.0301,0.0391,0.9988,item 3,-1.9249,1.6683,13.9000
10.2583,Left,-1.3772,1.5346,11.0212,-0.0631,-0.0377,0.9973,item 3,-1.5578,1.4267,13.8769
10.2583,Right,-1.8369,1.5461,11.0071,-0.1169,-0.0358,0.9925,item 3,-2.1594,1.4475,13.7442
10.2583,Combined,-1.8369,1.5461,11.0071,-0.0295,0.0392,0.9988,item 3,-1.9222,1.6593,13.8923
10.3152,Left,-1.3827,1.5347,11.0719,-0.0594,-0.0384,0.9975,item 3,-1.5501,1.4264,13.8819
10.3152,Right,-1.8423,1.5461,11.0583,-0.1133,-0.0366,0.9929,item 3,-2.1488,1.4472,13.7429
10.3152,Combined,-1.8423,1.5461,11.0583,-0.0286,0.0390,0.9988,item 3,-1.9233,1.6567,13.8898
10.3859,Left,-1.3871,1.5347,11.1130,-0.0568,-0.0468,0.9973,item 3,-1.5444,1.4052,13.8741
10.3859,Right,-1.8468,1.5461,11.0995,-0.1108,-0.0449,0.9928,item 3,-2.1406,1.4271,13.7323
10.3859,Combined,-1.8468,1.5461,11.0995,-0.0283,0.0392,0.9988,item 3,-1.9259,1.6555,13.8883
10.4529,Left,-1.3898,1.5346,11.1386,-0.0566,-0.0526,0.9970,item 3,-1.5448,1.3907,13.8663
10.4529,Right,-1.8495,1.5461,11.1254,-0.1107,-0.0507,0.9926,item 3,-2.1394,1.4134,13.7258
10.4529,Combined,-1.8495,1.5461,11.1254,-0.0276,0.0389,0.9989,item 3,-1.9257,1.6538,13.8869
10.5127,Left,-1.3915,1.5347,11.1545,-0.0575,-0.0623,0.9964,item 3,-1.5471,1.3660,13.8526
10.5127,Right,-1.8512,1.5461,11.1417,-0.1115,-0.0604,0.9919,item 3,-2.1406,1.3895,13.7154
10.5127,Combined,-1.8512,1.5461,11.1417,-0.0269,0.0391,0.9989,item 3,-1.9251,1.6536,13.8868
10.5934,Left,-1.3929,1.5346,11.1676,-0.0556,-0.0651,0.9963,item 3,-1.5426,1.3592,13.8524
10.5934,Right,-1.8526,1.5461,11.1548,-0.1097,-0.0631,0.9920,item 3,-2.1354,1.3834,13.7123
10.5934,Combined,-1.8526,1.5461,11.1548,-0.0270,0.0386,0.9989,item 3,-1.9263,1.6515,13.8848
10.6758,Left,-1.3940,1.5347,11.1873,-0.0555,-0.0657,0.9963,item 3,-1.5424,1.3591,13.8525
10.6758,Right,-1.8537,1.5461,11.1745,-0.1096,-0.0637,0.9919,item 3,-2.1341,1.3830,13.7121
10.6758,Combined,-1.8537,1.5461,11.1745,-0.0269,0.0375,0.9989,item 3,-1.9266,1.6476,13.8814
10.7745,Left,-1.3926,1.5350,11.4188,0.0007,-0.0656,0.9978,item 3,-1.3909,1.3667,13.9809
10.7745,Right,-1.8523,1.5461,11.4059,-0.0537,-0.0643,0.9965,item 3,-1.9769,1.3970,13.7179
10.7745,Combined,-1.8523,1.5461,11.4059,-0.0273,0.0369,0.9989,item 3,-1.9197,1.6371,13.8736
10.8436,Left,-1.3786,1.5351,12.0330,0.0028,-0.0621,0.9981,item 3,-1.3731,1.4110,14.0274
10.8436,Right,-1.8383,1.5460,12.0202,-0.0515,-0.0608,0.9968,item 3,-1.9275,1.4409,13.7440
10.8436,Combined,-1.8383,1.5460,12.0202,-0.0270,0.0359,0.9990,item 3,-1.8879,1.6122,13.8596
10.9175,Left,-1.3714,1.5351,12.5280,0.0072,-0.0623,0.9980,item 3,-1.3604,1.4393,14.0627
10.9175,Right,-1.8311,1.5460,12.5153,-0.0472,-0.0611,0.9970,item 3,-1.8902,1.4694,13.7649
10.9175,Combined,-1.8311,1.5460,12.5153,-0.0268,0.0349,0.9990,item 3,-1.8668,1.5926,13.8492
10.9833,Left,-1.3178,1.5348,12.5863,0.0074,-0.0655,0.9978,item 3,-1.3063,1.4334,14.1307
10.9833,Right,-1.7774,1.5459,12.5734,-0.0470,-0.0643,0.9968,item 3,-1.8341,1.4683,13.7769
10.9833,Combined,-1.7774,1.5459,12.5734,-0.0272,0.0340,0.9991,item 3,-1.8125,1.5897,13.8621
11.0387,Left,-1.2848,1.5346,12.6577,0.0097,-0.0697,0.9975,item 3,-1.2699,1.4280,14.1847
11.0387,Right,-1.7445,1.5459,12.6446,-0.0447,-0.0685,0.9967,item 3,-1.7956,1.4674,13.7873
11.0387,Combined,-1.7445,1.5459,12.6446,-0.0276,0.0334,0.9991,item 3,-1.7783,1.5869,13.8715
11.1093,Left,-1.2848,1.5349,12.6578,0.0096,-0.0842,0.9964,item 3,-1.2703,1.4074,14.1653
11.1093,Right,-1.7445,1.5459,12.6447,-0.0449,-0.0831,0.9955,item 3,-1.7956,1.4513,13.7786
11.1093,Combined,-1.7445,1.5459,12.6447,-0.0275,0.0329,0.9991,item 3,-1.7783,1.5863,13.8711
11.1775,Left,-1.2851,1.5350,12.6584,0.0041,-0.0952,0.9955,item 3,-1.2790,1.3934,14.1394
11.1775,Right,-1.7447,1.5458,12.6449,-0.0505,-0.0940,0.9943,item 3,-1.8019,1.4394,13.7705
11.1775,Combined,-1.7447,1.5458,12.6449,-0.0284,0.0324,0.9991,item 3,-1.7796,1.5855,13.8700
11.2345,Left,-1.2855,1.5353,12.6594,-0.0026,-0.1089,0.9941,item 3,-1.2893,1.3763,14.1109
11.2345,Right,-1.7451,1.5458,12.6451,-0.0572,-0.1077,0.9925,item 3,-1.8095,1.4248,13.7610
11.2345,Combined,-1.7451,1.5458,12.6451,-0.0305,0.0326,0.9990,item 3,-1.7825,1.5857,13.8691
11.3036,Left,-1.2860,1.5359,12.6603,-0.0235,-0.1164,0.9929,item 3,-1.3193,1.3711,14.0659
11.3036,Right,-1.7456,1.5459,12.6451,-0.0782,-0.1150,0.9903,item 3,-1.8330,1.4174,13.7512
11.3036,Combined,-1.7456,1.5459,12.6451,-0.0324,0.0328,0.9989,item 3,-1.7853,1.5860,13.8683
11.3740,Left,-1.2864,1.5369,12.6717,-0.0262,-0.1163,0.9929,item 3,-1.3231,1.3739,14.0627
11.3740,Right,-1.7460,1.5459,12.6556,-0.0809,-0.1150,0.9901,item 3,-1.8355,1.4186,13.7512
11.3740,Combined,-1.7460,1.5459,12.6556,-0.0345,0.0330,0.9989,item 3,-1.7880,1.5859,13.8673
11.4289,Left,-1.2871,1.5378,12.6730,-0.0307,-0.1209,0.9922,item 3,-1.3297,1.3697,14.0517
11.4289,Right,-1.7466,1.5460,12.6555,-0.0854,-0.1197,0.9891,item 3,-1.8409,1.4138,13.7476
11.4289,Combined,-1.7466,1.5460,12.6555,-0.0375,0.0337,0.9987,item 3,-1.7922,1.5869,13.8666
11.5045,Left,-1.2875,1.5379,12.6740,-0.1053,-0.1219,0.9869,item 3,-1.4242,1.3797,13.9557
11.5045,Right,-1.7470,1.5460,12.6555,-0.1594,-0.1196,0.9799,item 3,-1.9221,1.4145,13.7321
11.5045,Combined,-1.7470,1.5460,12.6555,-0.0396,0.0340,0.9986,item 3,-1.7951,1.5872,13.8658
11.5694,Left,-1.2879,1.5382,12.6752,-0.1071,-0.1235,0.9865,item 3,-1.4266,1.3783,13.9527
11.5694,Right,-1.7474,1.5460,12.6555,-0.1612,-0.1213,0.9794,item 3,-1.9244,1.4128,13.7310
11.5694,Combined,-1.7474,1.5460,12.6555,-0.0421,0.0340,0.9985,item 3,-1.7984,1.5871,13.8647
11.6315,Left,-1.2882,1.5385,12.6760,-0.1126,-0.1236,0.9859,item 3,-1.4333,1.3792,13.9470
11.6315,Right,-1.7477,1.5460,12.6556,-0.1666,-0.1213,0.9785,item 3,-1.9307,1.4127,13.7301
11.6315,Combined,-1.7477,1.5460,12.6556,-0.0439,0.0341,0.9985,item 3,-1.8008,1.5872,13.8639
11.7060,Left,-1.2886,1.5387,12.6771,-0.1104,-0.1296,0.9854,item 3,-1.4307,1.3719,13.9455
11.7060,Right,-1.7480,1.5460,12.6557,-0.1645,-0.1274,0.9781,item 3,-1.9283,1.4064,13.7275
11.7060,Combined,-1.7480,1.5460,12.6557,-0.0460,0.0342,0.9984,item 3,-1.8036,1.5874,13.8631
11.7898,Left,-1.2891,1.5386,12.6787,-0.1083,-0.1312,0.9854,item 3,-1.4284,1.3698,13.9464
11.7898,Right,-1.7484,1.5459,12.6560,-0.1625,-0.1291,0.9782,item 3,-1.9263,1.4045,13.7270
11.7898,Combined,-1.7484,1.5459,12.6560,-0.0487,0.0324,0.9983,item 3,-1.8072,1.5849,13.8601
11.8605,Left,-1.2895,1.5383,12.6796,-0.1041,-0.1270,0.9864,item 3,-1.4238,1.3743,13.9531
11.8605,Right,-1.7488,1.5456,12.6564,-0.1582,-0.1250,0.9795,item 3,-1.9222,1.4087,13.7295
11.8605,Combined,-1.7488,1.5456,12.6564,-0.0498,0.0310,0.9983,item 3,-1.8088,1.5829,13.8581
11.9324,Left,-1.2897,1.5384,12.6806,-0.1036,-0.1242,0.9868,item 3,-1.4236,1.3780,13.9554
11.9324,Right,-1.7491,1.5455,12.6568,-0.1578,-0.1222,0.9799,item 3,-1.9220,1.4116,13.7308
11.9324,Combined,-1.7491,1.5455,12.6568,-0.0514,0.0300,0.9982,item 3,-1.8108,1.5816,13.8564
11.9924,Left,-1.2900,1.5384,12.6818,-0.1052,-0.1213,0.9870,item 3,-1.4257,1.3818,13.9555
11.9924,Right,-1.7493,1.5455,12.6570,-0.1593,-0.1194,0.9800,item 3,-1.9240,1.4145,13.7318
11.9924,Combined,-1.7493,1.5455,12.6570,-0.0533,0.0294,0.9981,item 3,-1.8133,1.5807,13.8550
12.0722,Left,-1.2903,1.5385,12.6827,-0.1107,-0.1245,0.9860,item 3,-1.4323,1.3787,13.9477
12.0722,Right,-1.7495,1.5454,12.6572,-0.1648,-0.1226,0.9787,item 3,-1.9301,1.4111,13.7295
12.0722,Combined,-1.7495,1.5454,12.6572,-0.0550,0.0292,0.9981,item 3,-1.8154,1.5805,13.8542
12.1392,Left,-1.2907,1.5389,12.6842,-0.1137,-0.1212,0.9861,item 3,-1.4363,1.3837,13.9468
12.1392,Right,-1.7499,1.5455,12.6573,-0.1678,-0.1193,0.9786,item 3,-1.9339,1.4146,13.7305
12.1392,Combined,-1.7499,1.5455,12.6573,-0.0581,0.0299,0.9979,item 3,-1.8195,1.5813,13.8535
12.1932,Left,-1.2911,1.5392,12.6854,-0.1115,-0.1232,0.9861,item 3,-1.4338,1.3815,13.9479
12.1932,Right,-1.7502,1.5455,12.6572,-0.1656,-0.1213,0.9787,item 3,-1.9316,1.4125,13.7299
12.1932,Combined,-1.7502,1.5455,12.6572,-0.0608,0.0306,0.9977,item 3,-1.8230,1.5822,13.8532
12.2637,Left,-1.2916,1.5396,12.6867,-0.1115,-0.1236,0.9860,item 3,-1.4341,1.3815,13.9476
12.2637,Right,-1.7506,1.5456,12.6572,-0.1656,-0.1219,0.9786,item 3,-1.9321,1.4121,13.7296
12.2637,Combined,-1.7506,1.5456,12.6572,-0.0636,0.0314,0.9975,item 3,-1.8268,1.5833,13.8529
12.3473,Left,-1.2925,1.5400,12.6897,-0.1164,-0.1239,0.9854,item 3,-1.4405,1.3825,13.9425
12.3473,Right,-1.7513,1.5457,12.6572,-0.1705,-0.1222,0.9777,item 3,-1.9381,1.4118,13.7287
12.3473,Combined,-1.7513,1.5457,12.6572,-0.0703,0.0323,0.9970,item 3,-1.8354,1.5843,13.8512
12.4176,Left,-1.2995,1.5401,12.7126,-0.1200,-0.1200,0.9855,item 3,-1.4490,1.3907,13.9395
12.4176,Right,-1.7581,1.5457,12.6764,-0.1741,-0.1183,0.9776,item 3,-1.9458,1.4181,13.7306
12.4176,Combined,-1.7581,1.5457,12.6764,-0.0782,0.0332,0.9964,item 3,-1.8500,1.5848,13.8475
12.4855,Left,-1.3502,1.5403,12.9144,-0.1211,-0.1171,0.9857,item 3,-1.4754,1.4192,13.9336
12.4855,Right,-1.8086,1.5458,12.8762,-0.1752,-0.1155,0.9777,item 3,-1.9635,1.4437,13.7409
12.4855,Combined,-1.8086,1.5458,12.8762,-0.0827,0.0339,0.9960,item 3,-1.8881,1.5784,13.8339
12.5455,Left,-1.4416,1.5406,13.3330,-0.1126,-0.1187,0.9865,item 3,-1.5451,1.4315,14.2397
12.5455,Right,-1.8999,1.5458,13.2944,-0.1668,-0.1173,0.9790,item 3,-2.0322,1.4528,14.0704
12.5455,Combined,-1.8999,1.5458,13.2944,-0.0835,0.0340,0.9959,item 3,-1.9717,1.5750,14.1504
12.6238,Left,-1.5389,1.5408,13.7685,-0.1065,-0.1229,0.9867,item 3,-1.7497,1.2977,15.7204
12.6238,Right,-1.9973,1.5458,13.7302,-0.1608,-0.1216,0.9795,item 3,-2.2986,1.3179,15.5654
12.6238,Combined,-1.9973,1.5458,13.7302,-0.0829,0.0333,0.9960,item 3,-2.1639,1.6128,15.7318
12.6941,Left,-1.6344,1.5407,14.2448,-0.1068,-0.1243,0.9865,item 3,-1.9138,1.2154,16.8264
12.6941,Right,-2.0927,1.5457,14.2062,-0.1610,-0.1230,0.9792,item 3,-2.5011,1.2337,16.6894
12.6941,Combined,-2.0927,1.5457,14.2062,-0.0836,0.0319,0.9960,item 3,-2.3180,1.6315,16.8907
12.7525,Left,-1.6754,1.5409,14.4477,-0.1086,-0.1231,0.9864,item 3,-2.0607,1.1041,17.9485
12.7525,Right,-2.1337,1.5457,14.4088,-0.1628,-0.1218,0.9791,item 3,-2.7010,1.1214,17.8205
12.7525,Combined,-2.1337,1.5457,14.4088,-0.0842,0.0314,0.9960,item 3,-2.4427,1.6610,18.0642
12.8219,Left,-1.6883,1.5413,14.4944,-0.1044,-0.1421,0.9843,item 3,-2.2201,0.8176,19.5086
12.8219,Right,-2.1467,1.5457,14.4561,-0.1588,-0.1408,0.9772,item 3,-2.9439,0.8387,19.3619
12.8219,Combined,-2.1467,1.5457,14.4561,-0.0829,0.0297,0.9961,item 3,-2.5784,1.7002,19.6404
12.9013,Left,-1.6971,1.5419,14.5257,-0.1016,-0.1433,0.9845,item 3,-2.3808,0.5774,21.1527
12.9013,Right,-2.1556,1.5456,14.4886,-0.1560,-0.1421,0.9775,item 3,-3.1903,0.6031,20.9727
12.9013,Combined,-2.1556,1.5456,14.4886,-0.0804,0.0289,0.9963,item 3,-2.7001,1.7415,21.2356
12.9579,Left,-1.7010,1.5419,14.5401,-0.0891,-0.1566,0.9836,item 3,-2.4033,0.3083,22.2905
12.9579,Right,-2.1596,1.5457,14.5049,-0.1438,-0.1555,0.9773,item 3,-3.2426,0.3743,21.8675
12.9579,Combined,-2.1596,1.5457,14.5049,-0.0762,0.0296,0.9966,item 3,-2.7379,1.7701,22.0629
13.0292,Left,-1.7042,1.5420,14.5520,-0.0907,-0.1548,0.9838,,0.0000,0.0000,0.0000
13.0292,Right,-2.1629,1.5457,14.5176,-0.1453,-0.1537,0.9774,,0.0000,0.0000,0.0000
13.0292,Combined,-2.1629,1.5457,14.5176,-0.0745,0.0309,0.9967,item 3,-2.8529,1.8321,23.7480
13.0995,Left,-1.7035,1.5422,14.5503,-0.0768,-0.0492,0.9958,item 3,-2.4959,1.0347,24.8265
13.0995,Right,-2.1622,1.5460,14.5168,-0.1308,-0.0484,0.9902,item 3,-3.4540,1.0677,24.2998
13.0995,Combined,-2.1622,1.5460,14.5168,-0.0725,0.0374,0.9967,,0.0000,0.0000,0.0000
13.1670,Left,-1.7027,1.5426,14.5487,-0.0744,-0.0441,0.9962,item 3,-2.6011,1.0098,26.5737
13.1670,Right,-2.1615,1.5462,14.5162,-0.1284,-0.0434,0.9908,item 3,-3.6271,1.0508,25.8247
13.1670,Combined,-2.1615,1.5462,14.5162,-0.0703,0.0419,0.9966,,0.0000,0.0000,0.0000
13.2405,Left,-1.7021,1.5418,14.5477,-0.0797,-0.0433,0.9959,item 3,-2.7883,0.9522,28.1205
13.2405,Right,-2.1610,1.5463,14.5161,-0.1336,-0.0424,0.9901,item 3,-3.8941,0.9968,27.3579
13.2405,Combined,-2.1610,1.5463,14.5161,-0.0682,0.0433,0.9967,,0.0000,0.0000,0.0000
13.3055,Left,-1.7018,1.5406,14.5476,-0.0824,-0.0416,0.9957,item 3,-2.9231,0.9240,29.3141
13.3055,Right,-2.1607,1.5463,14.5163,-0.1362,-0.0405,0.9898,item 3,-4.0870,0.9733,28.5117
13.3055,Combined,-2.1607,1.5463,14.5163,-0.0675,0.0425,0.9968,,0.0000,0.0000,0.0000
13.3635,Left,-1.7022,1.5401,14.5482,-0.0875,-0.0061,0.9961,,0.0000,0.0000,0.0000
13.3635,Right,-2.1611,1.5462,14.5163,-0.1410,-0.0050,0.9900,item 3,-4.3242,1.4694,29.6990
13.3635,Combined,-2.1611,1.5462,14.5163,-0.0689,0.0409,0.9968,,0.0000,0.0000,0.0000
13.4331,Left,-1.7025,1.5406,14.5489,-0.0890,-0.0048,0.9960,,0.0000,0.0000,0.0000
13.4331,Right,-2.1613,1.5463,14.5163,-0.1425,-0.0037,0.9898,item 3,-4.4940,1.4854,30.7181
13.4331,Combined,-2.1613,1.5463,14.5163,-0.0703,0.0411,0.9967,,0.0000,0.0000,0.0000
13.5036,Left,-1.7028,1.5413,14.5493,-0.0857,-0.0021,0.9963,,0.0000,0.0000,0.0000
13.5036,Right,-2.1616,1.5463,14.5163,-0.1392,-0.0012,0.9903,item 3,-4.6307,1.5243,32.0755
13.5036,Combined,-2.1616,1.5463,14.5163,-0.0713,0.0415,0.9966,,0.0000,0.0000,0.0000
13.5582,Left,-1.7026,1.5413,14.5490,-0.0850,-0.0003,0.9964,,0.0000,0.0000,0.0000
13.5582,Right,-2.1614,1.5463,14.5162,-0.1386,0.0006,0.9904,item 3,-4.7153,1.5572,32.7667
13.5582,Combined,-2.1614,1.5463,14.5162,-0.0709,0.0422,0.9966,,0.0000,0.0000,0.0000
13.6243,Left,-1.7024,1.5411,14.5485,-0.0837,0.0004,0.9965,,0.0000,0.0000,0.0000
13.6243,Right,-2.1612,1.5463,14.5160,-0.1373,0.0013,0.9905,item 3,-4.8837,1.5716,34.1547
13.6243,Combined,-2.1612,1.5463,14.5160,-0.0702,0.0430,0.9966,,0.0000,0.0000,0.0000
13.6949,Left,-1.7021,1.5407,14.5478,-0.0875,0.0033,0.9962,,0.0000,0.0000,0.0000
13.6949,Right,-2.1609,1.5464,14.5158,-0.1410,0.0042,0.9900,item 3,-5.1094,1.6352,35.2190
13.6949,Combined,-2.1609,1.5464,14.5158,-0.0691,0.0449,0.9966,,0.0000,0.0000,0.0000
13.7518,Left,-1.7017,1.5404,14.5473,-0.0865,0.0044,0.9962,,0.0000,0.0000,0.0000
13.7518,Right,-2.1606,1.5465,14.5157,-0.1401,0.0055,0.9901,item 3,-5.2388,1.6663,36.2741
13.7518,Combined,-2.1606,1.5465,14.5157,-0.0682,0.0459,0.9966,,0.0000,0.0000,0.0000
13.8364,Left,-1.7016,1.5402,14.5471,-0.0868,0.0058,0.9962,,0.0000,0.0000,0.0000
13.8364,Right,-2.1604,1.5465,14.5156,-0.1403,0.0069,0.9901,item 3,-5.4454,1.7078,37.6974
13.8364,Combined,-2.1604,1.5465,14.5156,-0.0679,0.0462,0.9966,,0.0000,0.0000,0.0000
13.9056,Left,-1.7013,1.5395,14.5469,-0.1044,0.0438,0.9936,,0.0000,0.0000,0.0000
13.9056,Right,-2.1601,1.5465,14.5156,-0.1575,0.0449,0.9865,,0.0000,0.0000,0.0000
13.9056,Combined,-2.1601,1.5465,14.5156,-0.0673,0.0457,0.9967,,0.0000,0.0000,0.0000
13.9749,Left,-1.7009,1.5387,14.5465,-0.1036,0.0523,0.9932,,0.0000,0.0000,0.0000
13.9749,Right,-2.1598,1.5465,14.5156,-0.1566,0.0534,0.9862,,0.0000,0.0000,0.0000
13.9749,Combined,-2.1598,1.5465,14.5156,-0.0663,0.0452,0.9968,,0.0000,0.0000,0.0000
14.0485,Left,-1.7006,1.5382,14.5463,-0.1040,0.0522,0.9932,,0.0000,0.0000,0.0000
14.0485,Right,-2.1595,1.5465,14.5158,-0.1570,0.0534,0.9862,,0.0000,0.0000,0.0000
14.0485,Combined,-2.1595,1.5465,14.5158,-0.0655,0.0450,0.9968,,0.0000,0.0000,0.0000
14.0997,Left,-1.7003,1.5380,14.5460,-0.1036,0.0532,0.9932,,0.0000,0.0000,0.0000
14.0997,Right,-2.1592,1.5466,14.5157,-0.1566,0.0544,0.9862,,0.0000,0.0000,0.0000
14.0997,Combined,-2.1592,1.5466,14.5157,-0.0650,0.0463,0.9968,,0.0000,0.0000,0.0000
14.1708,Left,-1.7001,1.5377,14.5458,-0.1052,0.0603,0.9926,,0.0000,0.0000,0.0000
14.1708,Right,-2.1590,1.5466,14.5158,-0.1582,0.0616,0.9855,,0.0000,0.0000,0.0000
14.1708,Combined,-2.1590,1.5466,14.5158,-0.0643,0.0472,0.9968,,0.0000,0.0000,0.0000
14.2378,Left,-1.6999,1.5375,14.5455,-0.1131,0.0862,0.9898,,0.0000,0.0000,0.0000
14.2378,Right,-2.1588,1.5466,14.5156,-0.1657,0.0874,0.9823,,0.0000,0.0000,0.0000
14.2378,Combined,-2.1588,1.5466,14.5156,-0.0639,0.0474,0.9968,,0.0000,0.0000,0.0000
14.2953,Left,-1.6998,1.5376,14.5452,-0.1134,0.0880,0.9896,,0.0000,0.0000,0.0000
14.2953,Right,-2.1588,1.5467,14.5154,-0.1660,0.0893,0.9821,,0.0000,0.0000,0.0000
14.2953,Combined,-2.1588,1.5467,14.5154,-0.0638,0.0496,0.9967,,0.0000,0.0000,0.0000
14.3662,Left,-1.6999,1.5381,14.5451,-0.1154,0.0940,0.9889,,0.0000,0.0000,0.0000
14.3662,Right,-2.1588,1.5468,14.5153,-0.1680,0.0952,0.9812,,0.0000,0.0000,0.0000
14.3662,Combined,-2.1588,1.5468,14.5153,-0.0637,0.0511,0.9967,,0.0000,0.0000,0.0000
14.4345,Left,-1.7000,1.5385,14.5449,-0.1163,0.0953,0.9886,,0.0000,0.0000,0.0000
14.4345,Right,-2.1589,1.5469,14.5152,-0.1688,0.0964,0.9809,,0.0000,0.0000,0.0000
14.4345,Combined,-2.1589,1.5469,14.5152,-0.0635,0.0534,0.9966,,0.0000,0.0000,0.0000
14.4908,Left,-1.7001,1.5390,14.5447,-0.1170,0.0899,0.9891,,0.0000,0.0000,0.0000
14.4908,Right,-2.1591,1.5470,14.5151,-0.1696,0.0911,0.9813,,0.0000,0.0000,0.0000
14.4908,Combined,-2.1591,1.5470,14.5151,-0.0633,0.0547,0.9965,,0.0000,0.0000,0.0000
14.5636,Left,-1.7001,1.5392,14.5444,-0.1169,0.0936,0.9887,,0.0000,0.0000,0.0000
14.5636,Right,-2.1591,1.5470,14.5151,-0.1695,0.0947,0.9810,,0.0000,0.0000,0.0000
14.5636,Combined,-2.1591,1.5470,14.5151,-0.0626,0.0552,0.9965,,0.0000,0.0000,0.0000
14.6304,Left,-1.7003,1.5396,14.5441,-0.1137,0.0952,0.9889,,0.0000,0.0000,0.0000
14.6304,Right,-2.1593,1.5470,14.5151,-0.1663,0.0963,0.9814,,0.0000,0.0000,0.0000
14.6304,Combined,-2.1593,1.5470,14.5151,-0.0620,0.0558,0.9965,,0.0000,0.0000,0.0000
14.6859,Left,-1.7005,1.5401,14.5443,-0.1148,0.0940,0.9889,,0.0000,0.0000,0.0000
14.6859,Right,-2.1596,1.5471,14.5151,-0.1675,0.0950,0.9813,,0.0000,0.0000,0.0000
14.6859,Combined,-2.1596,1.5471,14.5151,-0.0626,0.0564,0.9964,,0.0000,0.0000,0.0000
14.7699,Left,-1.7007,1.5405,14.5445,-0.1171,0.0941,0.9886,,0.0000,0.0000,0.0000
14.7699,Right,-2.1597,1.5471,14.5151,-0.1697,0.0951,0.9809,,0.0000,0.0000,0.0000
14.7699,Combined,-2.1597,1.5471,14.5151,-0.0628,0.0573,0.9964,,0.0000,0.0000,0.0000
14.8401,Left,-1.7007,1.5408,14.5440,-0.1159,0.0920,0.9890,,0.0000,0.0000,0.0000
14.8401,Right,-2.1597,1.5471,14.5151,-0.1686,0.0929,0.9813,,0.0000,0.0000,0.0000
14.8401,Combined,-2.1597,1.5471,14.5151,-0.0620,0.0579,0.9964,,0.0000,0.0000,0.0000
14.9088,Left,-1.7007,1.5408,14.5439,-0.1166,0.0985,0.9883,,0.0000,0.0000,0.0000
14.9088,Right,-2.1597,1.5471,14.5151,-0.1692,0.0994,0.9806,,0.0000,0.0000,0.0000
14.9088,Combined,-2.1597,1.5471,14.5151,-0.0616,0.0584,0.9964,,0.0000,0.0000,0.0000
14.9796,Left,-1.7004,1.5403,14.5431,-0.1133,0.0958,0.9889,,0.0000,0.0000,0.0000
14.9796,Right,-2.1595,1.5471,14.5152,-0.1660,0.0968,0.9814,,0.0000,0.0000,0.0000
14.9796,Combined,-2.1595,1.5471,14.5152,-0.0598,0.0593,0.9964,,0.0000,0.0000,0.0000
15.0415,Left,-1.6994,1.5392,14.5391,0.1462,0.0981,0.9844,,0.0000,0.0000,0.0000
15.0415,Right,-2.1587,1.5472,14.5153,0.0941,0.0986,0.9907,,0.0000,0.0000,0.0000
15.0415,Combined,-2.1587,1.5472,14.5153,-0.0506,0.0612,0.9968,,0.0000,0.0000,0.0000
15.1226,Left,-1.6972,1.5383,14.5303,0.3153,0.0988,0.9438,,0.0000,0.0000,0.0000
15.1226,Right,-2.1569,1.5472,14.5153,0.2672,0.0992,0.9585,,0.0000,0.0000,0.0000
15.1226,Combined,-2.1569,1.5472,14.5153,-0.0312,0.0617,0.9976,,0.0000,0.0000,0.0000
15.1853,Left,-1.6939,1.5375,14.5159,0.3325,0.0978,0.9380,,0.0000,0.0000,0.0000
15.1853,Right,-2.1538,1.5470,14.5154,0.2844,0.0983,0.9537,,0.0000,0.0000,0.0000
15.1853,Combined,-2.1538,1.5470,14.5154,0.0002,0.0613,0.9981,,0.0000,0.0000,0.0000
15.2405,Left,-1.6914,1.5365,14.5030,0.3390,0.0939,0.9361,,0.0000,0.0000,0.0000
15.2405,Right,-2.1511,1.5469,14.5153,0.2906,0.0944,0.9522,item 1,-0.0183,2.2397,21.5024
15.2405,Combined,-2.1511,1.5469,14.5153,0.0282,0.0607,0.9978,,0.0000,0.0000,0.0000
15.3123,Left,-1.6922,1.5354,14.5218,0.3323,0.0932,0.9386,,0.0000,0.0000,0.0000
15.3123,Right,-2.1516,1.5470,14.5426,0.2835,0.0939,0.9544,item 1,-0.0845,2.2318,21.5024
15.3123,Combined,-2.1516,1.5470,14.5426,0.0467,0.0608,0.9971,,0.0000,0.0000,0.0000
15.3806,Left,-1.7082,1.5337,14.7530,0.3290,0.0895,0.9401,,0.0000,0.0000,0.0000
15.3806,Right,-2.1670,1.5470,14.7827,0.2797,0.0904,0.9558,item 1,-0.2004,2.1823,21.5024
15.3806,Combined,-2.1670,1.5470,14.7827,0.0660,0.0604,0.9960,,0.0000,0.0000,0.0000
15.4382,Left,-1.6810,1.5325,15.1729,0.3267,0.0856,0.9412,,0.0000,0.0000,0.0000
15.4382,Right,-2.1393,1.5469,15.2099,0.2771,0.0867,0.9569,item 1,-0.3170,2.1169,21.5024
15.4382,Combined,-2.1393,1.5469,15.2099,0.0821,0.0589,0.9949,,0.0000,0.0000,0.0000
15.5237,Left,-1.6366,1.5323,15.6178,0.3256,0.0845,0.9417,item 1,0.3981,2.0606,21.5024
15.5237,Right,-2.0944,1.5468,15.6604,0.2759,0.0857,0.9574,item 1,-0.4109,2.0696,21.5024
15.5237,Combined,-2.0944,1.5468,15.6604,0.0944,0.0581,0.9938,,0.0000,0.0000,0.0000
15.6047,Left,-1.5784,1.5323,16.2118,0.3076,0.0846,0.9477,item 1,0.1389,2.0048,21.5024
15.6047,Right,-2.0357,1.5468,16.2598,0.2573,0.0858,0.9625,item 1,-0.4500,2.0759,22.1923
15.6047,Combined,-2.0357,1.5468,16.2598,0.1061,0.0587,0.9926,,0.0000,0.0000,0.0000
15.7029,Left,-1.5103,1.5316,16.8359,0.3455,0.0856,0.9345,item 1,0.2149,1.9590,21.5024
15.7029,Right,-1.9670,1.5467,16.8890,0.2961,0.0868,0.9512,item 1,-0.4500,1.9913,21.7631
15.7029,Combined,-1.9670,1.5467,16.8890,0.1173,0.0585,0.9914,,0.0000,0.0000,0.0000
15.7778,Left,-1.4440,1.5310,17.4975,0.3735,0.0858,0.9236,item 1,0.1758,1.9031,21.5024
15.7778,Right,-1.9001,1.5467,17.5549,0.3249,0.0870,0.9417,item 1,-0.4500,1.9350,21.7582
15.7778,Combined,-1.9001,1.5467,17.5549,0.1268,0.0578,0.9902,,0.0000,0.0000,0.0000
15.8530,Left,-1.3818,1.5304,18.0464,0.3838,0.0861,0.9194,item 1,0.0611,1.8541,21.5024
15.8530,Right,-1.8374,1.5466,18.1077,0.3354,0.0874,0.9380,item 1,-0.4500,1.9079,21.9874
15.8530,Combined,-1.8374,1.5466,18.1077,0.1352,0.0572,0.9892,,0.0000,0.0000,0.0000
15.9242,Left,-1.3200,1.5297,18.5892,0.4073,0.0915,0.9087,item 1,-0.0144,1.8231,21.5024
15.9242,Right,-1.7751,1.5466,18.6538,0.3596,0.0929,0.9285,item 1,-0.4500,1.8888,22.0750
15.9242,Combined,-1.7751,1.5466,18.6538,0.1422,0.0567,0.9882,,0.0000,0.0000,0.0000
15.9824,Left,-1.2654,1.5292,19.0828,0.4150,0.0962,0.9047,item 1,-0.1556,1.7866,21.5024
15.9824,Right,-1.7203,1.5466,19.1492,0.3676,0.0977,0.9248,item 1,-0.4500,1.8842,22.3453
15.9824,Combined,-1.7203,1.5466,19.1492,0.1463,0.0569,0.9876,,0.0000,0.0000,0.0000
16.0513,Left,-1.2049,1.5289,19.5382,0.4294,0.0981,0.8978,item 1,-0.2655,1.7436,21.5024
16.0513,Right,-1.6596,1.5467,19.6055,0.3825,0.0996,0.9186,,0.0000,0.0000,0.0000
16.0513,Combined,-1.6596,1.5467,19.6055,0.1483,0.0577,0.9873,,0.0000,0.0000,0.0000
16.1190,Left,-1.1059,1.5284,20.0338,0.4460,0.1021,0.8892,item 1,-0.3692,1.6971,21.5024
16.1190,Right,-1.5604,1.5467,20.1024,0.3998,0.1037,0.9107,,0.0000,0.0000,0.0000
16.1190,Combined,-1.5604,1.5467,20.1024,0.1511,0.0584,0.9868,,0.0000,0.0000,0.0000
16.1751,Left,-0.9941,1.5282,20.4096,0.4661,0.1027,0.8787,item 1,-0.4144,1.6559,21.5024
16.1751,Right,-1.4484,1.5467,20.4799,0.4207,0.1043,0.9012,,0.0000,0.0000,0.0000
16.1751,Combined,-1.4484,1.5467,20.4799,0.1550,0.0591,0.9861,,0.0000,0.0000,0.0000
16.2439,Left,-0.9702,1.5282,20.4831,0.4839,0.1046,0.8689,item 1,-0.4026,1.6509,21.5024
16.2439,Right,-1.4243,1.5467,20.5546,0.4391,0.1062,0.8921,,0.0000,0.0000,0.0000
16.2439,Combined,-1.4243,1.5467,20.5546,0.1578,0.0604,0.9856,,0.0000,0.0000,0.0000
16.3140,Left,-0.9544,1.5280,20.5310,0.5887,0.1310,0.7977,item 1,-0.2374,1.6876,21.5024
16.3140,Right,-1.4082,1.5468,20.6039,0.5495,0.1331,0.8248,item 1,-0.4500,1.7789,22.0421
16.3140,Combined,-1.4082,1.5468,20.6039,0.1609,0.0614,0.9851,,0.0000,0.0000,0.0000
16.3714,Left,-0.9451,1.5277,20.5586,0.6131,0.1372,0.7780,item 1,-0.2013,1.6942,21.5024
16.3714,Right,-1.3987,1.5468,20.6326,0.5754,0.1394,0.8059,item 1,-0.4500,1.7767,21.9613
16.3714,Combined,-1.3987,1.5468,20.6326,0.1631,0.0623,0.9846,,0.0000,0.0000,0.0000
16.4529,Left,-0.8726,1.5275,20.6232,0.6290,0.1399,0.7647,item 1,-0.1496,1.6883,21.5024
16.4529,Right,-1.3262,1.5469,20.6974,0.5923,0.1422,0.7931,item 1,-0.4500,1.7573,21.8708
16.4529,Combined,-1.3262,1.5469,20.6974,0.1637,0.0626,0.9845,,0.0000,0.0000,0.0000
16.5241,Left,-0.7802,1.5273,20.6864,0.6436,0.1512,0.7503,item 1,-0.0802,1.6918,21.5024
16.5241,Right,-1.2338,1.5469,20.7603,0.6079,0.1539,0.7789,item 1,-0.4500,1.7454,21.7646
16.5241,Combined,-1.2338,1.5469,20.7603,0.1632,0.0633,0.9846,,0.0000,0.0000,0.0000
16.5945,Left,-0.7462,1.5276,20.6538,0.6914,0.1530,0.7060,item 1,0.0849,1.7115,21.5024
16.5945,Right,-1.1999,1.5470,20.7273,0.6592,0.1558,0.7357,item 1,-0.4500,1.7242,21.5643
16.5945,Combined,-1.1999,1.5470,20.7273,0.1624,0.0651,0.9846,,0.0000,0.0000,0.0000
16.6617,Left,-0.6883,1.5278,20.6038,0.6914,0.1518,0.7063,item 1,0.1914,1.7210,21.5024
16.6617,Right,-1.1420,1.5470,20.6772,0.6591,0.1546,0.7360,item 1,-0.4029,1.7203,21.5024
16.6617,Combined,-1.1420,1.5470,20.6772,0.1622,0.0659,0.9846,,0.0000,0.0000,0.0000
16.7199,Left,-0.5984,1.5278,20.5394,0.6754,0.1551,0.7210,item 1,0.3037,1.7350,21.5024
16.7199,Right,-1.0521,1.5471,20.6131,0.6419,0.1579,0.7503,item 1,-0.2912,1.7342,21.5024
16.7199,Combined,-1.0521,1.5471,20.6131,0.1627,0.0662,0.9845,,0.0000,0.0000,0.0000
16.7869,Left,-0.4544,1.5277,20.4626,0.6528,0.1579,0.7409,,0.0000,0.0000,0.0000
16.7869,Right,-0.9081,1.5470,20.5364,0.6178,0.1607,0.7697,item 1,-0.1327,1.7488,21.5024
16.7869,Combined,-0.9081,1.5470,20.5364,0.1629,0.0660,0.9844,,0.0000,0.0000,0.0000
16.8565,Left,-0.2433,1.5277,20.4007,0.6225,0.1656,0.7649,,0.0000,0.0000,0.0000
16.8565,Right,-0.6969,1.5471,20.4747,0.5856,0.1686,0.7929,item 1,0.0621,1.7656,21.5024
16.8565,Combined,-0.6969,1.5471,20.4747,0.1634,0.0658,0.9844,item 1,-0.4500,1.6465,21.9626
16.9137,Left,-0.1976,1.5277,20.3940,0.5962,0.1668,0.7853,,0.0000,0.0000,0.0000
16.9137,Right,-0.6512,1.5470,20.4683,0.5576,0.1697,0.8125,item 1,0.0586,1.7631,21.5024
16.9137,Combined,-0.6512,1.5470,20.4683,0.1640,0.0654,0.9843,item 1,-0.4500,1.6273,21.6757
16.9818,Left,-0.1601,1.5277,20.3898,0.5682,0.1645,0.8063,,0.0000,0.0000,0.0000
16.9818,Right,-0.6136,1.5470,20.4643,0.5280,0.1673,0.8326,item 1,0.0447,1.7557,21.5024
16.9818,Combined,-0.6136,1.5470,20.4643,0.1643,0.0653,0.9842,item 1,-0.4403,1.6158,21.5024
17.0509,Left,-0.1343,1.5279,20.3880,0.5386,0.1646,0.8263,,0.0000,0.0000,0.0000
17.0509,Right,-0.5878,1.5470,20.4625,0.4968,0.1674,0.8515,item 1,0.0190,1.7515,21.5024
17.0509,Combined,-0.5878,1.5470,20.4625,0.1644,0.0651,0.9842,item 1,-0.4141,1.6159,21.5024
17.1067,Left,-0.1189,1.5276,20.3873,0.5079,0.1655,0.8454,,0.0000,0.0000,0.0000
17.1067,Right,-0.5725,1.5470,20.4617,0.4645,0.1683,0.8694,item 1,-0.0164,1.7485,21.5024
17.1067,Combined,-0.5725,1.5470,20.4617,0.1642,0.0647,0.9843,item 1,-0.3988,1.6154,21.5024
17.1797,Left,-0.1062,1.5274,20.3870,0.4816,0.1707,0.8596,,0.0000,0.0000,0.0000
17.1797,Right,-0.5597,1.5470,20.4611,0.4371,0.1735,0.8825,item 1,-0.0439,1.7517,21.5024
17.1797,Combined,-0.5597,1.5470,20.4611,0.1637,0.0647,0.9844,item 1,-0.3865,1.6154,21.5024
17.2483,Left,-0.1062,1.5278,20.3873,0.4536,0.1718,0.8745,,0.0000,0.0000,0.0000
17.2483,Right,-0.5598,1.5471,20.4610,0.4080,0.1746,0.8961,item 1,-0.0857,1.7500,21.5024
17.2483,Combined,-0.5598,1.5471,20.4610,0.1627,0.0651,0.9845,item 1,-0.3877,1.6159,21.5024
17.2999,Left,-0.1064,1.5273,20.3867,0.3692,0.1525,0.9168,item 1,0.3429,1.7129,21.5024
17.2999,Right,-0.5600,1.5471,20.4606,0.3204,0.1549,0.9345,item 1,-0.2028,1.7198,21.5024
17.2999,Combined,-0.5600,1.5471,20.4606,0.1632,0.0665,0.9843,item 1,-0.3872,1.6174,21.5024
17.3704,Left,-0.1070,1.5271,20.3852,0.3639,0.1539,0.9186,item 1,0.3356,1.7143,21.5024
17.3704,Right,-0.5604,1.5472,20.4601,0.3149,0.1564,0.9361,item 1,-0.2098,1.7213,21.5024
17.3704,Combined,-0.5604,1.5472,20.4601,0.1657,0.0686,0.9838,item 1,-0.3848,1.6199,21.5024
17.4394,Left,-0.1080,1.5299,20.3844,0.3534,0.1502,0.9234,item 1,0.3198,1.7117,21.5024
17.4394,Right,-0.5615,1.5474,20.4596,0.3040,0.1524,0.9404,item 1,-0.2243,1.7164,21.5024
17.4394,Combined,-0.5615,1.5474,20.4596,0.1660,0.0711,0.9836,item 1,-0.3855,1.6228,21.5024
17.4965,Left,-0.1088,1.5329,20.3865,0.3462,0.1523,0.9257,item 1,0.3085,1.7165,21.5024
17.4965,Right,-0.5628,1.5475,20.4591,0.2967,0.1541,0.9425,item 1,-0.2343,1.7181,21.5024
17.4965,Combined,-0.5628,1.5475,20.4591,0.1598,0.0725,0.9845,item 1,-0.3934,1.6243,21.5024
17.5804,Left,-0.1091,1.5326,20.3884,0.3471,0.1479,0.9261,item 1,0.3084,1.7105,21.5024
17.5804,Right,-0.5634,1.5476,20.4589,0.2976,0.1497,0.9429,item 1,-0.2340,1.7133,21.5024
17.5804,Combined,-0.5634,1.5476,20.4589,0.1554,0.0747,0.9850,item 1,-0.3988,1.6268,21.5024
17.6502,Left,-0.1089,1.5336,20.3883,0.3491,0.1483,0.9253,item 1,0.3114,1.7122,21.5024
17.6502,Right,-0.5633,1.5477,20.4586,0.2997,0.1501,0.9422,item 1,-0.2313,1.7140,21.5024
17.6502,Combined,-0.5633,1.5477,20.4586,0.1547,0.0753,0.9851,item 1,-0.3994,1.6275,21.5024
17.7201,Left,-0.1083,1.5348,20.3868,0.3562,0.1533,0.9218,item 1,0.3228,1.7203,21.5024
17.7201,Right,-0.5624,1.5478,20.4590,0.3070,0.1550,0.9390,item 1,-0.2213,1.7200,21.5024
17.7201,Combined,-0.5624,1.5478,20.4590,0.1585,0.0775,0.9843,item 1,-0.3944,1.6300,21.5024
17.7919,Left,-0.1072,1.5349,20.3854,0.3567,0.1478,0.9225,item 1,0.3248,1.7138,21.5024
17.7919,Right,-0.5609,1.5478,20.4597,0.3074,0.1494,0.9398,item 1,-0.2198,1.7135,21.5024
17.7919,Combined,-0.5609,1.5478,20.4597,0.1634,0.0767,0.9836,item 1,-0.3877,1.6291,21.5024
17.8436,Left,-0.1059,1.5343,20.3842,0.3541,0.1408,0.9245,item 1,0.3225,1.7046,21.5024
17.8436,Right,-0.5593,1.5477,20.4606,0.3048,0.1424,0.9417,item 1,-0.2221,1.7052,21.5024
17.8436,Combined,-0.5593,1.5477,20.4606,0.1677,0.0737,0.9831,item 1,-0.3815,1.6258,21.5024
17.9207,Left,-0.1048,1.5347,20.3832,0.3323,0.0538,0.9416,item 1,0.2902,1.5986,21.5024
17.9207,Right,-0.5580,1.5477,20.4613,0.2817,0.0547,0.9580,item 1,-0.2518,1.6071,21.5024
17.9207,Combined,-0.5580,1.5477,20.4613,0.1714,0.0732,0.9825,item 1,-0.3763,1.6252,21.5024
18.0124,Left,-0.1032,1.5350,20.3817,0.3292,0.0563,0.9426,item 1,0.2882,1.6019,21.5024
18.0124,Right,-0.5560,1.5475,20.4621,0.2785,0.0572,0.9587,item 1,-0.2538,1.6095,21.5024
18.0124,Combined,-0.5560,1.5475,20.4621,0.1764,0.0713,0.9817,item 1,-0.3690,1.6230,21.5024
18.0980,Left,-0.1018,1.5344,20.3806,0.3276,0.0556,0.9432,item 1,0.2879,1.6006,21.5024
18.0980,Right,-0.5542,1.5474,20.4625,0.2769,0.0566,0.9592,item 1,-0.2541,1.6087,21.5024
18.0980,Combined,-0.5542,1.5474,20.4625,0.1797,0.0700,0.9812,item 1,-0.3638,1.6215,21.5024
18.1669,Left,-0.1004,1.5334,20.3797,0.3281,0.0574,0.9429,item 1,0.2902,1.6017,21.5024
18.1669,Right,-0.5527,1.5474,20.4624,0.2773,0.0585,0.9590,item 1,-0.2520,1.6109,21.5024
18.1669,Combined,-0.5527,1.5474,20.4624,0.1816,0.0702,0.9809,item 1,-0.3602,1.6218,21.5024
18.2349,Left,-0.0996,1.5323,20.3790,0.3271,0.0591,0.9432,item 1,0.2899,1.6027,21.5024
18.2349,Right,-0.5518,1.5475,20.4621,0.2763,0.0603,0.9592,item 1,-0.2522,1.6129,21.5024
18.2349,Combined,-0.5518,1.5475,20.4621,0.1827,0.0722,0.9805,item 1,-0.3579,1.6241,21.5024
18.3040,Left,-0.0991,1.5315,20.3785,0.3269,0.0597,0.9432,item 1,0.2904,1.6027,21.5024
18.3040,Right,-0.5512,1.5475,20.4617,0.2761,0.0611,0.9592,item 1,-0.2517,1.6138,21.5024
18.3040,Combined,-0.5512,1.5475,20.4617,0.1831,0.0735,0.9803,item 1,-0.3568,1.6256,21.5024
18.3601,Left,-0.0989,1.5311,20.3781,0.3237,0.0587,0.9443,item 1,0.2865,1.6009,21.5024
18.3601,Right,-0.5510,1.5476,20.4615,0.2728,0.0601,0.9602,item 1,-0.2552,1.6127,21.5024
18.3601,Combined,-0.5510,1.5476,20.4615,0.1835,0.0755,0.9801,item 1,-0.3561,1.6277,21.5024
18.4310,Left,-0.0985,1.5313,20.3775,0.3266,0.0620,0.9431,item 1,0.2911,1.6052,21.5024
18.4310,Right,-0.5505,1.5476,20.4614,0.2758,0.0634,0.9591,item 1,-0.2511,1.6165,21.5024
18.4310,Combined,-0.5505,1.5476,20.4614,0.1846,0.0783,0.9797,item 1,-0.3544,1.6308,21.5024
18.5333,Left,-0.0965,1.5323,20.3749,0.3262,0.0675,0.9429,item 1,0.2936,1.6130,21.5024
18.5333,Right,-0.5479,1.5480,20.4620,0.2753,0.0689,0.9589,item 1,-0.2492,1.6228,21.5024
18.5333,Combined,-0.5479,1.5480,20.4620,0.1916,0.0881,0.9775,item 1,-0.3441,1.6418,21.5024
18.6193,Left,-0.0925,1.5346,20.3719,0.3277,0.0714,0.9421,item 1,0.3007,1.6203,21.5024
18.6193,Right,-0.5428,1.5485,20.4646,0.2767,0.0727,0.9582,item 1,-0.2432,1.6273,21.5024
18.6193,Combined,-0.5428,1.5485,20.4646,0.2037,0.1036,0.9735,item 1,-0.3257,1.6590,21.5024
18.6935,Left,-0.0874,1.5362,20.3707,0.3271,0.0619,0.9429,item 1,0.3052,1.6105,21.5024
18.6935,Right,-0.5366,1.5489,20.4690,0.2759,0.0631,0.9591,item 1,-0.2393,1.6169,21.5024
18.6935,Combined,-0.5366,1.5489,20.4690,0.2155,0.1154,0.9697,item 1,-0.3070,1.6719,21.5024
18.7640,Left,-0.0809,1.5373,20.3713,0.3306,0.0434,0.9428,item 1,0.3157,1.5894,21.5024
18.7640,Right,-0.5287,1.5495,20.4761,0.2791,0.0444,0.9592,item 1,-0.2301,1.5970,21.5024
18.7640,Combined,-0.5287,1.5495,20.4761,0.2294,0.1293,0.9647,item 1,-0.2847,1.6870,21.5024
18.8353,Left,-0.0752,1.5373,20.3721,0.2756,-0.0229,0.9610,item 1,0.2489,1.5103,21.5024
18.8353,Right,-0.5214,1.5499,20.4834,0.2225,-0.0215,0.9747,item 1,-0.2888,1.5274,21.5024
18.8353,Combined,-0.5214,1.5499,20.4834,0.2432,0.1409,0.9597,item 1,-0.2631,1.6995,21.5024
18.8903,Left,-0.0699,1.5365,20.3746,0.2885,0.0579,0.9557,item 1,0.2705,1.6049,21.5024
18.8903,Right,-0.5148,1.5503,20.4907,0.2361,0.0595,0.9699,item 1,-0.2685,1.6123,21.5024
18.8903,Combined,-0.5148,1.5503,20.4907,0.2540,0.1518,0.9552,item 1,-0.2457,1.7111,21.5024
18.9708,Left,-0.0657,1.5350,20.3787,0.3367,0.1005,0.9362,item 1,0.3385,1.6556,21.5024
18.9708,Right,-0.5099,1.5501,20.4971,0.2855,0.1022,0.9529,item 1,-0.2087,1.6579,21.5024
18.9708,Combined,-0.5099,1.5501,20.4971,0.2594,0.1534,0.9535,item 1,-0.2365,1.7119,21.5024
19.0563,Left,-0.0617,1.5321,20.3840,0.3225,0.1040,0.9408,item 1,0.3216,1.6557,21.5024
19.0563,Right,-0.5053,1.5497,20.5045,0.2710,0.1059,0.9567,item 1,-0.2227,1.6602,21.5024
19.0563,Combined,-0.5053,1.5497,20.5045,0.2648,0.1536,0.9520,item 1,-0.2278,1.7106,21.5024
19.1273,Left,-0.0597,1.5324,20.3875,0.3143,0.0996,0.9441,item 1,0.3115,1.6500,21.5024
19.1273,Right,-0.5027,1.5498,20.5102,0.2626,0.1016,0.9595,item 1,-0.2311,1.6548,21.5024
19.1273,Combined,-0.5027,1.5498,20.5102,0.2693,0.1574,0.9501,item 1,-0.2215,1.7142,21.5024
19.1957,Left,-0.0583,1.5345,20.3891,0.3190,0.1037,0.9421,item 1,0.3187,1.6571,21.5024
19.1957,Right,-0.5006,1.5501,20.5146,0.2673,0.1055,0.9578,item 1,-0.2249,1.6589,21.5024
19.1957,Combined,-0.5006,1.5501,20.5146,0.2746,0.1607,0.9481,item 1,-0.2145,1.7175,21.5024
19.2536,Left,-0.0569,1.5356,20.3902,0.3223,0.0957,0.9418,item 1,0.3238,1.6485,21.5024
19.2536,Right,-0.4984,1.5499,20.5185,0.2707,0.0974,0.9577,item 1,-0.2203,1.6499,21.5024
19.2536,Combined,-0.4984,1.5499,20.5185,0.2801,0.1579,0.9469,item 1,-0.2073,1.7140,21.5024
19.3337,Left,-0.0558,1.5345,20.3913,0.3216,0.0931,0.9423,item 1,0.3234,1.6444,21.5024
19.3337,Right,-0.4969,1.5495,20.5212,0.2700,0.0949,0.9582,item 1,-0.2204,1.6467,21.5024
19.3337,Combined,-0.4969,1.5495,20.5212,0.2840,0.1538,0.9464,item 1,-0.2024,1.7090,21.5024
19.4046,Left,-0.0544,1.5325,20.3935,0.3159,0.0946,0.9440,item 1,0.3167,1.6436,21.5024
19.4046,Right,-0.4951,1.5486,20.5244,0.2643,0.0965,0.9596,item 1,-0.2258,1.6469,21.5024
19.4046,Combined,-0.4951,1.5486,20.5244,0.2866,0.1478,0.9466,item 1,-0.1990,1.7012,21.5024
19.4890,Left,-0.0534,1.5307,20.3953,0.3137,0.0945,0.9448,item 1,0.3141,1.6414,21.5024
19.4890,Right,-0.4940,1.5479,20.5262,0.2620,0.0965,0.9602,item 1,-0.2277,1.6460,21.5024
19.4890,Combined,-0.4940,1.5479,20.5262,0.2870,0.1424,0.9473,item 1,-0.1982,1.6947,21.5024
19.5688,Left,-0.0527,1.5278,20.3963,0.3162,0.0939,0.9440,item 1,0.3178,1.6378,21.5024
19.5688,Right,-0.4932,1.5472,20.5272,0.2646,0.0961,0.9596,item 1,-0.2244,1.6449,21.5024
19.5688,Combined,-0.4932,1.5472,20.5272,0.2877,0.1376,0.9478,item 1,-0.1972,1.6888,21.5024
19.6437,Left,-0.0528,1.5270,20.3961,0.3139,0.0988,0.9443,item 1,0.3150,1.6427,21.5024
19.6437,Right,-0.4932,1.5470,20.5274,0.2623,0.1011,0.9597,item 1,-0.2267,1.6498,21.5024
19.6437,Combined,-0.4932,1.5470,20.5274,0.2886,0.1369,0.9476,item 1,-0.1962,1.6879,21.5024
19.7394,Left,-0.0533,1.5278,20.3955,0.3108,0.0722,0.9477,item 1,0.3097,1.6121,21.5024
19.7394,Right,-0.4937,1.5471,20.5270,0.2589,0.0745,0.9630,item 1,-0.2314,1.6225,21.5024
19.7394,Combined,-0.4937,1.5471,20.5270,0.2890,0.1368,0.9475,item 1,-0.1962,1.6879,21.5024
19.8225,Left,-0.0537,1.5274,20.3947,0.3029,0.0513,0.9516,item 1,0.2988,1.5871,21.5024
19.8225,Right,-0.4940,1.5471,20.5264,0.2508,0.0537,0.9666,item 1,-0.2408,1.6013,21.5024
19.8225,Combined,-0.4940,1.5471,20.5264,0.2896,0.1360,0.9474,item 1,-0.1957,1.6872,21.5024
19.8920,Left,-0.0540,1.5271,20.3941,0.3030,0.0501,0.9517,item 1,0.2988,1.5855,21.5024
19.8920,Right,-0.4943,1.5470,20.5259,0.2509,0.0525,0.9666,item 1,-0.2408,1.6001,21.5024
19.8920,Combined,-0.4943,1.5470,20.5259,0.2898,0.1352,0.9475,item 1,-0.1956,1.6863,21.5024
19.9630,Left,-0.0544,1.5267,20.3932,0.3037,0.0533,0.9513,item 1,0.2998,1.5888,21.5024
19.9630,Right,-0.4944,1.5470,20.5256,0.2517,0.0557,0.9662,item 1,-0.2400,1.6033,21.5024
19.9630,Combined,-0.4944,1.5470,20.5256,0.2912,0.1356,0.9470,item 1,-0.1941,1.6869,21.5024
20.0294,Left,-0.0548,1.5275,20.3929,0.3063,0.0496,0.9506,item 1,0.3028,1.5854,21.5024
20.0294,Right,-0.4948,1.5472,20.5255,0.2543,0.0520,0.9657,item 1,-0.2376,1.5998,21.5024
20.0294,Combined,-0.4948,1.5472,20.5255,0.2913,0.1365,0.9468,item 1,-0.1942,1.6880,21.5024
20.0860,Left,-0.0550,1.5276,20.3931,0.3009,0.0513,0.9523,item 1,0.2956,1.5873,21.5024
20.0860,Right,-0.4951,1.5471,20.5255,0.2488,0.0536,0.9671,item 1,-0.2438,1.6013,21.5024
20.0860,Combined,-0.4951,1.5471,20.5255,0.2909,0.1360,0.9470,item 1,-0.1951,1.6874,21.5024
20.1566,Left,-0.0550,1.5274,20.3935,0.3018,0.0499,0.9521,item 1,0.2965,1.5856,21.5024
20.1566,Right,-0.4952,1.5469,20.5256,0.2497,0.0523,0.9669,item 1,-0.2430,1.5997,21.5024
20.1566,Combined,-0.4952,1.5469,20.5256,0.2902,0.1346,0.9474,item 1,-0.1960,1.6857,21.5024
20.2260,Left,-0.0550,1.5273,20.3928,0.3350,0.0768,0.9391,item 1,0.3408,1.6180,21.5024
20.2260,Right,-0.4950,1.5467,20.5256,0.2836,0.0790,0.9557,item 1,-0.2051,1.6275,21.5024
20.2260,Combined,-0.4950,1.5467,20.5256,0.2917,0.1331,0.9472,item 1,-0.1942,1.6840,21.5024
20.2816,Left,-0.0548,1.5274,20.3919,0.3369,0.1222,0.9336,item 1,0.3460,1.6728,21.5024
20.2816,Right,-0.4945,1.5466,20.5256,0.2859,0.1245,0.9501,item 1,-0.2006,1.6745,21.5024
20.2816,Combined,-0.4945,1.5466,20.5256,0.2936,0.1318,0.9468,item 1,-0.1916,1.6825,21.5024
20.3526,Left,-0.0545,1.5267,20.3915,0.3400,0.1245,0.9322,item 1,0.3506,1.6751,21.5024
20.3526,Right,-0.4941,1.5464,20.5256,0.2891,0.1268,0.9489,item 1,-0.1965,1.6770,21.5024
20.3526,Combined,-0.4941,1.5464,20.5256,0.2945,0.1309,0.9466,item 1,-0.1902,1.6815,21.5024
20.4208,Left,-0.0542,1.5258,20.3913,0.3350,0.1196,0.9346,item 1,0.3441,1.6679,21.5024
20.4208,Right,-0.4937,1.5462,20.5256,0.2840,0.1219,0.9510,item 1,-0.2020,1.6715,21.5024
20.4208,Combined,-0.4937,1.5462,20.5256,0.2953,0.1298,0.9466,item 1,-0.1890,1.6802,21.5024
20.4773,Left,-0.0540,1.5255,20.3904,0.3330,0.1217,0.9350,item 1,0.3420,1.6702,21.5024
20.4773,Right,-0.4932,1.5461,20.5254,0.2819,0.1241,0.9514,item 1,-0.2037,1.6735,21.5024
20.4773,Combined,-0.4932,1.5461,20.5254,0.2969,0.1291,0.9461,item 1,-0.1866,1.6794,21.5024
20.5495,Left,-0.0539,1.5253,20.3898,0.3353,0.1224,0.9341,item 1,0.3454,1.6710,21.5024
20.5495,Right,-0.4930,1.5461,20.5254,0.2843,0.1248,0.9506,item 1,-0.2008,1.6744,21.5024
20.5495,Combined,-0.4930,1.5461,20.5254,0.2982,0.1283,0.9458,item 1,-0.1850,1.6786,21.5024
20.6304,Left,-0.0538,1.5253,20.3897,0.3366,0.1246,0.9333,item 1,0.3475,1.6739,21.5024
20.6304,Right,-0.4929,1.5460,20.5252,0.2857,0.1271,0.9499,item 1,-0.1990,1.6768,21.5024
20.6304,Combined,-0.4929,1.5460,20.5252,0.2981,0.1275,0.9460,item 1,-0.1849,1.6777,21.5024
20.6999,Left,-0.0537,1.5251,20.3896,0.3360,0.1228,0.9338,item 1,0.3467,1.6715,21.5024
20.6999,Right,-0.4929,1.5460,20.5249,0.2850,0.1252,0.9503,item 1,-0.1997,1.6748,21.5024
20.6999,Combined,-0.4929,1.5460,20.5249,0.2976,0.1264,0.9463,item 1,-0.1854,1.6766,21.5024
20.7851,Left,-0.0539,1.5250,20.3892,0.3366,0.1223,0.9337,item 1,0.3474,1.6709,21.5024
20.7851,Right,-0.4931,1.5459,20.5245,0.2856,0.1247,0.9502,item 1,-0.1991,1.6743,21.5024
20.7851,Combined,-0.4931,1.5459,20.5245,0.2975,0.1258,0.9464,item 1,-0.1857,1.6759,21.5024
20.8670,Left,-0.0543,1.5259,20.3894,0.3325,0.1238,0.9349,item 1,0.3415,1.6733,21.5024
20.8670,Right,-0.4938,1.5460,20.5238,0.2815,0.1261,0.9512,item 1,-0.2042,1.6757,21.5024
20.8670,Combined,-0.4938,1.5460,20.5238,0.2953,0.1256,0.9471,item 1,-0.1886,1.6757,21.5024
20.9368,Left,-0.0547,1.5272,20.3896,0.3299,0.1259,0.9356,item 1,0.3377,1.6770,21.5024
20.9368,Right,-0.4945,1.5461,20.5230,0.2788,0.1281,0.9518,item 1,-0.2076,1.6779,21.5024
20.9368,Combined,-0.4945,1.5461,20.5230,0.2930,0.1259,0.9478,item 1,-0.1918,1.6762,21.5024
21.0071,Left,-0.0550,1.5282,20.3889,0.3340,0.1260,0.9341,item 1,0.3431,1.6784,21.5024
21.0071,Right,-0.4949,1.5463,20.5223,0.2830,0.1281,0.9505,item 1,-0.2031,1.6783,21.5024
21.0071,Combined,-0.4949,1.5463,20.5223,0.2925,0.1260,0.9479,item 1,-0.1925,1.6765,21.5024
21.0756,Left,-0.0554,1.5287,20.3882,0.3362,0.1262,0.9333,item 1,0.3460,1.6793,21.5024
21.0756,Right,-0.4953,1.5466,20.5213,0.2853,0.1282,0.9498,item 1,-0.2007,1.6790,21.5024
21.0756,Combined,-0.4953,1.5466,20.5213,0.2920,0.1264,0.9480,item 1,-0.1932,1.6774,21.5024
21.1313,Left,-0.0560,1.5288,20.3881,0.3345,0.1256,0.9340,item 1,0.3430,1.6787,21.5024
21.1313,Right,-0.4964,1.5470,20.5199,0.2835,0.1277,0.9504,item 1,-0.2033,1.6790,21.5024
21.1313,Combined,-0.4964,1.5470,20.5199,0.2893,0.1286,0.9486,item 1,-0.1967,1.6802,21.5024
21.2027,Left,-0.0568,1.5300,20.3883,0.2934,0.0945,0.9513,item 1,0.2867,1.6406,21.5024
21.2027,Right,-0.4977,1.5477,20.5184,0.2414,0.0966,0.9656,item 1,-0.2517,1.6462,21.5024
21.2027,Combined,-0.4977,1.5477,20.5184,0.2854,0.1338,0.9490,item 1,-0.2018,1.6864,21.5024
21.2854,Left,-0.0581,1.5314,20.3882,0.3301,-0.1557,0.9310,item 1,0.3369,1.3451,21.5024
21.2854,Right,-0.4998,1.5488,20.5155,0.2770,-0.1542,0.9484,item 1,-0.2116,1.3883,21.5024
21.2854,Combined,-0.4998,1.5488,20.5155,0.2792,0.1425,0.9496,item 1,-0.2096,1.6969,21.5024
21.3556,Left,-0.0597,1.5321,20.3874,0.3265,-0.2019,0.9234,,0.0000,0.0000,0.0000
21.3556,Right,-0.5022,1.5497,20.5119,0.2729,-0.2006,0.9409,,0.0000,0.0000,0.0000
21.3556,Combined,-0.5022,1.5497,20.5119,0.2732,0.1514,0.9500,item 1,-0.2173,1.7076,21.5024
21.4280,Left,-0.0612,1.5328,20.3856,0.2280,-0.4715,0.8519,,0.0000,0.0000,0.0000
21.4280,Right,-0.5040,1.5501,20.5091,0.1706,-0.4689,0.8666,,0.0000,0.0000,0.0000
21.4280,Combined,-0.5040,1.5501,20.5091,0.2712,0.1553,0.9499,item 1,-0.2204,1.7125,21.5024
21.4798,Left,-0.0623,1.5346,20.3850,0.2184,-0.5126,0.8304,,0.0000,0.0000,0.0000
21.4798,Right,-0.5054,1.5501,20.5073,0.1604,-0.5101,0.8450,,0.0000,0.0000,0.0000
21.4798,Combined,-0.5054,1.5501,20.5073,0.2679,0.1538,0.9511,item 1,-0.2251,1.7110,21.5024
21.5490,Left,-0.0627,1.5352,20.3861,0.2094,-0.5213,0.8273,,0.0000,0.0000,0.0000
21.5490,Right,-0.5064,1.5499,20.5067,0.1512,-0.5187,0.8415,,0.0000,0.0000,0.0000
21.5490,Combined,-0.5064,1.5499,20.5067,0.2641,0.1500,0.9528,item 1,-0.2304,1.7067,21.5024
21.6188,Left,-0.0627,1.5346,20.3881,0.2189,-0.5501,0.8059,,0.0000,0.0000,0.0000
21.6188,Right,-0.5069,1.5496,20.5068,0.1604,-0.5483,0.8208,,0.0000,0.0000,0.0000
21.6188,Combined,-0.5069,1.5496,20.5068,0.2600,0.1456,0.9546,item 1,-0.2357,1.7015,21.5024
21.6750,Left,-0.0627,1.5339,20.3889,0.2118,-0.5620,0.7996,,0.0000,0.0000,0.0000
21.6750,Right,-0.5070,1.5492,20.5071,0.1532,-0.5599,0.8143,,0.0000,0.0000,0.0000
21.6750,Combined,-0.5070,1.5492,20.5071,0.2591,0.1413,0.9555,item 1,-0.2371,1.6964,21.5024
21.7452,Left,-0.0628,1.5339,20.3893,0.2155,-0.5651,0.7964,,0.0000,0.0000,0.0000
21.7452,Right,-0.5071,1.5491,20.5076,0.1569,-0.5632,0.8113,,0.0000,0.0000,0.0000
21.7452,Combined,-0.5071,1.5491,20.5076,0.2594,0.1387,0.9558,item 1,-0.2371,1.6934,21.5024
21.8138,Left,-0.0629,1.5344,20.3903,0.2277,-0.5723,0.7878,,0.0000,0.0000,0.0000
21.8138,Right,-0.5073,1.5488,20.5082,0.1691,-0.5710,0.8033,,0.0000,0.0000,0.0000
21.8138,Combined,-0.5073,1.5488,20.5082,0.2583,0.1351,0.9566,item 1,-0.2389,1.6892,21.5024
21.8724,Left,-0.0628,1.5354,20.3932,0.2073,-0.5728,0.7930,,0.0000,0.0000,0.0000
21.8724,Right,-0.5078,1.5489,20.5087,0.1484,-0.5710,0.8074,,0.0000,0.0000,0.0000
21.8724,Combined,-0.5078,1.5489,20.5087,0.2528,0.1358,0.9579,item 1,-0.2456,1.6897,21.5024
21.9450,Left,-0.0621,1.5329,20.3999,0.0421,-0.5180,0.8543,,0.0000,0.0000,0.0000
21.9450,Right,-0.5087,1.5507,20.5086,-0.0162,-0.5104,0.8598,,0.0000,0.0000,0.0000
21.9450,Combined,-0.5087,1.5507,20.5086,0.2394,0.1619,0.9573,item 1,-0.2602,1.7188,21.5024
22.0232,Left,-0.0605,1.5249,20.4173,-0.1225,-0.4057,0.9057,,0.0000,0.0000,0.0000
22.0232,Right,-0.5109,1.5532,20.5065,-0.1776,-0.3942,0.9017,,0.0000,0.0000,0.0000
22.0232,Combined,-0.5109,1.5532,20.5065,0.2027,0.2201,0.9542,item 1,-0.2994,1.7829,21.5024
22.0930,Left,-0.0595,1.5136,20.4435,-0.1265,-0.3768,0.9176,,0.0000,0.0000,0.0000
22.0930,Right,-0.5139,1.5553,20.5021,-0.1829,-0.3657,0.9126,,0.0000,0.0000,0.0000
22.0930,Combined,-0.5139,1.5553,20.5021,0.1476,0.2701,0.9515,item 1,-0.3587,1.8392,21.5024
22.1613,Left,-0.0606,1.5030,20.4625,-0.1816,-0.3631,0.9139,,0.0000,0.0000,0.0000
22.1613,Right,-0.5162,1.5555,20.4983,-0.2374,-0.3508,0.9058,,0.0000,0.0000,0.0000
22.1613,Combined,-0.5162,1.5555,20.4983,0.1072,0.2784,0.9545,item 1,-0.4034,1.8483,21.5024
22.2188,Left,-0.0625,1.4974,20.4740,-0.2430,-0.3658,0.8984,,0.0000,0.0000,0.0000
22.2188,Right,-0.5184,1.5555,20.4942,-0.2978,-0.3521,0.8873,,0.0000,0.0000,0.0000
22.2188,Combined,-0.5184,1.5555,20.4942,0.0789,0.2858,0.9551,item 1,-0.4351,1.8572,21.5024
22.2925,Left,-0.0641,1.4953,20.4753,-0.2240,-0.3775,0.8985,,0.0000,0.0000,0.0000
22.2925,Right,-0.5199,1.5558,20.4900,-0.2799,-0.3642,0.8883,,0.0000,0.0000,0.0000
22.2925,Combined,-0.5199,1.5558,20.4900,0.0694,0.2917,0.9540,item 1,-0.4462,1.8654,21.5024
22.3575,Left,-0.0657,1.4956,20.4689,-0.2096,-0.3425,0.9158,,0.0000,0.0000,0.0000
22.3575,Right,-0.5214,1.5564,20.4842,-0.2655,-0.3298,0.9059,,0.0000,0.0000,0.0000
22.3575,Combined,-0.5214,1.5564,20.4842,0.0726,0.3048,0.9496,item 1,-0.4435,1.8832,21.5024
22.4212,Left,-0.0661,1.4974,20.4570,-0.1820,-0.3317,0.9257,,0.0000,0.0000,0.0000
22.4212,Right,-0.5217,1.5573,20.4787,-0.2386,-0.3195,0.9171,,0.0000,0.0000,0.0000
22.4212,Combined,-0.5217,1.5573,20.4787,0.0874,0.3224,0.9426,item 1,-0.4268,1.9074,21.5024
22.5094,Left,-0.0664,1.4985,20.4469,-0.1940,-0.3298,0.9239,,0.0000,0.0000,0.0000
22.5094,Right,-0.5217,1.5579,20.4746,-0.2501,-0.3172,0.9148,,0.0000,0.0000,0.0000
22.5094,Combined,-0.5217,1.5579,20.4746,0.1008,0.3365,0.9363,item 1,-0.4110,1.9273,21.5024
22.5799,Left,-0.0668,1.4983,20.4410,-0.1911,-0.3341,0.9230,,0.0000,0.0000,0.0000
22.5799,Right,-0.5219,1.5581,20.4710,-0.2473,-0.3214,0.9141,,0.0000,0.0000,0.0000
22.5799,Combined,-0.5219,1.5581,20.4710,0.1064,0.3408,0.9341,item 1,-0.4044,1.9344,21.5024
22.6641,Left,-0.0669,1.4977,20.4416,-0.2136,-0.3301,0.9195,,0.0000,0.0000,0.0000
22.6641,Right,-0.5221,1.5578,20.4695,-0.2691,-0.3170,0.9094,,0.0000,0.0000,0.0000
22.6641,Combined,-0.5221,1.5578,20.4695,0.1019,0.3376,0.9358,item 1,-0.4096,1.9305,21.5024
22.7339,Left,-0.0665,1.4981,20.4426,-0.2167,-0.3288,0.9192,,0.0000,0.0000,0.0000
22.7339,Right,-0.5218,1.5578,20.4687,-0.2722,-0.3158,0.9089,,0.0000,0.0000,0.0000
22.7339,Combined,-0.5218,1.5578,20.4687,0.0978,0.3367,0.9365,item 1,-0.4139,1.9294,21.5024
22.8135,Left,-0.0658,1.4982,20.4419,-0.2159,-0.3297,0.9191,,0.0000,0.0000,0.0000
22.8135,Right,-0.5212,1.5577,20.4686,-0.2714,-0.3166,0.9089,,0.0000,0.0000,0.0000
22.8135,Combined,-0.5212,1.5577,20.4686,0.0990,0.3369,0.9363,item 1,-0.4119,1.9297,21.5024
22.8839,Left,-0.0652,1.4980,20.4393,-0.2096,-0.3228,0.9230,,0.0000,0.0000,0.0000
22.8839,Right,-0.5204,1.5577,20.4687,-0.2652,-0.3098,0.9131,,0.0000,0.0000,0.0000
22.8839,Combined,-0.5204,1.5577,20.4687,0.1047,0.3376,0.9354,item 1,-0.4047,1.9308,21.5024
22.9552,Left,-0.0646,1.4980,20.4364,-0.2317,-0.3102,0.9220,,0.0000,0.0000,0.0000
22.9552,Right,-0.5196,1.5576,20.4689,-0.2863,-0.2967,0.9110,,0.0000,0.0000,0.0000
22.9552,Combined,-0.5196,1.5576,20.4689,0.1109,0.3369,0.9350,item 1,-0.3970,1.9300,21.5024
23.0233,Left,-0.0642,1.4985,20.4344,-0.2365,-0.3122,0.9201,,0.0000,0.0000,0.0000
23.0233,Right,-0.5191,1.5575,20.4692,-0.2908,-0.2986,0.9090,,0.0000,0.0000,0.0000
23.0233,Combined,-0.5191,1.5575,20.4692,0.1151,0.3351,0.9351,item 1,-0.3919,1.9278,21.5024
23.0802,Left,-0.0641,1.4994,20.4334,-0.2310,-0.3129,0.9213,,0.0000,0.0000,0.0000
23.0802,Right,-0.5190,1.5574,20.4695,-0.2855,-0.2994,0.9104,,0.0000,0.0000,0.0000
23.0802,Combined,-0.5190,1.5574,20.4695,0.1168,0.3334,0.9355,item 1,-0.3901,1.9255,21.5024
23.1510,Left,-0.0643,1.5002,20.4334,-0.2243,-0.3169,0.9216,,0.0000,0.0000,0.0000
23.1510,Right,-0.5193,1.5573,20.4698,-0.2790,-0.3036,0.9110,,0.0000,0.0000,0.0000
23.1510,Combined,-0.5193,1.5573,20.4698,0.1165,0.3312,0.9363,item 1,-0.3908,1.9225,21.5024
23.2188,Left,-0.0646,1.5010,20.4332,-0.2182,-0.3208,0.9216,,0.0000,0.0000,0.0000
23.2188,Right,-0.5197,1.5571,20.4702,-0.2731,-0.3077,0.9114,,0.0000,0.0000,0.0000
23.2188,Combined,-0.5197,1.5571,20.4702,0.1168,0.3294,0.9369,item 1,-0.3910,1.9200,21.5024
23.2747,Left,-0.0648,1.5015,20.4327,-0.1870,-0.3362,0.9231,,0.0000,0.0000,0.0000
23.2747,Right,-0.5199,1.5570,20.4705,-0.2429,-0.3236,0.9145,,0.0000,0.0000,0.0000
23.2747,Combined,-0.5199,1.5570,20.4705,0.1179,0.3275,0.9375,item 1,-0.3902,1.9175,21.5024
23.3447,Left,-0.0649,1.5025,20.4320,-0.2073,-0.3327,0.9200,,0.0000,0.0000,0.0000
23.3447,Right,-0.5200,1.5569,20.4707,-0.2626,-0.3198,0.9104,,0.0000,0.0000,0.0000
23.3447,Combined,-0.5200,1.5569,20.4707,0.1188,0.3267,0.9376,item 1,-0.3893,1.9164,21.5024
23.4209,Left,-0.0649,1.5031,20.4312,-0.1952,-0.3395,0.9201,,0.0000,0.0000,0.0000
23.4209,Right,-0.5201,1.5568,20.4710,-0.2509,-0.3269,0.9112,,0.0000,0.0000,0.0000
23.4209,Combined,-0.5201,1.5568,20.4710,0.1205,0.3249,0.9380,item 1,-0.3876,1.9140,21.5024
23.4782,Left,-0.0648,1.5037,20.4304,-0.1924,-0.3349,0.9224,,0.0000,0.0000,0.0000
23.4782,Right,-0.5199,1.5566,20.4713,-0.2480,-0.3224,0.9135,,0.0000,0.0000,0.0000
23.4782,Combined,-0.5199,1.5566,20.4713,0.1220,0.3228,0.9386,item 1,-0.3859,1.9113,21.5024
23.5586,Left,-0.0647,1.5037,20.4295,-0.1852,-0.3461,0.9197,,0.0000,0.0000,0.0000
23.5586,Right,-0.5197,1.5564,20.4716,-0.2411,-0.3336,0.9114,,0.0000,0.0000,0.0000
23.5586,Combined,-0.5197,1.5564,20.4716,0.1240,0.3202,0.9392,item 1,-0.3836,1.9077,21.5024
23.6215,Left,-0.0645,1.5034,20.4288,-0.2277,-0.3281,0.9168,,0.0000,0.0000,0.0000
23.6215,Right,-0.5194,1.5560,20.4721,-0.2820,-0.3147,0.9063,,0.0000,0.0000,0.0000
23.6215,Combined,-0.5194,1.5560,20.4721,0.1260,0.3165,0.9402,item 1,-0.3813,1.9028,21.5024
23.6772,Left,-0.0643,1.5031,20.4283,-0.2252,-0.3282,0.9174,,0.0000,0.0000,0.0000
23.6772,Right,-0.5192,1.5558,20.4725,-0.2795,-0.3149,0.9071,,0.0000,0.0000,0.0000
23.6772,Combined,-0.5192,1.5558,20.4725,0.1276,0.3135,0.9410,item 1,-0.3795,1.8989,21.5024
23.7482,Left,-0.0644,1.5030,20.4283,-0.2355,-0.3075,0.9219,,0.0000,0.0000,0.0000
23.7482,Right,-0.5192,1.5556,20.4728,-0.2891,-0.2942,0.9110,,0.0000,0.0000,0.0000
23.7482,Combined,-0.5192,1.5556,20.4728,0.1280,0.3117,0.9415,item 1,-0.3792,1.8965,21.5024
23.8171,Left,-0.0644,1.5032,20.4285,-0.2414,-0.2971,0.9238,,0.0000,0.0000,0.0000
23.8171,Right,-0.5193,1.5554,20.4731,-0.2947,-0.2837,0.9125,,0.0000,0.0000,0.0000
23.8171,Combined,-0.5193,1.5554,20.4731,0.1280,0.3104,0.9419,item 1,-0.3793,1.8947,21.5024
23.8732,Left,-0.0644,1.5038,20.4284,-0.2367,-0.3013,0.9237,,0.0000,0.0000,0.0000
23.8732,Right,-0.5193,1.5555,20.4734,-0.2902,-0.2881,0.9126,,0.0000,0.0000,0.0000
23.8732,Combined,-0.5193,1.5555,20.4734,0.1284,0.3099,0.9421,item 1,-0.3791,1.8940,21.5024
23.9430,Left,-0.0645,1.5040,20.4286,-0.2373,-0.3038,0.9227,,0.0000,0.0000,0.0000
23.9430,Right,-0.5194,1.5554,20.4736,-0.2908,-0.2906,0.9116,,0.0000,0.0000,0.0000
23.9430,Combined,-0.5194,1.5554,20.4736,0.1282,0.3090,0.9424,item 1,-0.3794,1.8928,21.5024
24.0119,Left,-0.0645,1.5040,20.4290,-0.2488,-0.2957,0.9223,,0.0000,0.0000,0.0000
24.0119,Right,-0.5195,1.5552,20.4739,-0.3018,-0.2823,0.9106,,0.0000,0.0000,0.0000
24.0119,Combined,-0.5195,1.5552,20.4739,0.1277,0.3078,0.9429,item 1,-0.3802,1.8909,21.5024
24.0696,Left,-0.0646,1.5041,20.4290,-0.2381,-0.2972,0.9246,,0.0000,0.0000,0.0000
24.0696,Right,-0.5195,1.5551,20.4740,-0.2915,-0.2841,0.9134,,0.0000,0.0000,0.0000
24.0696,Combined,-0.5195,1.5551,20.4740,0.1277,0.3064,0.9433,item 1,-0.3803,1.8891,21.5024
24.1389,Left,-0.0646,1.5042,20.4287,-0.2379,-0.2917,0.9265,,0.0000,0.0000,0.0000
24.1389,Right,-0.5195,1.5550,20.4741,-0.2911,-0.2786,0.9152,,0.0000,0.0000,0.0000
24.1389,Combined,-0.5195,1.5550,20.4741,0.1283,0.3062,0.9433,item 1,-0.3797,1.8888,21.5024
24.2228,Left,-0.0646,1.5045,20.4284,-0.2424,-0.2909,0.9255,,0.0000,0.0000,0.0000
24.2228,Right,-0.5195,1.5550,20.4742,-0.2955,-0.2778,0.9141,,0.0000,0.0000,0.0000
24.2228,Combined,-0.5195,1.5550,20.4742,0.1289,0.3057,0.9434,item 1,-0.3790,1.8882,21.5024
24.2923,Left,-0.0645,1.5049,20.4285,-0.2379,-0.2973,0.9247,,0.0000,0.0000,0.0000
24.2923,Right,-0.5195,1.5550,20.4743,-0.2912,-0.2842,0.9135,,0.0000,0.0000,0.0000
24.2923,Combined,-0.5195,1.5550,20.4743,0.1285,0.3045,0.9438,item 1,-0.3795,1.8866,21.5024
24.3606,Left,-0.0646,1.5049,20.4289,-0.2530,-0.2928,0.9221,,0.0000,0.0000,0.0000
24.3606,Right,-0.5196,1.5549,20.4746,-0.3057,-0.2795,0.9102,,0.0000,0.0000,0.0000
24.3606,Combined,-0.5196,1.5549,20.4746,0.1281,0.3033,0.9442,item 1,-0.3802,1.8850,21.5024
24.4171,Left,-0.0646,1.5051,20.4289,-0.2261,-0.2880,0.9305,,0.0000,0.0000,0.0000
24.4171,Right,-0.5196,1.5548,20.4747,-0.2797,-0.2754,0.9198,,0.0000,0.0000,0.0000
24.4171,Combined,-0.5196,1.5548,20.4747,0.1282,0.3025,0.9445,item 1,-0.3801,1.8839,21.5024
24.4886,Left,-0.0646,1.5051,20.4286,-0.2348,-0.2832,0.9299,,0.0000,0.0000,0.0000
24.4886,Right,-0.5196,1.5548,20.4747,-0.2880,-0.2704,0.9187,,0.0000,0.0000,0.0000
24.4886,Combined,-0.5196,1.5548,20.4747,0.1287,0.3019,0.9446,item 1,-0.3795,1.8832,21.5024
24.5554,Left,-0.0646,1.5055,20.4282,-0.2445,-0.2963,0.9233,,0.0000,0.0000,0.0000
24.5554,Right,-0.5196,1.5547,20.4747,-0.2975,-0.2831,0.9118,,0.0000,0.0000,0.0000
24.5554,Combined,-0.5196,1.5547,20.4747,0.1291,0.3011,0.9448,item 1,-0.3792,1.8822,21.5024
24.6123,Left,-0.0647,1.5059,20.4280,-0.2361,-0.2923,0.9267,,0.0000,0.0000,0.0000
24.6123,Right,-0.5197,1.5547,20.4746,-0.2893,-0.2795,0.9155,,0.0000,0.0000,0.0000
24.6123,Combined,-0.5197,1.5547,20.4746,0.1291,0.3011,0.9448,item 1,-0.3793,1.8822,21.5024
24.6833,Left,-0.0648,1.5065,20.4280,-0.2231,-0.2989,0.9278,,0.0000,0.0000,0.0000
24.6833,Right,-0.5198,1.5548,20.4747,-0.2769,-0.2862,0.9173,,0.0000,0.0000,0.0000
24.6833,Combined,-0.5198,1.5548,20.4747,0.1289,0.3009,0.9449,item 1,-0.3796,1.8821,21.5024
24.7553,Left,-0.0650,1.5071,20.4279,-0.2303,-0.2919,0.9283,,0.0000,0.0000,0.0000
24.7553,Right,-0.5201,1.5548,20.4748,-0.2837,-0.2792,0.9174,,0.0000,0.0000,0.0000
24.7553,Combined,-0.5201,1.5548,20.4748,0.1289,0.3006,0.9450,item 1,-0.3799,1.8817,21.5024
24.8359,Left,-0.0651,1.5075,20.4279,-0.2332,-0.2940,0.9269,,0.0000,0.0000,0.0000
24.8359,Right,-0.5202,1.5547,20.4750,-0.2865,-0.2813,0.9159,,0.0000,0.0000,0.0000
24.8359,Combined,-0.5202,1.5547,20.4750,0.1288,0.2992,0.9455,item 1,-0.3803,1.8798,21.5024
24.9192,Left,-0.0652,1.5078,20.4284,-0.2330,-0.3001,0.9250,,0.0000,0.0000,0.0000
24.9192,Right,-0.5204,1.5545,20.4754,-0.2864,-0.2874,0.9140,,0.0000,0.0000,0.0000
24.9192,Combined,-0.5204,1.5545,20.4754,0.1282,0.2972,0.9462,item 1,-0.3812,1.8772,21.5024
24.9915,Left,-0.0652,1.5079,20.4286,-0.2313,-0.3037,0.9243,,0.0000,0.0000,0.0000
24.9915,Right,-0.5204,1.5544,20.4757,-0.2848,-0.2910,0.9134,,0.0000,0.0000,0.0000
24.9915,Combined,-0.5204,1.5544,20.4757,0.1283,0.2961,0.9465,item 1,-0.3813,1.8756,21.5024
25.0592,Left,-0.0651,1.5077,20.4284,-0.2356,-0.2912,0.9272,,0.0000,0.0000,0.0000
25.0592,Right,-0.5203,1.5543,20.4758,-0.2887,-0.2786,0.9160,,0.0000,0.0000,0.0000
25.0592,Combined,-0.5203,1.5543,20.4758,0.1290,0.2949,0.9468,item 1,-0.3804,1.8741,21.5024
25.1270,Left,-0.0650,1.5075,20.4279,-0.2346,-0.2761,0.9321,,0.0000,0.0000,0.0000
25.1270,Right,-0.5201,1.5542,20.4759,-0.2875,-0.2637,0.9208,,0.0000,0.0000,0.0000
25.1270,Combined,-0.5201,1.5542,20.4759,0.1301,0.2941,0.9469,item 1,-0.3791,1.8731,21.5024
25.1835,Left,-0.0649,1.5070,20.4266,-0.2329,-0.2802,0.9313,,0.0000,0.0000,0.0000
25.1835,Right,-0.5198,1.5541,20.4761,-0.2859,-0.2677,0.9201,,0.0000,0.0000,0.0000
25.1835,Combined,-0.5198,1.5541,20.4761,0.1334,0.2936,0.9466,item 1,-0.3752,1.8724,21.5024
25.2550,Left,-0.0647,1.5063,20.4226,-0.1831,-0.2466,0.9517,,0.0000,0.0000,0.0000
25.2550,Right,-0.5191,1.5539,20.4761,-0.2370,-0.2352,0.9426,,0.0000,0.0000,0.0000
25.2550,Combined,-0.5191,1.5539,20.4761,0.1419,0.2913,0.9460,item 1,-0.3651,1.8700,21.5024
25.3263,Left,-0.0643,1.5053,20.4150,-0.1692,-0.2506,0.9532,,0.0000,0.0000,0.0000
25.3263,Right,-0.5177,1.5535,20.4761,-0.2233,-0.2390,0.9450,,0.0000,0.0000,0.0000
25.3263,Combined,-0.5177,1.5535,20.4761,0.1579,0.2859,0.9452,item 1,-0.3462,1.8639,21.5024
25.3910,Left,-0.0641,1.5039,20.4061,0.3218,0.1306,0.9378,item 1,0.3121,1.6566,21.5024
25.3910,Right,-0.5161,1.5528,20.4762,0.2702,0.1364,0.9531,item 1,-0.2251,1.6997,21.5024
25.3910,Combined,-0.5161,1.5528,20.4762,0.1765,0.2774,0.9444,item 1,-0.3243,1.8543,21.5024
25.4753,Left,-0.0638,1.5030,20.3976,0.3683,0.1252,0.9212,item 1,0.3779,1.6531,21.5024
25.4753,Right,-0.5143,1.5519,20.4764,0.3179,0.1309,0.9390,item 1,-0.1670,1.6950,21.5024
25.4753,Combined,-0.5143,1.5519,20.4764,0.1942,0.2667,0.9440,item 1,-0.3033,1.8418,21.5024
25.5491,Left,-0.0637,1.5026,20.3923,0.3535,0.1316,0.9261,item 1,0.3601,1.6603,21.5024
25.5491,Right,-0.5132,1.5511,20.4768,0.3026,0.1374,0.9432,item 1,-0.1841,1.7004,21.5024
25.5491,Combined,-0.5132,1.5511,20.4768,0.2051,0.2563,0.9446,item 1,-0.2905,1.8294,21.5024
25.6308,Left,-0.0636,1.5023,20.3912,0.3392,0.1359,0.9309,item 1,0.3413,1.6645,21.5024
25.6308,Right,-0.5129,1.5503,20.4773,0.2880,0.1416,0.9471,item 1,-0.2012,1.7036,21.5024
25.6308,Combined,-0.5129,1.5503,20.4773,0.2080,0.2491,0.9459,item 1,-0.2875,1.8202,21.5024
25.7191,Left,-0.0635,1.5061,20.3925,0.3347,0.1416,0.9316,item 1,0.3352,1.6748,21.5024
25.7191,Right,-0.5129,1.5540,20.4781,0.2834,0.1474,0.9476,item 1,-0.2065,1.7133,21.5024
25.7191,Combined,-0.5129,1.5540,20.4781,0.2065,0.2448,0.9473,item 1,-0.2896,1.8187,21.5024
25.8013,Left,-0.1207,1.5062,20.3972,0.3324,0.1423,0.9323,item 1,0.2733,1.6748,21.5024
25.8013,Right,-0.5702,1.5539,20.4828,0.2812,0.1479,0.9482,item 1,-0.2678,1.7130,21.5024
25.8013,Combined,-0.5702,1.5539,20.4828,0.2061,0.2418,0.9482,item 1,-0.3485,1.8139,21.5024
25.8939,Left,-0.2752,1.5060,20.4209,0.3350,0.1438,0.9312,item 1,0.1139,1.6731,21.5024
25.8939,Right,-0.7246,1.5537,20.5072,0.2838,0.1495,0.9471,item 1,-0.4263,1.7108,21.5024
25.8939,Combined,-0.7246,1.5537,20.5072,0.2075,0.2374,0.9490,item 1,-0.4500,1.8678,21.7629
25.9744,Left,-0.5070,1.5057,20.4970,0.3370,0.1446,0.9303,item 1,-0.1428,1.6619,21.5024
25.9744,Right,-0.9561,1.5535,20.5838,0.2859,0.1503,0.9464,item 1,-0.4500,1.8196,22.2593
25.9744,Combined,-0.9561,1.5535,20.5838,0.2085,0.2343,0.9495,,0.0000,0.0000,0.0000
26.0446,Left,-0.5277,1.5058,20.5091,0.3393,0.1454,0.9294,item 1,-0.1650,1.6612,21.5024
26.0446,Right,-0.9768,1.5535,20.5961,0.2883,0.1511,0.9456,item 1,-0.4500,1.8296,22.3243
26.0446,Combined,-0.9768,1.5535,20.5961,0.2087,0.2331,0.9498,,0.0000,0.0000,0.0000
26.1217,Left,-0.5419,1.5057,20.5172,0.3461,0.1487,0.9264,item 1,-0.1739,1.6638,21.5024
26.1217,Right,-0.9909,1.5534,20.6050,0.2952,0.1544,0.9429,item 1,-0.4500,1.8363,22.3327
26.1217,Combined,-0.9909,1.5534,20.6050,0.2104,0.2327,0.9495,,0.0000,0.0000,0.0000
26.1914,Left,-0.5504,1.5051,20.5212,0.3643,0.1471,0.9196,item 1,-0.1616,1.6621,21.5024
26.1914,Right,-0.9991,1.5534,20.6103,0.3140,0.1529,0.9370,item 1,-0.4500,1.8208,22.2490
26.1914,Combined,-0.9991,1.5534,20.6103,0.2134,0.2322,0.9490,,0.0000,0.0000,0.0000
26.2520,Left,-0.5501,1.5046,20.5201,0.5358,0.1186,0.8360,item 1,0.0795,1.6439,21.5024
26.2520,Right,-0.9986,1.5534,20.6100,0.4918,0.1241,0.8618,item 1,-0.4500,1.6918,21.5713
26.2520,Combined,-0.9986,1.5534,20.6100,0.2154,0.2317,0.9486,,0.0000,0.0000,0.0000
26.3234,Left,-0.5499,1.5044,20.5199,0.5520,0.1165,0.8256,item 1,0.1070,1.6430,21.5024
26.3234,Right,-0.9984,1.5534,20.6096,0.5089,0.1220,0.8522,item 1,-0.4500,1.6849,21.5280
26.3234,Combined,-0.9984,1.5534,20.6096,0.2153,0.2328,0.9484,,0.0000,0.0000,0.0000
26.3939,Left,-0.5500,1.5046,20.5197,0.5580,0.1190,0.8212,item 1,0.1178,1.6469,21.5024
26.3939,Right,-0.9985,1.5535,20.6094,0.5152,0.1245,0.8480,item 1,-0.4500,1.6860,21.5121
26.3939,Combined,-0.9985,1.5535,20.6094,0.2150,0.2346,0.9480,,0.0000,0.0000,0.0000
26.4500,Left,-0.5500,1.5049,20.5197,0.5595,0.1200,0.8201,item 1,0.1203,1.6488,21.5024
26.4500,Right,-0.9986,1.5535,20.6093,0.5167,0.1255,0.8469,item 1,-0.4500,1.6868,21.5085
26.4500,Combined,-0.9986,1.5535,20.6093,0.2148,0.2361,0.9477,,0.0000,0.0000,0.0000
26.5201,Left,-0.5501,1.5049,20.5200,0.5631,0.1262,0.8167,item 1,0.1274,1.6568,21.5024
26.5201,Right,-0.9987,1.5535,20.6093,0.5206,0.1318,0.8436,item 1,-0.4475,1.6930,21.5024
26.5201,Combined,-0.9987,1.5535,20.6093,0.2142,0.2355,0.9480,,0.0000,0.0000,0.0000
26.5880,Left,-0.5501,1.5047,20.5204,0.6913,0.0176,0.7223,item 1,0.3898,1.5287,21.5024
26.5880,Right,-0.9988,1.5534,20.6094,0.6565,0.0202,0.7541,item 1,-0.2214,1.5772,21.5024
26.5880,Combined,-0.9988,1.5534,20.6094,0.2136,0.2337,0.9485,,0.0000,0.0000,0.0000
26.6457,Left,-0.5131,1.5045,20.5030,0.6908,0.0160,0.7229,item 1,0.4420,1.5266,21.5024
26.6457,Right,-0.9618,1.5533,20.5918,0.6559,0.0185,0.7546,item 1,-0.1703,1.5756,21.5024
26.6457,Combined,-0.9618,1.5533,20.5918,0.2129,0.2322,0.9491,,0.0000,0.0000,0.0000
26.7154,Left,-0.1460,1.5049,20.4025,0.6918,0.0125,0.7220,,0.0000,0.0000,0.0000
26.7154,Right,-0.5948,1.5533,20.4911,0.6570,0.0149,0.7537,item 1,0.2867,1.5733,21.5024
26.7154,Combined,-0.5948,1.5533,20.4911,0.2124,0.2316,0.9493,item 1,-0.3686,1.8000,21.5024
26.7841,Left,0.2596,1.5056,20.3782,0.6915,0.0071,0.7224,,0.0000,0.0000,0.0000
26.7841,Right,-0.1893,1.5533,20.4668,0.6566,0.0092,0.7542,,0.0000,0.0000,0.0000
26.7841,Combined,-0.1893,1.5533,20.4668,0.2119,0.2316,0.9495,item 1,0.0419,1.8058,21.5024
26.8412,Left,0.2935,1.5060,20.3675,0.6913,0.0074,0.7225,,0.0000,0.0000,0.0000
26.8412,Right,-0.1554,1.5533,20.4562,0.6564,0.0095,0.7543,,0.0000,0.0000,0.0000
26.8412,Combined,-0.1554,1.5533,20.4562,0.2118,0.2310,0.9496,item 1,0.0779,1.8078,21.5024
26.9083,Left,0.3199,1.5060,20.3596,0.6783,0.0071,0.7347,,0.0000,0.0000,0.0000
26.9083,Right,-0.1291,1.5532,20.4480,0.6425,0.0093,0.7662,,0.0000,0.0000,0.0000
26.9083,Combined,-0.1291,1.5532,20.4480,0.2112,0.2293,0.9502,item 1,0.1052,1.8077,21.5024
26.9774,Left,0.3376,1.5063,20.3548,0.4709,0.0689,0.8795,,0.0000,0.0000,0.0000
26.9774,Right,-0.1115,1.5531,20.4425,0.4238,0.0735,0.9028,item 1,0.3860,1.6394,21.5024
26.9774,Combined,-0.1115,1.5531,20.4425,0.2095,0.2269,0.9511,item 1,0.1220,1.8059,21.5024
27.0340,Left,0.3480,1.5065,20.3530,0.3564,0.0955,0.9294,,0.0000,0.0000,0.0000
27.0340,Right,-0.1014,1.5530,20.4393,0.3055,0.1007,0.9468,item 1,0.2417,1.6661,21.5024
27.0340,Combined,-0.1014,1.5530,20.4393,0.2063,0.2254,0.9522,item 1,0.1289,1.8047,21.5024
27.1053,Left,0.3480,1.5070,20.3542,0.3079,0.1053,0.9456,,0.0000,0.0000,0.0000
27.1053,Right,-0.1017,1.5531,20.4394,0.2559,0.1106,0.9603,item 1,0.1816,1.6755,21.5024
27.1053,Combined,-0.1017,1.5531,20.4394,0.2037,0.2259,0.9526,item 1,0.1256,1.8052,21.5024
27.1875,Left,0.3477,1.5078,20.3554,0.2781,0.1100,0.9542,,0.0000,0.0000,0.0000
27.1875,Right,-0.1023,1.5531,20.4395,0.2256,0.1153,0.9674,item 1,0.1456,1.6798,21.5024
27.1875,Combined,-0.1023,1.5531,20.4395,0.2009,0.2270,0.9529,item 1,0.1218,1.8063,21.5024
27.2577,Left,0.3474,1.5082,20.3564,0.2738,0.1111,0.9554,,0.0000,0.0000,0.0000
27.2577,Right,-0.1028,1.5531,20.4397,0.2212,0.1163,0.9683,item 1,0.1400,1.6808,21.5024
27.2577,Combined,-0.1028,1.5531,20.4397,0.1989,0.2274,0.9533,item 1,0.1190,1.8067,21.5024
27.3263,Left,0.3472,1.5087,20.3570,0.1301,0.1374,0.9819,,0.0000,0.0000,0.0000
27.3263,Right,-0.1030,1.5531,20.4400,0.0764,0.1426,0.9868,item 1,-0.0208,1.7066,21.5024
27.3263,Combined,-0.1030,1.5531,20.4400,0.1980,0.2259,0.9538,item 1,0.1175,1.8047,21.5024
27.3838,Left,0.2456,1.5090,20.3574,0.1150,0.1396,0.9835,item 1,0.3794,1.6716,21.5024
27.3838,Right,-0.2047,1.5530,20.4405,0.0613,0.1448,0.9876,item 1,-0.1388,1.7087,21.5024
27.3838,Combined,-0.2047,1.5530,20.4405,0.1979,0.2242,0.9542,item 1,0.0155,1.8025,21.5024
27.4539,Left,0.1787,1.5093,20.3579,0.1164,0.1385,0.9835,item 1,0.3142,1.6705,21.5024
27.4539,Right,-0.2716,1.5530,20.4409,0.0628,0.1437,0.9876,item 1,-0.2041,1.7074,21.5024
27.4539,Combined,-0.2716,1.5530,20.4409,0.1975,0.2232,0.9546,item 1,-0.0519,1.8011,21.5024
27.5220,Left,0.1788,1.5092,20.3585,0.1181,0.1362,0.9836,item 1,0.3162,1.6676,21.5024
27.5220,Right,-0.2716,1.5529,20.4414,0.0645,0.1414,0.9879,item 1,-0.2023,1.7047,21.5024
27.5220,Combined,-0.2716,1.5529,20.4414,0.1973,0.2212,0.9551,item 1,-0.0524,1.7986,21.5024
27.5894,Left,0.1788,1.5096,20.3591,0.1291,0.1314,0.9829,item 1,0.3289,1.6624,21.5024
27.5894,Right,-0.2717,1.5528,20.4417,0.0754,0.1365,0.9878,item 1,-0.1907,1.6993,21.5024
27.5894,Combined,-0.2717,1.5528,20.4417,0.1963,0.2192,0.9557,item 1,-0.0538,1.7961,21.5024
27.6519,Left,0.1788,1.5096,20.3598,0.1404,0.1341,0.9810,item 1,0.3423,1.6658,21.5024
27.6519,Right,-0.2718,1.5528,20.4418,0.0867,0.1392,0.9865,item 1,-0.1785,1.7025,21.5024
27.6519,Combined,-0.2718,1.5528,20.4418,0.1951,0.2187,0.9561,item 1,-0.0554,1.7954,21.5024
27.7180,Left,0.1791,1.5097,20.3595,0.1542,0.1327,0.9791,item 1,0.3591,1.6647,21.5024
27.7180,Right,-0.2715,1.5528,20.4418,0.1006,0.1378,0.9853,item 1,-0.1631,1.7011,21.5024
27.7180,Combined,-0.2715,1.5528,20.4418,0.1954,0.2189,0.9560,item 1,-0.0547,1.7956,21.5024
27.7879,Left,0.1792,1.5096,20.3589,0.2375,0.1401,0.9612,,0.0000,0.0000,0.0000
27.7879,Right,-0.2712,1.5527,20.4417,0.1847,0.1452,0.9720,item 1,-0.0697,1.7112,21.5024
27.7879,Combined,-0.2712,1.5527,20.4417,0.1966,0.2187,0.9558,item 1,-0.0530,1.7954,21.5024
27.8577,Left,0.1794,1.5093,20.3586,0.2419,0.1360,0.9607,,0.0000,0.0000,0.0000
27.8577,Right,-0.2710,1.5527,20.4415,0.1891,0.1411,0.9718,item 1,-0.0645,1.7067,21.5024
27.8577,Combined,-0.2710,1.5527,20.4415,0.1969,0.2183,0.9558,item 1,-0.0525,1.7950,21.5024
27.9235,Left,0.1795,1.5090,20.3588,0.2376,0.1379,0.9615,,0.0000,0.0000,0.0000
27.9235,Right,-0.2709,1.5527,20.4414,0.1847,0.1431,0.9723,item 1,-0.0693,1.7088,21.5024
27.9235,Combined,-0.2709,1.5527,20.4414,0.1965,0.2184,0.9559,item 1,-0.0527,1.7952,21.5024
27.9826,Left,0.1794,1.5095,20.3586,0.2384,0.1405,0.9609,,0.0000,0.0000,0.0000
27.9826,Right,-0.2710,1.5527,20.4414,0.1856,0.1457,0.9718,item 1,-0.0684,1.7118,21.5024
27.9826,Combined,-0.2710,1.5527,20.4414,0.1966,0.2191,0.9557,item 1,-0.0528,1.7959,21.5024
28.0498,Left,0.1795,1.5100,20.3585,0.2373,0.1399,0.9613,,0.0000,0.0000,0.0000
28.0498,Right,-0.2709,1.5528,20.4414,0.1844,0.1450,0.9721,item 1,-0.0696,1.7110,21.5024
28.0498,Combined,-0.2709,1.5528,20.4414,0.1967,0.2198,0.9555,item 1,-0.0525,1.7968,21.5024
28.1192,Left,0.1797,1.5102,20.3591,0.2337,0.1334,0.9631,,0.0000,0.0000,0.0000
28.1192,Right,-0.2709,1.5528,20.4417,0.1807,0.1384,0.9737,item 1,-0.0740,1.7036,21.5024
28.1192,Combined,-0.2709,1.5528,20.4417,0.1958,0.2196,0.9557,item 1,-0.0535,1.7965,21.5024
28.1759,Left,0.1794,1.5103,20.3606,0.2323,0.1314,0.9637,,0.0000,0.0000,0.0000
28.1759,Right,-0.2713,1.5527,20.4420,0.1794,0.1364,0.9743,item 1,-0.0761,1.7011,21.5024
28.1759,Combined,-0.2713,1.5527,20.4420,0.1934,0.2176,0.9567,item 1,-0.0570,1.7938,21.5024
28.2497,Left,0.1790,1.5109,20.3615,0.2318,0.1303,0.9640,,0.0000,0.0000,0.0000
28.2497,Right,-0.2719,1.5526,20.4423,0.1788,0.1353,0.9745,item 1,-0.0773,1.6997,21.5024
28.2497,Combined,-0.2719,1.5526,20.4423,0.1916,0.2158,0.9575,item 1,-0.0597,1.7915,21.5024
28.3135,Left,0.1786,1.5115,20.3623,0.2303,0.1347,0.9638,,0.0000,0.0000,0.0000
28.3135,Right,-0.2725,1.5526,20.4424,0.1773,0.1396,0.9742,item 1,-0.0796,1.7044,21.5024
28.3135,Combined,-0.2725,1.5526,20.4424,0.1896,0.2147,0.9581,item 1,-0.0627,1.7901,21.5024
28.3695,Left,0.1783,1.5128,20.3631,0.2273,0.1313,0.9649,item 1,0.4467,1.6678,21.5024
28.3695,Right,-0.2730,1.5526,20.4424,0.1743,0.1360,0.9753,item 1,-0.0836,1.7004,21.5024
28.3695,Combined,-0.2730,1.5526,20.4424,0.1876,0.2153,0.9584,item 1,-0.0655,1.7908,21.5024
28.4413,Left,0.1783,1.5133,20.3629,0.2266,0.1298,0.9653,item 1,0.4458,1.6666,21.5024
28.4413,Right,-0.2730,1.5526,20.4425,0.1735,0.1345,0.9756,item 1,-0.0845,1.6987,21.5024
28.4413,Combined,-0.2730,1.5526,20.4425,0.1879,0.2149,0.9584,item 1,-0.0652,1.7903,21.5024
28.5090,Left,0.1786,1.5133,20.3622,0.1663,0.0769,0.9831,item 1,0.3715,1.6024,21.5024
28.5090,Right,-0.2726,1.5525,20.4427,0.1124,0.0817,0.9903,item 1,-0.1524,1.6399,21.5024
28.5090,Combined,-0.2726,1.5525,20.4427,0.1895,0.2118,0.9588,item 1,-0.0631,1.7866,21.5024
28.5655,Left,0.1790,1.5129,20.3613,0.1677,0.0716,0.9832,item 1,0.3737,1.5960,21.5024
28.5655,Right,-0.2720,1.5521,20.4430,0.1139,0.0765,0.9905,item 1,-0.1502,1.6339,21.5024
28.5655,Combined,-0.2720,1.5521,20.4430,0.1917,0.2053,0.9597,item 1,-0.0603,1.7788,21.5024
28.6338,Left,0.1798,1.5132,20.3606,0.1676,0.0754,0.9830,item 1,0.3744,1.6007,21.5024
28.6338,Right,-0.2710,1.5519,20.4437,0.1137,0.0801,0.9903,item 1,-0.1494,1.6375,21.5024
28.6338,Combined,-0.2710,1.5519,20.4437,0.1942,0.1989,0.9606,item 1,-0.0570,1.7710,21.5024
28.7071,Left,0.1811,1.5132,20.3616,0.1659,0.0760,0.9832,item 1,0.3735,1.6014,21.5024
28.7071,Right,-0.2695,1.5514,20.4461,0.1121,0.0807,0.9904,item 1,-0.1499,1.6375,21.5024
28.7071,Combined,-0.2695,1.5514,20.4461,0.1966,0.1905,0.9618,item 1,-0.0536,1.7606,21.5024
28.7615,Left,0.1826,1.5140,20.3654,0.1675,0.0673,0.9836,item 1,0.3763,1.5918,21.5024
28.7615,Right,-0.2678,1.5508,20.4510,0.1138,0.0719,0.9909,item 1,-0.1471,1.6272,21.5024
28.7615,Combined,-0.2678,1.5508,20.4510,0.1979,0.1813,0.9633,item 1,-0.0519,1.7487,21.5024
28.8315,Left,0.1840,1.5151,20.3704,0.1628,0.0676,0.9843,item 1,0.3712,1.5929,21.5024
28.8315,Right,-0.2664,1.5502,20.4567,0.1091,0.0720,0.9914,item 1,-0.1514,1.6262,21.5024
28.8315,Combined,-0.2664,1.5502,20.4567,0.1982,0.1700,0.9653,item 1,-0.0518,1.7343,21.5024
28.8982,Left,0.1858,1.5156,20.3782,0.1639,0.0586,0.9847,item 1,0.3729,1.5825,21.5024
28.8982,Right,-0.2646,1.5492,20.4654,0.1103,0.0629,0.9919,item 1,-0.1493,1.6149,21.5024
28.8982,Combined,-0.2646,1.5492,20.4654,0.1989,0.1522,0.9681,item 1,-0.0515,1.7122,21.5024
28.9558,Left,0.1878,1.5148,20.3864,0.1707,0.0505,0.9840,item 1,0.3814,1.5721,21.5024
28.9558,Right,-0.2623,1.5484,20.4752,0.1172,0.0547,0.9916,item 1,-0.1409,1.6051,21.5024
28.9558,Combined,-0.2623,1.5484,20.4752,0.2014,0.1347,0.9702,item 1,-0.0491,1.6910,21.5024
29.0263,Left,0.1891,1.5140,20.3926,0.1692,0.0703,0.9831,item 1,0.3801,1.5934,21.5024
29.0263,Right,-0.2606,1.5478,20.4831,0.1159,0.0745,0.9905,item 1,-0.1414,1.6245,21.5024
29.0263,Combined,-0.2606,1.5478,20.4831,0.2047,0.1243,0.9709,item 1,-0.0457,1.6784,21.5024
29.0941,Left,0.1906,1.5135,20.3999,0.1678,0.0831,0.9823,item 1,0.3789,1.6067,21.5024
29.0941,Right,-0.2587,1.5472,20.4927,0.1147,0.0872,0.9896,item 1,-0.1417,1.6362,21.5024
29.0941,Combined,-0.2587,1.5472,20.4927,0.2090,0.1141,0.9712,item 1,-0.0414,1.6659,21.5024
29.1501,Left,0.1917,1.5127,20.4059,0.1743,0.0821,0.9813,item 1,0.3865,1.6044,21.5024
29.1501,Right,-0.2569,1.5469,20.5018,0.1213,0.0863,0.9889,item 1,-0.1342,1.6343,21.5024
29.1501,Combined,-0.2569,1.5469,20.5018,0.2160,0.1097,0.9702,item 1,-0.0342,1.6601,21.5024
29.2195,Left,0.1925,1.5126,20.4096,0.1791,0.0913,0.9796,item 1,0.3923,1.6144,21.5024
29.2195,Right,-0.2554,1.5467,20.5090,0.1262,0.0955,0.9874,item 1,-0.1284,1.6427,21.5024
29.2195,Combined,-0.2554,1.5467,20.5090,0.2232,0.1086,0.9687,item 1,-0.0264,1.6580,21.5024
29.2890,Left,0.1938,1.5130,20.4144,0.1844,0.0894,0.9788,item 1,0.3987,1.6123,21.5024
29.2890,Right,-0.2531,1.5465,20.5181,0.1315,0.0935,0.9869,item 1,-0.1220,1.6398,21.5024
29.2890,Combined,-0.2531,1.5465,20.5181,0.2322,0.1067,0.9668,item 1,-0.0167,1.6552,21.5024
29.3494,Left,0.1951,1.5127,20.4198,0.1866,0.0916,0.9782,item 1,0.4016,1.6141,21.5024
29.3494,Right,-0.2509,1.5468,20.5269,0.1338,0.0957,0.9864,item 1,-0.1186,1.6415,21.5024
29.3494,Combined,-0.2509,1.5468,20.5269,0.2399,0.1083,0.9647,item 1,-0.0084,1.6564,21.5024
29.4149,Left,0.1961,1.5127,20.4249,0.1823,0.0974,0.9784,item 1,0.3969,1.6200,21.5024
29.4149,Right,-0.2495,1.5472,20.5338,0.1295,0.1016,0.9864,item 1,-0.1223,1.6470,21.5024
29.4149,Combined,-0.2495,1.5472,20.5338,0.2441,0.1133,0.9631,item 1,-0.0040,1.6612,21.5024
29.4833,Left,0.1973,1.5124,20.3437,0.1763,0.1044,0.9788,item 1,0.4060,1.6360,21.5024
29.4833,Right,-0.2477,1.5475,20.4545,0.1235,0.1086,0.9864,item 1,-0.1166,1.6629,21.5024
29.4833,Combined,-0.2477,1.5475,20.4545,0.2489,0.1202,0.9611,item 1,0.0236,1.6786,21.5024
29.5403,Left,0.1981,1.5121,20.3479,0.1830,0.1052,0.9775,item 1,0.4143,1.6364,21.5024
29.5403,Right,-0.2464,1.5474,20.4608,0.1303,0.1095,0.9854,item 1,-0.1087,1.6632,21.5024
29.5403,Combined,-0.2464,1.5474,20.4608,0.2535,0.1219,0.9596,item 1,0.0287,1.6798,21.5024
29.6124,Left,0.1984,1.5113,20.3505,0.1787,0.0884,0.9799,item 1,0.4086,1.6153,21.5024
29.6124,Right,-0.2457,1.5473,20.4647,0.1259,0.0929,0.9877,item 1,-0.1135,1.6449,21.5024
29.6124,Combined,-0.2457,1.5473,20.4647,0.2562,0.1206,0.9591,item 1,0.0315,1.6778,21.5024
29.6782,Left,0.1984,1.5100,20.3532,0.1810,0.0985,0.9785,item 1,0.4109,1.6256,21.5024
29.6782,Right,-0.2456,1.5473,20.4676,0.1282,0.1030,0.9864,item 1,-0.1111,1.6554,21.5024
29.6782,Combined,-0.2456,1.5473,20.4676,0.2571,0.1198,0.9589,item 1,0.0318,1.6766,21.5024
29.7361,Left,0.1978,1.5098,20.3551,0.1767,0.1031,0.9789,item 1,0.4048,1.6306,21.5024
29.7361,Right,-0.2464,1.5477,20.4685,0.1239,0.1077,0.9864,item 1,-0.1166,1.6605,21.5024
29.7361,Combined,-0.2464,1.5477,20.4685,0.2554,0.1243,0.9588,item 1,0.0290,1.6817,21.5024
29.8054,Left,0.1971,1.5106,20.3549,0.1739,0.1038,0.9793,item 1,0.4009,1.6322,21.5024
29.8054,Right,-0.2472,1.5478,20.4682,0.1211,0.1083,0.9867,item 1,-0.1203,1.6614,21.5024
29.8054,Combined,-0.2472,1.5478,20.4682,0.2549,0.1255,0.9588,item 1,0.0277,1.6832,21.5024
29.8740,Left,0.1962,1.5109,20.3533,0.1768,0.0982,0.9793,item 1,0.4037,1.6261,21.5024
29.8740,Right,-0.2479,1.5477,20.4671,0.1240,0.1027,0.9870,item 1,-0.1179,1.6554,21.5024
29.8740,Combined,-0.2479,1.5477,20.4671,0.2558,0.1223,0.9590,item 1,0.0282,1.6797,21.5024
29.9304,Left,0.1959,1.5113,20.3526,0.1724,0.0877,0.9811,item 1,0.3980,1.6140,21.5024
29.9304,Right,-0.2485,1.5475,20.4658,0.1195,0.0922,0.9885,item 1,-0.1231,1.6442,21.5024
29.9304,Combined,-0.2485,1.5475,20.4658,0.2542,0.1197,0.9597,item 1,0.0261,1.6768,21.5024
30.0020,Left,0.1958,1.5109,20.3525,0.1706,0.1024,0.9800,item 1,0.3959,1.6311,21.5024
30.0020,Right,-0.2488,1.5475,20.4649,0.1178,0.1068,0.9873,item 1,-0.1250,1.6598,21.5024
30.0020,Combined,-0.2488,1.5475,20.4649,0.2527,0.1206,0.9600,item 1,0.0243,1.6779,21.5024
30.0853,Left,0.1958,1.5112,20.3522,0.1690,0.1028,0.9802,item 1,0.3941,1.6318,21.5024
30.0853,Right,-0.2489,1.5477,20.4640,0.1162,0.1073,0.9874,item 1,-0.1267,1.6605,21.5024
30.0853,Combined,-0.2489,1.5477,20.4640,0.2512,0.1209,0.9604,item 1,0.0227,1.6784,21.5024
30.1714,Left,0.1960,1.5118,20.3519,0.1702,0.0932,0.9810,item 1,0.3956,1.6211,21.5024
30.1714,Right,-0.2488,1.5477,20.4634,0.1173,0.0977,0.9883,item 1,-0.1255,1.6504,21.5024
30.1714,Combined,-0.2488,1.5477,20.4634,0.2505,0.1206,0.9606,item 1,0.0221,1.6781,21.5024
30.2500,Left,0.1963,1.5118,20.3522,0.1744,0.0896,0.9806,item 1,0.4009,1.6169,21.5024
30.2500,Right,-0.2486,1.5476,20.4633,0.1216,0.0941,0.9881,item 1,-0.1208,1.6466,21.5024
30.2500,Combined,-0.2486,1.5476,20.4633,0.2495,0.1189,0.9610,item 1,0.0211,1.6762,21.5024
30.3217,Left,0.1966,1.5112,20.3534,0.1680,0.0861,0.9820,item 1,0.3932,1.6120,21.5024
30.3217,Right,-0.2486,1.5476,20.4632,0.1151,0.0906,0.9892,item 1,-0.1277,1.6428,21.5024
30.3217,Combined,-0.2486,1.5476,20.4632,0.2469,0.1175,0.9619,item 1,0.0181,1.6745,21.5024
30.4025,Left,0.1966,1.5106,20.3539,0.1652,0.0906,0.9821,item 1,0.3898,1.6165,21.5024
30.4025,Right,-0.2487,1.5475,20.4631,0.1123,0.0951,0.9891,item 1,-0.1307,1.6475,21.5024
30.4025,Combined,-0.2487,1.5475,20.4631,0.2456,0.1181,0.9622,item 1,0.0166,1.6750,21.5024
30.4758,Left,0.1964,1.5116,20.3535,0.1642,0.0903,0.9823,item 1,0.3885,1.6172,21.5024
30.4758,Right,-0.2490,1.5476,20.4627,0.1113,0.0948,0.9893,item 1,-0.1320,1.6472,21.5024
30.4758,Combined,-0.2490,1.5476,20.4627,0.2454,0.1185,0.9621,item 1,0.0162,1.6757,21.5024
30.5576,Left,0.1962,1.5122,20.3544,0.0137,0.0330,0.9994,item 1,0.2120,1.5502,21.5024
30.5576,Right,-0.2495,1.5475,20.4625,-0.0386,0.0386,0.9985,item 1,-0.2898,1.5877,21.5024
30.5576,Combined,-0.2495,1.5475,20.4625,0.2430,0.1175,0.9629,item 1,0.0129,1.6744,21.5024
30.6425,Left,0.1960,1.5123,20.3562,0.0120,0.0284,0.9995,item 1,0.2098,1.5449,21.5024
30.6425,Right,-0.2501,1.5473,20.4625,-0.0404,0.0340,0.9986,item 1,-0.2922,1.5828,21.5024
30.6425,Combined,-0.2501,1.5473,20.4625,0.2389,0.1162,0.9641,item 1,0.0076,1.6726,21.5024
30.7252,Left,0.1959,1.5124,20.3575,0.0095,0.0297,0.9995,item 1,0.2068,1.5464,21.5024
30.7252,Right,-0.2506,1.5473,20.4624,-0.0429,0.0352,0.9985,item 1,-0.2953,1.5840,21.5024
30.7252,Combined,-0.2506,1.5473,20.4624,0.2357,0.1155,0.9649,item 1,0.0035,1.6718,21.5024
30.8213,Left,0.1957,1.5130,20.3575,0.0128,0.0334,0.9994,item 1,0.2104,1.5513,21.5024
30.8213,Right,-0.2509,1.5475,20.4620,-0.0397,0.0388,0.9985,item 1,-0.2923,1.5880,21.5024
30.8213,Combined,-0.2509,1.5475,20.4620,0.2350,0.1173,0.9649,item 1,0.0025,1.6740,21.5024
30.9071,Left,0.1957,1.5131,20.3571,0.0146,0.0349,0.9993,item 1,0.2125,1.5531,21.5024
30.9071,Right,-0.2509,1.5478,20.4614,-0.0379,0.0403,0.9985,item 1,-0.2905,1.5898,21.5024
30.9071,Combined,-0.2509,1.5478,20.4614,0.2345,0.1188,0.9648,item 1,0.0020,1.6760,21.5024
31.0063,Left,0.1958,1.5124,20.3564,0.0139,0.0331,0.9994,item 1,0.2118,1.5504,21.5024
31.0063,Right,-0.2511,1.5480,20.4592,-0.0386,0.0386,0.9985,item 1,-0.2915,1.5884,21.5024
31.0063,Combined,-0.2511,1.5480,20.4592,0.2318,0.1207,0.9653,item 1,-0.0007,1.6785,21.5024
31.0860,Left,0.1955,1.5121,20.3539,0.1857,0.0050,0.9826,item 1,0.4126,1.5179,21.5024
31.0860,Right,-0.2515,1.5485,20.4562,0.1321,0.0098,0.9912,item 1,-0.1120,1.5588,21.5024
31.0860,Combined,-0.2515,1.5485,20.4562,0.2313,0.1283,0.9644,item 1,-0.0006,1.6876,21.5024
31.1734,Left,0.1949,1.5125,20.3481,0.1192,0.0633,0.9909,item 1,0.3337,1.5862,21.5024
31.1734,Right,-0.2519,1.5491,20.4512,0.0658,0.0681,0.9955,item 1,-0.1824,1.6211,21.5024
31.1734,Combined,-0.2519,1.5491,20.4512,0.2335,0.1406,0.9621,item 1,0.0032,1.7027,21.5024
31.2810,Left,0.1947,1.5126,20.3422,0.1818,0.0969,0.9786,item 1,0.4102,1.6275,21.5024
31.2810,Right,-0.2518,1.5496,20.4464,0.1287,0.1014,0.9865,item 1,-0.1141,1.6581,21.5024
31.2810,Combined,-0.2518,1.5496,20.4464,0.2365,0.1500,0.9600,item 1,0.0083,1.7146,21.5024
31.3516,Left,0.1948,1.5116,20.3386,0.1795,0.0987,0.9788,item 1,0.4083,1.6290,21.5024
31.3516,Right,-0.2514,1.5498,20.4435,0.1264,0.1033,0.9866,item 1,-0.1157,1.6607,21.5024
31.3516,Combined,-0.2514,1.5498,20.4435,0.2386,0.1544,0.9588,item 1,0.0121,1.7204,21.5024
31.4231,Left,0.1951,1.5111,20.3368,0.1810,0.0887,0.9795,item 1,0.4105,1.6167,21.5024
31.4231,Right,-0.2511,1.5499,20.4419,0.1278,0.0934,0.9874,item 1,-0.1138,1.6503,21.5024
31.4231,Combined,-0.2511,1.5499,20.4419,0.2393,0.1565,0.9582,item 1,0.0138,1.7232,21.5024
31.4765,Left,0.1954,1.5106,20.3355,0.1808,0.0901,0.9794,item 1,0.4108,1.6179,21.5024
31.4765,Right,-0.2507,1.5500,20.4408,0.1276,0.0949,0.9873,item 1,-0.1135,1.6520,21.5024
31.4765,Combined,-0.2507,1.5500,20.4408,0.2402,0.1580,0.9578,item 1,0.0156,1.7251,21.5024
31.5503,Left,0.1956,1.5103,20.3348,0.1811,0.0924,0.9791,item 1,0.4115,1.6206,21.5024
31.5503,Right,-0.2503,1.5501,20.4405,0.1279,0.0973,0.9870,item 1,-0.1127,1.6548,21.5024
31.5503,Combined,-0.2503,1.5501,20.4405,0.2410,0.1595,0.9573,item 1,0.0170,1.7269,21.5024
31.6325,Left,0.1959,1.5099,20.3346,0.1821,0.0864,0.9795,item 1,0.4129,1.6129,21.5024
31.6325,Right,-0.2501,1.5502,20.4401,0.1288,0.0914,0.9875,item 1,-0.1115,1.6485,21.5024
31.6325,Combined,-0.2501,1.5502,20.4401,0.2410,0.1617,0.9570,item 1,0.0174,1.7297,21.5024
31.7162,Left,0.1959,1.5094,20.3349,0.1798,0.0848,0.9800,item 1,0.4102,1.6104,21.5024
31.7162,Right,-0.2501,1.5503,20.4398,0.1266,0.0898,0.9879,item 1,-0.1139,1.6469,21.5024
31.7162,Combined,-0.2501,1.5503,20.4398,0.2400,0.1628,0.9570,item 1,0.0164,1.7310,21.5024
31.8082,Left,0.1959,1.5089,20.3343,0.1802,0.0845,0.9800,item 1,0.4107,1.6096,21.5024
31.8082,Right,-0.2500,1.5502,20.4395,0.1270,0.0896,0.9878,item 1,-0.1134,1.6467,21.5024
31.8082,Combined,-0.2500,1.5502,20.4395,0.2409,0.1625,0.9569,item 1,0.0175,1.7307,21.5024
31.9209,Left,0.1957,1.5088,20.3348,0.1805,0.0898,0.9795,item 1,0.4108,1.6159,21.5024
31.9209,Right,-0.2503,1.5503,20.4394,0.1273,0.0949,0.9873,item 1,-0.1133,1.6524,21.5024
31.9209,Combined,-0.2503,1.5503,20.4394,0.2397,0.1619,0.9573,item 1,0.0158,1.7300,21.5024
32.0051,Left,0.1956,1.5087,20.3352,0.1761,0.0857,0.9806,item 1,0.4052,1.6107,21.5024
32.0051,Right,-0.2505,1.5503,20.4393,0.1228,0.0908,0.9883,item 1,-0.1184,1.6480,21.5024
32.0051,Combined,-0.2505,1.5503,20.4393,0.2386,0.1617,0.9576,item 1,0.0144,1.7299,21.5024
32.0760,Left,0.1956,1.5086,20.3351,0.1780,0.0816,0.9806,item 1,0.4074,1.6057,21.5024
32.0760,Right,-0.2507,1.5504,20.4387,0.1247,0.0868,0.9884,item 1,-0.1165,1.6438,21.5024
32.0760,Combined,-0.2507,1.5504,20.4387,0.2376,0.1612,0.9579,item 1,0.0131,1.7295,21.5024
32.1437,Left,0.1952,1.5082,20.3343,0.1736,0.0818,0.9814,item 1,0.4017,1.6056,21.5024
32.1437,Right,-0.2512,1.5506,20.4371,0.1203,0.0870,0.9889,item 1,-0.1216,1.6443,21.5024
32.1437,Combined,-0.2512,1.5506,20.4371,0.2357,0.1578,0.9589,item 1,0.0107,1.7259,21.5024
32.2002,Left,0.1943,1.5094,20.3331,0.1686,0.0825,0.9822,item 1,0.3950,1.6077,21.5024
32.2002,Right,-0.2528,1.5509,20.4332,0.1153,0.0877,0.9895,item 1,-0.1282,1.6457,21.5024
32.2002,Combined,-0.2528,1.5509,20.4332,0.2297,0.1577,0.9604,item 1,0.0029,1.7265,21.5024
32.2735,Left,0.1928,1.5105,20.3308,0.1727,0.0891,0.9809,item 1,0.3990,1.6169,21.5024
32.2735,Right,-0.2548,1.5515,20.4286,0.1193,0.0941,0.9884,item 1,-0.1252,1.6537,21.5024
32.2735,Combined,-0.2548,1.5515,20.4286,0.2249,0.1669,0.9600,item 1,-0.0033,1.7382,21.5024
32.3532,Left,0.1903,1.5146,20.3259,0.1683,0.0980,0.9809,item 1,0.3921,1.6322,21.5024
32.3532,Right,-0.2583,1.5524,20.4208,0.1148,0.1027,0.9881,item 1,-0.1325,1.6648,21.5024
32.3532,Combined,-0.2583,1.5524,20.4208,0.2181,0.1804,0.9591,item 1,-0.0123,1.7558,21.5024
32.4264,Left,0.1869,1.5190,20.3207,0.1727,0.0930,0.9806,item 1,0.3951,1.6310,21.5024
32.4264,Right,-0.2627,1.5531,20.4117,0.1191,0.0972,0.9881,item 1,-0.1312,1.6603,21.5024
32.4264,Combined,-0.2627,1.5531,20.4117,0.2086,0.1901,0.9594,item 1,-0.0255,1.7692,21.5024
32.5060,Left,0.1830,1.5218,20.3204,0.1657,0.0853,0.9825,item 1,0.3825,1.6245,21.5024
32.5060,Right,-0.2684,1.5534,20.4032,0.1119,0.0892,0.9897,item 1,-0.1440,1.6525,21.5024
32.5060,Combined,-0.2684,1.5534,20.4032,0.1902,0.1976,0.9617,item 1,-0.0509,1.7792,21.5024
32.5901,Left,0.1777,1.5276,20.3148,0.1508,0.1305,0.9799,item 1,0.3604,1.6857,21.5024
32.5901,Right,-0.2750,1.5541,20.3921,0.0970,0.1337,0.9863,item 1,-0.1658,1.7046,21.5024
32.5901,Combined,-0.2750,1.5541,20.3921,0.1765,0.2118,0.9612,item 1,-0.0712,1.7988,21.5024
32.6612,Left,0.1746,1.5335,20.3028,0.1627,0.1447,0.9760,item 1,0.3746,1.7114,21.5024
32.6612,Right,-0.2777,1.5549,20.3838,0.1090,0.1473,0.9831,item 1,-0.1537,1.7226,21.5024
32.6612,Combined,-0.2777,1.5549,20.3838,0.1820,0.2279,0.9565,item 1,-0.0649,1.8215,21.5024
32.7286,Left,0.1732,1.5358,20.2938,0.1704,0.1510,0.9737,item 1,0.3847,1.7232,21.5024
32.7286,Right,-0.2787,1.5555,20.3777,0.1167,0.1533,0.9813,item 1,-0.1449,1.7312,21.5024
32.7286,Combined,-0.2787,1.5555,20.3777,0.1874,0.2381,0.9530,item 1,-0.0576,1.8365,21.5024
32.8034,Left,0.1729,1.5352,20.2905,0.1637,0.1434,0.9760,item 1,0.3761,1.7133,21.5024
32.8034,Right,-0.2791,1.5558,20.3733,0.1099,0.1458,0.9832,item 1,-0.1530,1.7233,21.5024
32.8034,Combined,-0.2791,1.5558,20.3733,0.1856,0.2464,0.9512,item 1,-0.0588,1.8484,21.5024
32.8664,Left,0.1732,1.5338,20.2900,0.1561,0.1330,0.9787,item 1,0.3666,1.6985,21.5024
32.8664,Right,-0.2792,1.5560,20.3702,0.1021,0.1356,0.9855,item 1,-0.1619,1.7118,21.5024
32.8664,Combined,-0.2792,1.5560,20.3702,0.1809,0.2525,0.9505,item 1,-0.0637,1.8568,21.5024
32.9515,Left,0.1739,1.5323,20.2879,0.1609,0.1333,0.9779,item 1,0.3738,1.6978,21.5024
32.9515,Right,-0.2784,1.5562,20.3681,0.1069,0.1360,0.9849,item 1,-0.1553,1.7129,21.5024
32.9515,Combined,-0.2784,1.5562,20.3681,0.1818,0.2574,0.9491,item 1,-0.0612,1.8639,21.5024
33.0199,Left,0.1744,1.5308,20.2860,0.1640,0.1311,0.9777,item 1,0.3783,1.6939,21.5024
33.0199,Right,-0.2777,1.5563,20.3674,0.1100,0.1341,0.9848,item 1,-0.1509,1.7108,21.5024
33.0199,Combined,-0.2777,1.5563,20.3674,0.1853,0.2582,0.9482,item 1,-0.0559,1.8653,21.5024
33.0945,Left,0.1749,1.5308,20.2860,0.1629,0.1217,0.9791,item 1,0.3772,1.6820,21.5024
33.0945,Right,-0.2771,1.5562,20.3680,0.1088,0.1248,0.9862,item 1,-0.1519,1.6997,21.5024
33.0945,Combined,-0.2771,1.5562,20.3680,0.1864,0.2565,0.9484,item 1,-0.0540,1.8631,21.5024
33.1617,Left,0.1757,1.5305,20.2855,0.1660,0.1184,0.9790,item 1,0.3821,1.6777,21.5024
33.1617,Right,-0.2759,1.5557,20.3692,0.1120,0.1214,0.9863,item 1,-0.1472,1.6952,21.5024
33.1617,Combined,-0.2759,1.5557,20.3692,0.1899,0.2528,0.9487,item 1,-0.0491,1.8577,21.5024
33.2167,Left,0.1773,1.5286,20.2842,0.1661,0.1163,0.9792,item 1,0.3839,1.6733,21.5024
33.2167,Right,-0.2736,1.5547,20.3712,0.1121,0.1195,0.9865,item 1,-0.1451,1.6917,21.5024
33.2167,Combined,-0.2736,1.5547,20.3712,0.1972,0.2456,0.9491,item 1,-0.0385,1.8475,21.5024
33.2902,Left,0.1791,1.5264,20.2837,0.1730,0.1130,0.9784,item 1,0.3946,1.6672,21.5024
33.2902,Right,-0.2712,1.5535,20.3737,0.1191,0.1163,0.9860,item 1,-0.1348,1.6866,21.5024
33.2902,Combined,-0.2712,1.5535,20.3737,0.2041,0.2359,0.9501,item 1,-0.0287,1.8337,21.5024
33.3558,Left,0.1818,1.5236,20.2849,0.1545,0.1157,0.9812,item 1,0.3735,1.6672,21.5024
33.3558,Right,-0.2678,1.5518,20.3777,0.1007,0.1191,0.9878,item 1,-0.1532,1.6874,21.5024
33.3558,Combined,-0.2678,1.5518,20.3777,0.2106,0.2216,0.9521,item 1,-0.0191,1.8136,21.5024
33.4108,Left,0.1844,1.5214,20.2876,0.1571,0.1098,0.9815,item 1,0.3789,1.6573,21.5024
33.4108,Right,-0.2648,1.5505,20.3824,0.1034,0.1134,0.9882,item 1,-0.1475,1.6790,21.5024
33.4108,Combined,-0.2648,1.5505,20.3824,0.2148,0.2089,0.9541,item 1,-0.0125,1.7957,21.5024
33.4806,Left,0.1864,1.5202,20.2902,0.1581,0.1082,0.9815,item 1,0.3818,1.6538,21.5024
33.4806,Right,-0.2625,1.5495,20.3861,0.1045,0.1118,0.9882,item 1,-0.1444,1.6758,21.5024
33.4806,Combined,-0.2625,1.5495,20.3861,0.2171,0.1996,0.9555,item 1,-0.0089,1.7827,21.5024
33.5491,Left,0.1886,1.5180,20.2932,0.1602,0.1040,0.9816,item 1,0.3860,1.6461,21.5024
33.5491,Right,-0.2600,1.5485,20.3903,0.1067,0.1077,0.9884,item 1,-0.1400,1.6697,21.5024
33.5491,Combined,-0.2600,1.5485,20.3903,0.2199,0.1882,0.9572,item 1,-0.0045,1.7672,21.5024
33.6059,Left,0.1900,1.5161,20.2964,0.1587,0.1144,0.9807,item 1,0.3852,1.6568,21.5024
33.6059,Right,-0.2585,1.5475,20.3937,0.1054,0.1182,0.9874,item 1,-0.1402,1.6803,21.5024
33.6059,Combined,-0.2585,1.5475,20.3937,0.2205,0.1770,0.9592,item 1,-0.0036,1.7522,21.5024
33.6908,Left,0.1905,1.5146,20.2998,0.1519,0.1182,0.9813,item 1,0.3767,1.6594,21.5024
33.6908,Right,-0.2583,1.5467,20.3956,0.0986,0.1220,0.9876,item 1,-0.1477,1.6834,21.5024
33.6908,Combined,-0.2583,1.5467,20.3956,0.2173,0.1681,0.9615,item 1,-0.0082,1.7401,21.5024
33.7602,Left,0.1902,1.5150,20.3025,0.1475,0.1252,0.9811,item 1,0.3707,1.6680,21.5024
33.7602,Right,-0.2591,1.5464,20.3960,0.0943,0.1289,0.9872,item 1,-0.1534,1.6910,21.5024
33.7602,Combined,-0.2591,1.5464,20.3960,0.2119,0.1642,0.9634,item 1,-0.0157,1.7351,21.5024
33.8326,Left,0.1890,1.5155,20.3034,0.1532,0.1310,0.9795,item 1,0.3765,1.6758,21.5024
33.8326,Right,-0.2608,1.5465,20.3947,0.1000,0.1346,0.9858,item 1,-0.1485,1.6978,21.5024
33.8326,Combined,-0.2608,1.5465,20.3947,0.2072,0.1646,0.9644,item 1,-0.0228,1.7356,21.5024
33.8985,Left,0.1873,1.5172,20.3057,0.1451,0.1350,0.9802,item 1,0.3644,1.6820,21.5024
33.8985,Right,-0.2635,1.5469,20.3924,0.0918,0.1385,0.9861,item 1,-0.1601,1.7028,21.5024
33.8985,Combined,-0.2635,1.5469,20.3924,0.1967,0.1666,0.9662,item 1,-0.0375,1.7383,21.5024
33.9549,Left,0.1850,1.5187,20.3108,0.1353,0.1335,0.9818,item 1,0.3492,1.6808,21.5024
33.9549,Right,-0.2674,1.5474,20.3893,0.0819,0.1369,0.9872,item 1,-0.1750,1.7018,21.5024
33.9549,Combined,-0.2674,1.5474,20.3893,0.1789,0.1684,0.9694,item 1,-0.0620,1.7407,21.5024
34.0258,Left,0.1828,1.5198,20.3153,0.1265,0.1257,0.9840,item 1,0.3354,1.6715,21.5024
34.0258,Right,-0.2708,1.5477,20.3862,0.0730,0.1290,0.9890,item 1,-0.1885,1.6933,21.5024
34.0258,Combined,-0.2708,1.5477,20.3862,0.1622,0.1688,0.9722,item 1,-0.0846,1.7414,21.5024
34.1073,Left,0.1800,1.5220,20.3194,0.1388,0.1265,0.9822,item 1,0.3472,1.6743,21.5024
34.1073,Right,-0.2750,1.5479,20.3816,0.0852,0.1296,0.9879,item 1,-0.1783,1.6949,21.5024
34.1073,Combined,-0.2750,1.5479,20.3816,0.1428,0.1678,0.9754,item 1,-0.1110,1.7407,21.5024
34.1790,Left,0.1759,1.5264,20.3227,0.1366,0.1233,0.9829,item 1,0.3399,1.6745,21.5024
34.1790,Right,-0.2805,1.5487,20.3749,0.0831,0.1260,0.9885,item 1,-0.1858,1.6924,21.5024
34.1790,Combined,-0.2805,1.5487,20.3749,0.1201,0.1679,0.9785,item 1,-0.1422,1.7421,21.5024
34.2455,Left,0.1710,1.5310,20.3267,0.1299,0.1254,0.9836,item 1,0.3263,1.6809,21.5024
34.2455,Right,-0.2867,1.5494,20.3687,0.0762,0.1276,0.9889,item 1,-0.1993,1.6958,21.5024
34.2455,Combined,-0.2867,1.5494,20.3687,0.0969,0.1689,0.9808,item 1,-0.1746,1.7447,21.5024
34.3043,Left,0.1642,1.5347,20.3299,0.1247,0.1335,0.9832,item 1,0.3129,1.6940,21.5024
34.3043,Right,-0.2943,1.5503,20.3637,0.0710,0.1355,0.9882,item 1,-0.2125,1.7065,21.5024
34.3043,Combined,-0.2943,1.5503,20.3637,0.0784,0.1790,0.9807,item 1,-0.2033,1.7582,21.5024
34.3867,Left,0.1575,1.5373,20.3277,0.1501,0.1320,0.9798,item 1,0.3374,1.6956,21.5024
34.3867,Right,-0.3012,1.5503,20.3604,0.0966,0.1336,0.9863,item 1,-0.1893,1.7050,21.5024
34.3867,Combined,-0.3012,1.5503,20.3604,0.0750,0.1756,0.9816,item 1,-0.2139,1.7546,21.5024
34.4571,Left,0.1473,1.5404,20.3169,0.1847,0.0963,0.9781,item 1,0.3711,1.6571,21.5024
34.4571,Right,-0.3109,1.5481,20.3567,0.1315,0.0972,0.9865,item 1,-0.1582,1.6610,21.5024
34.4571,Combined,-0.3109,1.5481,20.3567,0.0881,0.1484,0.9850,item 1,-0.2084,1.7207,21.5024
34.5392,Left,0.1369,1.5433,20.3044,0.2539,0.0296,0.9668,,0.0000,0.0000,0.0000
34.5392,Right,-0.3204,1.5459,20.3541,0.2014,0.0294,0.9791,item 1,-0.0841,1.5804,21.5024
34.5392,Combined,-0.3204,1.5459,20.3541,0.1080,0.1162,0.9873,item 1,-0.1948,1.6811,21.5024
34.6113,Left,0.1268,1.5490,20.2926,0.2553,0.0414,0.9660,item 1,0.4466,1.6009,21.5024
34.6113,Right,-0.3293,1.5439,20.3525,0.2031,0.0405,0.9783,item 1,-0.0906,1.5915,21.5024
34.6113,Combined,-0.3293,1.5439,20.3525,0.1287,0.0881,0.9878,item 1,-0.1795,1.6465,21.5024
34.6927,Left,0.1178,1.5525,20.2839,0.2400,0.0461,0.9697,item 1,0.4194,1.6105,21.5024
34.6927,Right,-0.3370,1.5412,20.3518,0.1877,0.0447,0.9812,item 1,-0.1169,1.5936,21.5024
34.6927,Combined,-0.3370,1.5412,20.3518,0.1460,0.0569,0.9876,item 1,-0.1669,1.6075,21.5024
34.7687,Left,0.1109,1.5562,20.2801,0.2397,0.0481,0.9697,item 1,0.4130,1.6168,21.5024
34.7687,Right,-0.3430,1.5396,20.3526,0.1875,0.0460,0.9812,item 1,-0.1233,1.5935,21.5024
34.7687,Combined,-0.3430,1.5396,20.3526,0.1564,0.0366,0.9870,item 1,-0.1608,1.5823,21.5024
34.8449,Left,0.1054,1.5589,20.2801,0.2399,0.0741,0.9680,item 1,0.4083,1.6525,21.5024
34.8449,Right,-0.3480,1.5395,20.3553,0.1879,0.0717,0.9796,item 1,-0.1279,1.6235,21.5024
34.8449,Combined,-0.3480,1.5395,20.3553,0.1620,0.0361,0.9861,item 1,-0.1596,1.5815,21.5024
34.9138,Left,0.0991,1.5620,20.2811,0.2451,0.0714,0.9669,item 1,0.4086,1.6523,21.5024
34.9138,Right,-0.3538,1.5391,20.3586,0.1932,0.0686,0.9788,item 1,-0.1280,1.6193,21.5024
34.9138,Combined,-0.3538,1.5391,20.3586,0.1670,0.0332,0.9854,item 1,-0.1599,1.5777,21.5024
34.9702,Left,0.0946,1.5640,20.2816,0.2491,0.0745,0.9656,item 1,0.4095,1.6582,21.5024
34.9702,Right,-0.3578,1.5393,20.3614,0.1973,0.0714,0.9777,item 1,-0.1275,1.6227,21.5024
34.9702,Combined,-0.3578,1.5393,20.3614,0.1716,0.0370,0.9845,item 1,-0.1589,1.5822,21.5024
35.0543,Left,0.0911,1.5643,20.2826,0.2512,0.0760,0.9649,item 1,0.4086,1.6604,21.5024
35.0543,Right,-0.3611,1.5394,20.3635,0.1994,0.0730,0.9772,item 1,-0.1287,1.6244,21.5024
35.0543,Combined,-0.3611,1.5394,20.3635,0.1738,0.0375,0.9841,item 1,-0.1599,1.5828,21.5024
35.1248,Left,0.0873,1.5647,20.2843,0.2499,0.0775,0.9652,item 1,0.4027,1.6625,21.5024
35.1248,Right,-0.3648,1.5394,20.3655,0.1981,0.0744,0.9774,item 1,-0.1343,1.6259,21.5024
35.1248,Combined,-0.3648,1.5394,20.3655,0.1745,0.0373,0.9839,item 1,-0.1631,1.5825,21.5024
35.1939,Left,0.0849,1.5654,20.2858,0.2526,0.0776,0.9645,item 1,0.4036,1.6632,21.5024
35.1939,Right,-0.3671,1.5392,20.3668,0.2008,0.0743,0.9768,item 1,-0.1336,1.6257,21.5024
35.1939,Combined,-0.3671,1.5392,20.3668,0.1743,0.0374,0.9840,item 1,-0.1660,1.5824,21.5024
35.2819,Left,0.0835,1.5654,20.2861,0.2572,0.0745,0.9635,item 1,0.4082,1.6594,21.5024
35.2819,Right,-0.3685,1.5389,20.3676,0.2055,0.0712,0.9761,item 1,-0.1295,1.6217,21.5024
35.2819,Combined,-0.3685,1.5389,20.3676,0.1754,0.0350,0.9839,item 1,-0.1662,1.5793,21.5024
35.3612,Left,0.0832,1.5647,20.2872,0.2544,0.0740,0.9643,item 1,0.4039,1.6580,21.5024
35.3612,Right,-0.3689,1.5384,20.3679,0.2027,0.0707,0.9767,item 1,-0.1334,1.6206,21.5024
35.3612,Combined,-0.3689,1.5384,20.3679,0.1737,0.0334,0.9842,item 1,-0.1687,1.5769,21.5024
35.4445,Left,0.0833,1.5635,20.2893,0.2546,0.0739,0.9642,item 1,0.4037,1.6564,21.5024
35.4445,Right,-0.3692,1.5377,20.3681,0.2029,0.0707,0.9766,item 1,-0.1334,1.6198,21.5024
35.4445,Combined,-0.3692,1.5377,20.3681,0.1697,0.0312,0.9850,item 1,-0.1738,1.5737,21.5024
35.5306,Left,0.0835,1.5628,20.2917,0.2527,0.0741,0.9647,item 1,0.4007,1.6557,21.5024
35.5306,Right,-0.3694,1.5374,20.3681,0.2010,0.0709,0.9770,item 1,-0.1359,1.6197,21.5024
35.5306,Combined,-0.3694,1.5374,20.3681,0.1649,0.0276,0.9859,item 1,-0.1796,1.5692,21.5024
35.6128,Left,0.0836,1.5618,20.2950,0.2512,0.0767,0.9649,item 1,0.3979,1.6578,21.5024
35.6128,Right,-0.3699,1.5375,20.3684,0.1996,0.0735,0.9771,item 1,-0.1383,1.6228,21.5024
35.6128,Combined,-0.3699,1.5375,20.3684,0.1582,0.0275,0.9870,item 1,-0.1881,1.5690,21.5024
35.6804,Left,0.0832,1.5606,20.2981,0.2493,0.0814,0.9650,item 1,0.3944,1.6623,21.5024
35.6804,Right,-0.3708,1.5375,20.3686,0.1977,0.0785,0.9771,item 1,-0.1414,1.6286,21.5024
35.6804,Combined,-0.3708,1.5375,20.3686,0.1519,0.0275,0.9880,item 1,-0.1964,1.5691,21.5024
35.7491,Left,0.0825,1.5609,20.3012,0.2454,0.0780,0.9663,item 1,0.3876,1.6579,21.5024
35.7491,Right,-0.3719,1.5375,20.3688,0.1937,0.0751,0.9782,item 1,-0.1474,1.6245,21.5024
35.7491,Combined,-0.3719,1.5375,20.3688,0.1458,0.0266,0.9890,item 1,-0.2048,1.5680,21.5024
35.8067,Left,0.0817,1.5616,20.3042,0.2471,0.0780,0.9659,item 1,0.3882,1.6583,21.5024
35.8067,Right,-0.3730,1.5374,20.3691,0.1954,0.0749,0.9779,item 1,-0.1465,1.6242,21.5024
35.8067,Combined,-0.3730,1.5374,20.3691,0.1399,0.0261,0.9898,item 1,-0.2128,1.5673,21.5024
35.8764,Left,0.0813,1.5616,20.3064,0.3100,0.0354,0.9501,,0.0000,0.0000,0.0000
35.8764,Right,-0.3737,1.5374,20.3693,0.2593,0.0317,0.9653,item 1,-0.0693,1.5746,21.5024
35.8764,Combined,-0.3737,1.5374,20.3693,0.1356,0.0257,0.9904,item 1,-0.2186,1.5668,21.5024
35.9761,Left,0.0811,1.5604,20.3098,0.3148,0.0354,0.9485,,0.0000,0.0000,0.0000
35.9761,Right,-0.3744,1.5373,20.3695,0.2643,0.0318,0.9639,item 1,-0.0638,1.5746,21.5024
35.9761,Combined,-0.3744,1.5373,20.3695,0.1285,0.0252,0.9914,item 1,-0.2276,1.5661,21.5024
36.0615,Left,0.0813,1.5579,20.3130,0.3071,0.0314,0.9512,,0.0000,0.0000,0.0000
36.0615,Right,-0.3748,1.5373,20.3694,0.2564,0.0280,0.9662,item 1,-0.0741,1.5701,21.5024
36.0615,Combined,-0.3748,1.5373,20.3694,0.1215,0.0251,0.9923,item 1,-0.2360,1.5659,21.5024
36.1760,Left,0.0815,1.5568,20.3173,0.3560,0.0072,0.9345,,0.0000,0.0000,0.0000
36.1760,Right,-0.3752,1.5373,20.3692,0.3066,0.0033,0.9518,item 1,-0.0102,1.5412,21.5024
36.1760,Combined,-0.3752,1.5373,20.3692,0.1118,0.0250,0.9934,item 1,-0.2477,1.5658,21.5024
36.2521,Left,0.0817,1.5561,20.3186,0.3530,0.0137,0.9355,,0.0000,0.0000,0.0000
36.2521,Right,-0.3752,1.5373,20.3688,0.3036,0.0099,0.9527,item 1,-0.0139,1.5491,21.5024
36.2521,Combined,-0.3752,1.5373,20.3688,0.1081,0.0251,0.9938,item 1,-0.2519,1.5659,21.5024
36.3334,Left,0.0821,1.5558,20.3188,0.3531,0.0163,0.9354,,0.0000,0.0000,0.0000
36.3334,Right,-0.3749,1.5376,20.3680,0.3038,0.0126,0.9527,item 1,-0.0132,1.5526,21.5024
36.3334,Combined,-0.3749,1.5376,20.3680,0.1059,0.0279,0.9940,item 1,-0.2541,1.5694,21.5024
36.4176,Left,0.0824,1.5558,20.3186,0.3527,0.0138,0.9356,,0.0000,0.0000,0.0000
36.4176,Right,-0.3747,1.5381,20.3668,0.3033,0.0102,0.9529,item 1,-0.0133,1.5502,21.5024
36.4176,Combined,-0.3747,1.5381,20.3668,0.1036,0.0335,0.9940,item 1,-0.2563,1.5764,21.5024
36.4871,Left,0.0828,1.5554,20.3180,0.3522,0.0172,0.9358,,0.0000,0.0000,0.0000
36.4871,Right,-0.3744,1.5386,20.3658,0.3028,0.0137,0.9530,item 1,-0.0133,1.5549,21.5024
36.4871,Combined,-0.3744,1.5386,20.3658,0.1025,0.0389,0.9940,item 1,-0.2572,1.5831,21.5024
36.5656,Left,0.0832,1.5551,20.3174,0.3522,0.0122,0.9359,,0.0000,0.0000,0.0000
36.5656,Right,-0.3741,1.5389,20.3650,0.3027,0.0087,0.9531,item 1,-0.0128,1.5493,21.5024
36.5656,Combined,-0.3741,1.5389,20.3650,0.1018,0.0426,0.9939,item 1,-0.2576,1.5876,21.5024
36.6517,Left,0.0838,1.5543,20.3168,0.3771,-0.0183,0.9260,,0.0000,0.0000,0.0000
36.6517,Right,-0.3735,1.5391,20.3642,0.3281,-0.0223,0.9444,item 1,0.0220,1.5123,21.5024
36.6517,Combined,-0.3735,1.5391,20.3642,0.1016,0.0452,0.9938,item 1,-0.2571,1.5909,21.5024
36.7267,Left,0.0846,1.5533,20.3158,0.3784,-0.0224,0.9254,,0.0000,0.0000,0.0000
36.7267,Right,-0.3727,1.5392,20.3639,0.3295,-0.0263,0.9438,item 1,0.0247,1.5075,21.5024
36.7267,Combined,-0.3727,1.5392,20.3639,0.1032,0.0461,0.9936,item 1,-0.2544,1.5920,21.5024
36.7933,Left,0.0850,1.5528,20.3152,0.3772,-0.0203,0.9259,,0.0000,0.0000,0.0000
36.7933,Right,-0.3722,1.5391,20.3638,0.3282,-0.0241,0.9443,item 1,0.0235,1.5100,21.5024
36.7933,Combined,-0.3722,1.5391,20.3638,0.1042,0.0459,0.9935,item 1,-0.2528,1.5918,21.5024
36.8506,Left,0.0853,1.5524,20.3155,0.3776,-0.0186,0.9258,,0.0000,0.0000,0.0000
36.8506,Right,-0.3719,1.5391,20.3638,0.3286,-0.0224,0.9442,item 1,0.0244,1.5121,21.5024
36.8506,Combined,-0.3719,1.5391,20.3638,0.1036,0.0457,0.9936,item 1,-0.2532,1.5914,21.5024
36.9197,Left,0.0854,1.5521,20.3158,0.3830,-0.0187,0.9235,,0.0000,0.0000,0.0000
36.9197,Right,-0.3719,1.5390,20.3639,0.3342,-0.0225,0.9422,item 1,0.0320,1.5119,21.5024
36.9197,Combined,-0.3719,1.5390,20.3639,0.1031,0.0458,0.9936,item 1,-0.2537,1.5915,21.5024
36.9884,Left,0.0854,1.5520,20.3160,0.3831,-0.0185,0.9235,,0.0000,0.0000,0.0000
36.9884,Right,-0.3719,1.5391,20.3639,0.3343,-0.0222,0.9422,item 1,0.0321,1.5122,21.5024
36.9884,Combined,-0.3719,1.5391,20.3639,0.1027,0.0465,0.9936,item 1,-0.2543,1.5924,21.5024
37.0564,Left,0.0853,1.5518,20.3163,0.2703,0.0414,0.9619,item 1,0.4187,1.6028,21.5024
37.0564,Right,-0.3720,1.5391,20.3639,0.2189,0.0392,0.9750,item 1,-0.1164,1.5849,21.5024
37.0564,Combined,-0.3720,1.5391,20.3639,0.1022,0.0467,0.9937,item 1,-0.2550,1.5927,21.5024
37.1266,Left,0.0852,1.5518,20.3167,0.2479,0.0552,0.9672,item 1,0.3891,1.6194,21.5024
37.1266,Right,-0.3722,1.5391,20.3640,0.1961,0.0532,0.9791,item 1,-0.1441,1.6009,21.5024
37.1266,Combined,-0.3722,1.5391,20.3640,0.1014,0.0467,0.9938,item 1,-0.2560,1.5926,21.5024
37.1998,Left,0.0850,1.5517,20.3168,0.2460,0.0566,0.9676,item 1,0.3865,1.6211,21.5024
37.1998,Right,-0.3724,1.5391,20.3639,0.1942,0.0546,0.9794,item 1,-0.1466,1.6026,21.5024
37.1998,Combined,-0.3724,1.5391,20.3639,0.1010,0.0460,0.9938,item 1,-0.2567,1.5918,21.5024
37.2534,Left,0.0850,1.5519,20.3167,0.2436,0.0583,0.9681,item 1,0.3834,1.6233,21.5024
37.2534,Right,-0.3724,1.5391,20.3637,0.1918,0.0563,0.9798,item 1,-0.1496,1.6046,21.5024
37.2534,Combined,-0.3724,1.5391,20.3637,0.1009,0.0462,0.9938,item 1,-0.2568,1.5921,21.5024
37.3504,Left,0.0849,1.5519,20.3167,0.2447,0.0583,0.9679,item 1,0.3847,1.6233,21.5024
37.3504,Right,-0.3725,1.5392,20.3635,0.1928,0.0563,0.9796,item 1,-0.1483,1.6047,21.5024
37.3504,Combined,-0.3725,1.5392,20.3635,0.1003,0.0473,0.9938,item 1,-0.2576,1.5935,21.5024
37.4194,Left,0.0849,1.5518,20.3167,0.1955,0.0579,0.9790,item 1,0.3217,1.6219,21.5024
37.4194,Right,-0.3725,1.5393,20.3631,0.1429,0.0561,0.9881,item 1,-0.2078,1.6041,21.5024
37.4194,Combined,-0.3725,1.5393,20.3631,0.0995,0.0480,0.9939,item 1,-0.2585,1.5944,21.5024
37.4901,Left,0.0850,1.5515,20.3167,-0.0090,0.0638,0.9979,item 1,0.0744,1.6273,21.5024
37.4901,Right,-0.3725,1.5394,20.3628,-0.0619,0.0629,0.9961,item 1,-0.4434,1.6114,21.5024
37.4901,Combined,-0.3725,1.5394,20.3628,0.0988,0.0485,0.9939,item 1,-0.2592,1.5949,21.5024
37.5612,Left,0.0851,1.5513,20.3173,-0.0139,0.0592,0.9981,item 1,0.0686,1.6216,21.5024
37.5612,Right,-0.3725,1.5394,20.3626,-0.0669,0.0584,0.9961,item 1,-0.4490,1.6062,21.5024
37.5612,Combined,-0.3725,1.5394,20.3626,0.0971,0.0483,0.9941,item 1,-0.2612,1.5947,21.5024
37.6139,Left,0.0851,1.5512,20.3184,-0.0105,0.0603,0.9981,item 1,0.0727,1.6227,21.5024
37.6139,Right,-0.3726,1.5393,20.3626,-0.0635,0.0595,0.9962,item 1,-0.4453,1.6073,21.5024
37.6139,Combined,-0.3726,1.5393,20.3626,0.0948,0.0477,0.9944,item 1,-0.2640,1.5940,21.5024
37.6902,Left,0.0850,1.5509,20.3195,-0.0142,0.0602,0.9981,item 1,0.0682,1.6223,21.5024
37.6902,Right,-0.3728,1.5392,20.3628,-0.0672,0.0595,0.9960,item 1,-0.4497,1.6073,21.5024
37.6902,Combined,-0.3728,1.5392,20.3628,0.0930,0.0465,0.9946,item 1,-0.2662,1.5925,21.5024
37.7663,Left,-0.0790,1.5503,20.0094,0.6982,0.0575,0.7136,,0.0000,0.0000,0.0000
37.7663,Right,-0.3729,1.5391,20.3630,0.6594,0.0568,0.7497,,0.0000,0.0000,0.0000
37.7663,Combined,-0.3729,1.5391,20.3630,0.7676,0.0449,0.6394,,0.0000,0.0000,0.0000
37.8511,Left,-0.0782,1.5502,20.0104,0.6963,0.0581,0.7154,,0.0000,0.0000,0.0000
37.8511,Right,-0.3731,1.5391,20.3633,0.6574,0.0573,0.7514,,0.0000,0.0000,0.0000
37.8511,Combined,-0.3731,1.5391,20.3633,0.7659,0.0447,0.6414,,0.0000,0.0000,0.0000
37.9391,Left,-0.0774,1.5507,20.0117,0.6959,0.0563,0.7159,,0.0000,0.0000,0.0000
37.9391,Right,-0.3733,1.5391,20.3637,0.6569,0.0555,0.7519,,0.0000,0.0000,0.0000
37.9391,Combined,-0.3733,1.5391,20.3637,0.7639,0.0451,0.6437,,0.0000,0.0000,0.0000
38.0436,Left,-0.0768,1.5511,20.0130,0.6959,0.0586,0.7158,,0.0000,0.0000,0.0000
38.0436,Right,-0.3738,1.5391,20.3641,0.6569,0.0578,0.7518,,0.0000,0.0000,0.0000
38.0436,Combined,-0.3738,1.5391,20.3641,0.7619,0.0455,0.6460,,0.0000,0.0000,0.0000
38.1234,Left,-0.0766,1.5514,20.0138,0.6936,0.0570,0.7181,,0.0000,0.0000,0.0000
38.1234,Right,-0.3741,1.5391,20.3644,0.6545,0.0561,0.7540,,0.0000,0.0000,0.0000
38.1234,Combined,-0.3741,1.5391,20.3644,0.7609,0.0460,0.6472,,0.0000,0.0000,0.0000
38.1993,Left,-0.0759,1.5517,20.0150,0.6942,0.0573,0.7175,,0.0000,0.0000,0.0000
38.1993,Right,-0.3744,1.5392,20.3648,0.6551,0.0563,0.7535,,0.0000,0.0000,0.0000
38.1993,Combined,-0.3744,1.5392,20.3648,0.7590,0.0459,0.6494,,0.0000,0.0000,0.0000
38.2690,Left,-0.0750,1.5518,20.0165,0.5679,0.0136,0.8230,,0.0000,0.0000,0.0000
38.2690,Right,-0.3748,1.5391,20.3652,0.5246,0.0140,0.8512,item 1,0.3261,1.5578,21.5024
38.2690,Combined,-0.3748,1.5391,20.3652,0.7568,0.0448,0.6521,,0.0000,0.0000,0.0000
38.3313,Left,-0.0744,1.5519,20.0175,0.5472,0.0103,0.8370,,0.0000,0.0000,0.0000
38.3313,Right,-0.3750,1.5390,20.3655,0.5035,0.0109,0.8639,item 1,0.2876,1.5533,21.5024
38.3313,Combined,-0.3750,1.5390,20.3655,0.7552,0.0442,0.6540,,0.0000,0.0000,0.0000
38.4079,Left,-0.0742,1.5521,20.0181,0.5540,0.0079,0.8325,,0.0000,0.0000,0.0000
38.4079,Right,-0.3753,1.5391,20.3656,0.5104,0.0084,0.8599,item 1,0.2994,1.5502,21.5024
38.4079,Combined,-0.3753,1.5391,20.3656,0.7542,0.0446,0.6551,,0.0000,0.0000,0.0000
38.4770,Left,-0.0738,1.5522,20.0187,0.7203,0.0339,0.6929,,0.0000,0.0000,0.0000
38.4770,Right,-0.3754,1.5391,20.3658,0.6821,0.0328,0.7305,,0.0000,0.0000,0.0000
38.4770,Combined,-0.3754,1.5391,20.3658,0.7533,0.0451,0.6562,,0.0000,0.0000,0.0000
38.5359,Left,-0.0733,1.5523,20.0194,0.7547,0.0374,0.6550,,0.0000,0.0000,0.0000
38.5359,Right,-0.3755,1.5391,20.3660,0.7185,0.0360,0.6946,,0.0000,0.0000,0.0000
38.5359,Combined,-0.3755,1.5391,20.3660,0.7522,0.0450,0.6574,,0.0000,0.0000,0.0000
38.6265,Left,0.0834,1.5520,20.3356,0.0713,0.0427,0.9965,item 1,0.1669,1.6019,21.5024
38.6265,Right,-0.3754,1.5390,20.3661,0.0178,0.0413,0.9990,item 1,-0.3552,1.5860,21.5024
38.6265,Combined,-0.3754,1.5390,20.3661,0.0651,0.0447,0.9969,item 1,-0.3012,1.5900,21.5024
38.7026,Left,0.0836,1.5514,20.3360,0.0742,0.0426,0.9963,item 1,0.1704,1.6013,21.5024
38.7026,Right,-0.3752,1.5391,20.3663,0.0206,0.0412,0.9989,item 1,-0.3518,1.5859,21.5024
38.7026,Combined,-0.3752,1.5391,20.3663,0.0645,0.0445,0.9969,item 1,-0.3017,1.5898,21.5024
38.7946,Left,0.0841,1.5507,20.3353,0.0741,0.0419,0.9964,item 1,0.1710,1.5998,21.5024
38.7946,Right,-0.3747,1.5391,20.3662,0.0206,0.0406,0.9990,item 1,-0.3513,1.5853,21.5024
38.7946,Combined,-0.3747,1.5391,20.3662,0.0660,0.0445,0.9968,item 1,-0.2994,1.5898,21.5024
38.8661,Left,0.0846,1.5499,20.3351,0.0736,0.0411,0.9964,item 1,0.1708,1.5980,21.5024
38.8661,Right,-0.3742,1.5391,20.3662,0.0200,0.0399,0.9990,item 1,-0.3514,1.5845,21.5024
38.8661,Combined,-0.3742,1.5391,20.3662,0.0666,0.0443,0.9968,item 1,-0.2983,1.5897,21.5024
38.9359,Left,0.0850,1.5493,20.3346,0.0733,0.0408,0.9965,item 1,0.1708,1.5972,21.5024
38.9359,Right,-0.3738,1.5391,20.3662,0.0197,0.0397,0.9990,item 1,-0.3514,1.5843,21.5024
38.9359,Combined,-0.3738,1.5391,20.3662,0.0675,0.0442,0.9967,item 1,-0.2968,1.5894,21.5024
39.0199,Left,0.0852,1.5492,20.3342,0.0714,0.0417,0.9966,item 1,0.1690,1.5981,21.5024
39.0199,Right,-0.3735,1.5391,20.3661,0.0179,0.0407,0.9990,item 1,-0.3532,1.5853,21.5024
39.0199,Combined,-0.3735,1.5391,20.3661,0.0683,0.0447,0.9967,item 1,-0.2956,1.5901,21.5024
39.0911,Left,0.0857,1.5482,20.3337,0.0708,0.0402,0.9967,item 1,0.1687,1.5954,21.5024
39.0911,Right,-0.3730,1.5391,20.3661,0.0172,0.0393,0.9991,item 1,-0.3535,1.5838,21.5024
39.0911,Combined,-0.3730,1.5391,20.3661,0.0694,0.0451,0.9966,item 1,-0.2939,1.5905,21.5024
39.1594,Left,0.0861,1.5475,20.3328,0.0717,0.0402,0.9966,item 1,0.1703,1.5947,21.5024
39.1594,Right,-0.3726,1.5391,20.3661,0.0181,0.0393,0.9991,item 1,-0.3520,1.5838,21.5024
39.1594,Combined,-0.3726,1.5391,20.3661,0.0716,0.0449,0.9964,item 1,-0.2910,1.5902,21.5024
39.2154,Left,0.0865,1.5472,20.3321,0.0306,0.0564,0.9979,item 1,0.1223,1.6133,21.5024
39.2154,Right,-0.3722,1.5390,20.3662,-0.0228,0.0558,0.9982,item 1,-0.3982,1.6024,21.5024
39.2154,Combined,-0.3722,1.5390,20.3662,0.0733,0.0441,0.9963,item 1,-0.2886,1.5893,21.5024
39.2918,Left,0.0867,1.5470,20.3323,0.0283,0.0581,0.9979,item 1,0.1199,1.6151,21.5024
39.2918,Right,-0.3720,1.5389,20.3663,-0.0251,0.0574,0.9980,item 1,-0.4005,1.6043,21.5024
39.2918,Combined,-0.3720,1.5389,20.3663,0.0732,0.0437,0.9964,item 1,-0.2885,1.5887,21.5024
39.3823,Left,0.0869,1.5468,20.3324,0.0297,0.0506,0.9983,item 1,0.1217,1.6062,21.5024
39.3823,Right,-0.3718,1.5389,20.3663,-0.0237,0.0501,0.9985,item 1,-0.3988,1.5958,21.5024
39.3823,Combined,-0.3718,1.5389,20.3663,0.0730,0.0437,0.9964,item 1,-0.2886,1.5887,21.5024
39.4521,Left,0.0870,1.5469,20.3322,0.0277,0.0506,0.9983,item 1,0.1194,1.6063,21.5024
39.4521,Right,-0.3717,1.5388,20.3662,-0.0258,0.0500,0.9984,item 1,-0.4010,1.5957,21.5024
39.4521,Combined,-0.3717,1.5388,20.3662,0.0731,0.0437,0.9964,item 1,-0.2883,1.5886,21.5024
39.5226,Left,0.0870,1.5469,20.3320,0.0265,0.0495,0.9984,item 1,0.1182,1.6049,21.5024
39.5226,Right,-0.3716,1.5388,20.3661,-0.0269,0.0489,0.9984,item 1,-0.4022,1.5944,21.5024
39.5226,Combined,-0.3716,1.5388,20.3661,0.0733,0.0439,0.9963,item 1,-0.2881,1.5889,21.5024
39.5788,Left,0.0870,1.5471,20.3319,0.0231,0.0502,0.9985,item 1,0.1141,1.6060,21.5024
39.5788,Right,-0.3716,1.5389,20.3659,-0.0304,0.0497,0.9983,item 1,-0.4062,1.5955,21.5024
39.5788,Combined,-0.3716,1.5389,20.3659,0.0730,0.0448,0.9963,item 1,-0.2884,1.5900,21.5024
39.6554,Left,0.0870,1.5471,20.3322,-0.0874,0.0445,0.9952,item 1,-0.0158,1.5994,21.5024
39.6554,Right,-0.3717,1.5390,20.3658,-0.1398,0.0444,0.9892,,0.0000,0.0000,0.0000
39.6554,Combined,-0.3717,1.5390,20.3658,0.0722,0.0454,0.9964,item 1,-0.2893,1.5907,21.5024
39.7302,Left,0.0871,1.5467,20.3326,-0.2155,0.0403,0.9757,item 1,-0.1712,1.5950,21.5024
39.7302,Right,-0.3716,1.5390,20.3659,-0.2650,0.0410,0.9634,,0.0000,0.0000,0.0000
39.7302,Combined,-0.3716,1.5390,20.3659,0.0715,0.0456,0.9964,item 1,-0.2901,1.5910,21.5024
39.8013,Left,0.0871,1.5465,20.3329,-0.2162,0.0358,0.9757,item 1,-0.1720,1.5894,21.5024
39.8013,Right,-0.3716,1.5389,20.3660,-0.2657,0.0366,0.9634,,0.0000,0.0000,0.0000
39.8013,Combined,-0.3716,1.5389,20.3660,0.0710,0.0443,0.9965,item 1,-0.2906,1.5894,21.5024
39.8704,Left,0.0871,1.5467,20.3333,-0.2154,0.0406,0.9757,item 1,-0.1711,1.5954,21.5024
39.8704,Right,-0.3717,1.5389,20.3661,-0.2649,0.0413,0.9634,,0.0000,0.0000,0.0000
39.8704,Combined,-0.3717,1.5389,20.3661,0.0705,0.0441,0.9965,item 1,-0.2913,1.5892,21.5024
39.9260,Left,0.0870,1.5472,20.3338,-0.2160,0.0392,0.9756,item 1,-0.1717,1.5941,21.5024
39.9260,Right,-0.3718,1.5390,20.3661,-0.2655,0.0398,0.9633,,0.0000,0.0000,0.0000
39.9260,Combined,-0.3718,1.5390,20.3661,0.0694,0.0445,0.9966,item 1,-0.2927,1.5897,21.5024
40.0092,Left,0.0869,1.5471,20.3337,-0.1798,0.0259,0.9834,item 1,-0.1268,1.5779,21.5024
40.0092,Right,-0.3718,1.5389,20.3661,-0.2304,0.0266,0.9727,,0.0000,0.0000,0.0000
40.0092,Combined,-0.3718,1.5389,20.3661,0.0696,0.0444,0.9966,item 1,-0.2925,1.5896,21.5024
40.0935,Left,0.0872,1.5469,20.3331,-0.1788,0.0214,0.9837,item 1,-0.1253,1.5723,21.5024
40.0935,Right,-0.3716,1.5389,20.3660,-0.2294,0.0222,0.9731,,0.0000,0.0000,0.0000
40.0935,Combined,-0.3716,1.5389,20.3660,0.0708,0.0443,0.9965,item 1,-0.2908,1.5894,21.5024
40.1628,Left,0.0874,1.5465,20.3327,-0.1788,0.0267,0.9835,item 1,-0.1253,1.5783,21.5024
40.1628,Right,-0.3714,1.5389,20.3658,-0.2294,0.0275,0.9729,,0.0000,0.0000,0.0000
40.1628,Combined,-0.3714,1.5389,20.3658,0.0711,0.0448,0.9965,item 1,-0.2903,1.5901,21.5024
40.2328,Left,0.0875,1.5466,20.3325,-0.1269,0.0319,0.9914,item 1,-0.0623,1.5843,21.5024
40.2328,Right,-0.3713,1.5390,20.3656,-0.1786,0.0323,0.9834,,0.0000,0.0000,0.0000
40.2328,Combined,-0.3713,1.5390,20.3656,0.0712,0.0461,0.9964,item 1,-0.2901,1.5916,21.5024
40.2875,Left,0.0874,1.5469,20.3324,0.0532,0.0473,0.9975,item 1,0.1498,1.6023,21.5024
40.2875,Right,-0.3713,1.5391,20.3656,-0.0004,0.0466,0.9989,item 1,-0.3718,1.5921,21.5024
40.2875,Combined,-0.3713,1.5391,20.3656,0.0712,0.0468,0.9964,item 1,-0.2900,1.5925,21.5024
40.3626,Left,0.0875,1.5465,20.3323,0.0562,0.0438,0.9975,item 1,0.1534,1.5978,21.5024
40.3626,Right,-0.3713,1.5391,20.3656,0.0026,0.0431,0.9991,item 1,-0.3683,1.5881,21.5024
40.3626,Combined,-0.3713,1.5391,20.3656,0.0714,0.0462,0.9964,item 1,-0.2898,1.5918,21.5024
40.4417,Left,0.0875,1.5461,20.3316,0.0577,0.0421,0.9974,item 1,0.1553,1.5956,21.5024
40.4417,Right,-0.3712,1.5390,20.3656,0.0042,0.0415,0.9991,item 1,-0.3664,1.5863,21.5024
40.4417,Combined,-0.3712,1.5390,20.3656,0.0731,0.0458,0.9963,item 1,-0.2878,1.5913,21.5024
40.5172,Left,0.0873,1.5461,20.3314,0.0598,0.0435,0.9973,item 1,0.1575,1.5972,21.5024
40.5172,Right,-0.3713,1.5389,20.3657,0.0062,0.0429,0.9991,item 1,-0.3643,1.5877,21.5024
40.5172,Combined,-0.3713,1.5389,20.3657,0.0739,0.0448,0.9963,item 1,-0.2870,1.5900,21.5024
40.5934,Left,0.0869,1.5465,20.3317,0.2583,0.0322,0.9655,item 1,0.4001,1.5855,21.5024
40.5934,Right,-0.3717,1.5389,20.3658,0.2068,0.0303,0.9779,item 1,-0.1314,1.5741,21.5024
40.5934,Combined,-0.3717,1.5389,20.3658,0.0732,0.0440,0.9963,item 1,-0.2882,1.5890,21.5024
40.6650,Left,0.0865,1.5471,20.3317,0.2636,0.0302,0.9642,item 1,0.4065,1.5838,21.5024
40.6650,Right,-0.3722,1.5389,20.3657,0.2121,0.0283,0.9768,item 1,-0.1254,1.5717,21.5024
40.6650,Combined,-0.3722,1.5389,20.3657,0.0730,0.0444,0.9963,item 1,-0.2889,1.5895,21.5024
40.7484,Left,0.0859,1.5480,20.3320,0.2634,0.0336,0.9641,item 1,0.4058,1.5888,21.5024
40.7484,Right,-0.3727,1.5389,20.3655,0.2120,0.0316,0.9768,item 1,-0.1260,1.5757,21.5024
40.7484,Combined,-0.3727,1.5389,20.3655,0.0720,0.0454,0.9964,item 1,-0.2906,1.5907,21.5024
40.8284,Left,0.0855,1.5486,20.3326,0.0343,0.0456,0.9984,item 1,0.1258,1.6020,21.5024
40.8284,Right,-0.3732,1.5391,20.3653,-0.0192,0.0448,0.9988,item 1,-0.3951,1.5901,21.5024
40.8284,Combined,-0.3732,1.5391,20.3653,0.0699,0.0465,0.9965,item 1,-0.2934,1.5922,21.5024
40.8977,Left,0.0854,1.5490,20.3324,0.0319,0.0438,0.9985,item 1,0.1227,1.6003,21.5024
40.8977,Right,-0.3734,1.5392,20.3650,-0.0217,0.0430,0.9988,item 1,-0.3980,1.5882,21.5024
40.8977,Combined,-0.3734,1.5392,20.3650,0.0699,0.0468,0.9965,item 1,-0.2936,1.5926,21.5024
40.9560,Left,0.0853,1.5491,20.3318,0.0348,0.0427,0.9985,item 1,0.1261,1.5992,21.5024
40.9560,Right,-0.3734,1.5394,20.3646,-0.0188,0.0419,0.9989,item 1,-0.3948,1.5871,21.5024
40.9560,Combined,-0.3734,1.5394,20.3646,0.0702,0.0474,0.9964,item 1,-0.2933,1.5935,21.5024
41.0294,Left,0.0851,1.5492,20.3314,0.0325,0.0428,0.9986,item 1,0.1232,1.5994,21.5024
41.0294,Right,-0.3737,1.5398,20.3638,-0.0211,0.0420,0.9989,item 1,-0.3977,1.5877,21.5024
41.0294,Combined,-0.3737,1.5398,20.3638,0.0694,0.0496,0.9964,item 1,-0.2943,1.5964,21.5024
41.1071,Left,0.0846,1.5510,20.3310,0.0302,0.0548,0.9980,item 1,0.1200,1.6153,21.5024
41.1071,Right,-0.3743,1.5412,20.3623,-0.0234,0.0540,0.9983,item 1,-0.4010,1.6029,21.5024
41.1071,Combined,-0.3743,1.5412,20.3623,0.0665,0.0643,0.9957,item 1,-0.2981,1.6149,21.5024
41.1784,Left,0.0840,1.5550,20.3299,0.0275,0.0779,0.9966,item 1,0.1163,1.6466,21.5024
41.1784,Right,-0.3750,1.5440,20.3589,-0.0261,0.0768,0.9967,item 1,-0.4049,1.6322,21.5024
41.1784,Combined,-0.3750,1.5440,20.3589,0.0605,0.0926,0.9939,item 1,-0.3053,1.6506,21.5024
41.2497,Left,0.0839,1.5570,20.3272,0.0243,0.0921,0.9955,item 1,0.1126,1.6658,21.5024
41.2497,Right,-0.3751,1.5466,20.3549,-0.0295,0.0911,0.9954,item 1,-0.4091,1.6516,21.5024
41.2497,Combined,-0.3751,1.5466,20.3549,0.0573,0.1202,0.9911,item 1,-0.3088,1.6859,21.5024
41.3050,Left,0.0842,1.5589,20.3234,0.0697,0.0827,0.9941,item 1,0.1669,1.6569,21.5024
41.3050,Right,-0.3749,1.5501,20.3502,0.0156,0.0817,0.9965,item 1,-0.3569,1.6445,21.5024
41.3050,Combined,-0.3749,1.5501,20.3502,0.0546,0.1606,0.9855,item 1,-0.3111,1.7379,21.5024
41.3763,Left,0.0847,1.5607,20.3187,0.0909,0.0502,0.9946,item 1,0.1929,1.6205,21.5024
41.3763,Right,-0.3744,1.5532,20.3460,0.0363,0.0493,0.9981,item 1,-0.3324,1.6104,21.5024
41.3763,Combined,-0.3744,1.5532,20.3460,0.0550,0.1952,0.9792,item 1,-0.3094,1.7837,21.5024
41.4427,Left,0.0857,1.5633,20.3111,0.0634,-0.1228,0.9904,item 1,0.1620,1.4155,21.5024
41.4427,Right,-0.3733,1.5562,20.3406,0.0071,-0.1233,0.9923,item 1,-0.3650,1.4119,21.5024
41.4427,Combined,-0.3733,1.5562,20.3406,0.0590,0.2310,0.9712,item 1,-0.3028,1.8326,21.5024
41.4996,Left,0.0869,1.5643,20.3023,0.0341,-0.3664,0.9298,,0.0000,0.0000,0.0000
41.4996,Right,-0.3718,1.5571,20.3354,-0.0249,-0.3659,0.9303,,0.0000,0.0000,0.0000
41.4996,Combined,-0.3718,1.5571,20.3354,0.0656,0.2545,0.9648,item 1,-0.2924,1.8649,21.5024
41.5705,Left,0.0885,1.5632,20.2950,0.1271,-0.3940,0.9103,,0.0000,0.0000,0.0000
41.5705,Right,-0.3701,1.5576,20.3315,0.0677,-0.3957,0.9159,,0.0000,0.0000,0.0000
41.5705,Combined,-0.3701,1.5576,20.3315,0.0733,0.2672,0.9608,item 1,-0.2808,1.8832,21.5024
41.6369,Left,0.0911,1.5614,20.2851,0.1306,-0.3857,0.9133,,0.0000,0.0000,0.0000
41.6369,Right,-0.3670,1.5585,20.3265,0.0710,-0.3870,0.9194,,0.0000,0.0000,0.0000
41.6369,Combined,-0.3670,1.5585,20.3265,0.0844,0.2869,0.9542,item 1,-0.2630,1.9120,21.5024
41.6941,Left,0.0943,1.5582,20.2749,0.1311,-0.3658,0.9214,,0.0000,0.0000,0.0000
41.6941,Right,-0.3634,1.5593,20.3216,0.0715,-0.3664,0.9277,,0.0000,0.0000,0.0000
41.6941,Combined,-0.3634,1.5593,20.3216,0.0973,0.3089,0.9461,item 1,-0.2420,1.9448,21.5024
41.7789,Left,0.0975,1.5536,20.2664,-0.0187,-0.3074,0.9514,,0.0000,0.0000,0.0000
41.7789,Right,-0.3596,1.5602,20.3175,-0.0772,-0.3037,0.9496,,0.0000,0.0000,0.0000
41.7789,Combined,-0.3596,1.5602,20.3175,0.1095,0.3311,0.9372,item 1,-0.2212,1.9789,21.5024
41.8478,Left,0.1013,1.5479,20.2577,-0.0335,-0.2916,0.9559,,0.0000,0.0000,0.0000
41.8478,Right,-0.3551,1.5610,20.3137,-0.0918,-0.2868,0.9536,,0.0000,0.0000,0.0000
41.8478,Combined,-0.3551,1.5610,20.3137,0.1239,0.3524,0.9276,item 1,-0.1963,2.0127,21.5024
41.9185,Left,0.1037,1.5452,20.2523,-0.0508,-0.3147,0.9478,,0.0000,0.0000,0.0000
41.9185,Right,-0.3521,1.5613,20.3120,-0.1090,-0.3088,0.9449,,0.0000,0.0000,0.0000
41.9185,Combined,-0.3521,1.5613,20.3120,0.1337,0.3605,0.9231,item 1,-0.1797,2.0262,21.5024
42.0022,Left,0.1055,1.5434,20.2490,-0.0928,-0.2882,0.9531,,0.0000,0.0000,0.0000
42.0022,Right,-0.3498,1.5613,20.3122,-0.1498,-0.2813,0.9479,,0.0000,0.0000,0.0000
42.0022,Combined,-0.3498,1.5613,20.3122,0.1422,0.3609,0.9217,item 1,-0.1662,2.0273,21.5024
42.0720,Left,0.1071,1.5406,20.2478,-0.0886,-0.2905,0.9528,,0.0000,0.0000,0.0000
42.0720,Right,-0.3478,1.5609,20.3134,-0.1456,-0.2832,0.9479,,0.0000,0.0000,0.0000
42.0720,Combined,-0.3478,1.5609,20.3134,0.1490,0.3571,0.9221,item 1,-0.1557,2.0214,21.5024
42.1423,Left,0.1081,1.5376,20.2483,-0.0903,-0.2870,0.9537,,0.0000,0.0000,0.0000
42.1423,Right,-0.3465,1.5605,20.3147,-0.1472,-0.2794,0.9488,,0.0000,0.0000,0.0000
42.1423,Combined,-0.3465,1.5605,20.3147,0.1526,0.3522,0.9234,item 1,-0.1502,2.0135,21.5024
42.1960,Left,0.1089,1.5360,20.2494,-0.0899,-0.2959,0.9510,,0.0000,0.0000,0.0000
42.1960,Right,-0.3456,1.5599,20.3162,-0.1468,-0.2880,0.9463,,0.0000,0.0000,0.0000
42.1960,Combined,-0.3456,1.5599,20.3162,0.1542,0.3447,0.9260,item 1,-0.1481,2.0014,21.5024
42.2659,Left,0.1096,1.5350,20.2502,0.2892,-0.0433,0.9563,,0.0000,0.0000,0.0000
42.2659,Right,-0.3449,1.5594,20.3171,0.2349,-0.0414,0.9711,item 1,-0.0582,1.5088,21.5024
42.2659,Combined,-0.3449,1.5594,20.3171,0.1548,0.3386,0.9281,item 1,-0.1472,1.9917,21.5024
42.3486,Left,0.1104,1.5326,20.2499,0.2879,-0.0915,0.9533,,0.0000,0.0000,0.0000
42.3486,Right,-0.3438,1.5588,20.3177,0.2333,-0.0898,0.9683,item 1,-0.0584,1.4489,21.5024
42.3486,Combined,-0.3438,1.5588,20.3177,0.1580,0.3325,0.9298,item 1,-0.1424,1.9824,21.5024
42.4273,Left,0.1113,1.5298,20.2457,-0.0556,-0.1813,0.9819,,0.0000,0.0000,0.0000
42.4273,Right,-0.3421,1.5584,20.3178,-0.1116,-0.1743,0.9784,,0.0000,0.0000,0.0000
42.4273,Combined,-0.3421,1.5584,20.3178,0.1686,0.3296,0.9290,item 1,-0.1271,1.9787,21.5024
42.5023,Left,0.1122,1.5281,20.2376,-0.0878,-0.1995,0.9760,,0.0000,0.0000,0.0000
42.5023,Right,-0.3398,1.5584,20.3175,-0.1432,-0.1914,0.9710,,0.0000,0.0000,0.0000
42.5023,Combined,-0.3398,1.5584,20.3175,0.1857,0.3298,0.9256,item 1,-0.1022,1.9806,21.5024
42.5725,Left,0.1127,1.5257,20.2281,-0.1023,-0.1968,0.9751,,0.0000,0.0000,0.0000
42.5725,Right,-0.3375,1.5583,20.3171,-0.1569,-0.1879,0.9696,,0.0000,0.0000,0.0000
42.5725,Combined,-0.3375,1.5583,20.3171,0.2060,0.3292,0.9215,item 1,-0.0725,1.9817,21.5024
42.6423,Left,0.1130,1.5236,20.2197,-0.0650,-0.1906,0.9795,,0.0000,0.0000,0.0000
42.6423,Right,-0.3353,1.5583,20.3168,-0.1200,-0.1819,0.9760,,0.0000,0.0000,0.0000
42.6423,Combined,-0.3353,1.5583,20.3168,0.2242,0.3293,0.9172,item 1,-0.0455,1.9839,21.5024
42.7002,Left,0.1131,1.5211,20.2117,-0.0425,-0.1907,0.9807,,0.0000,0.0000,0.0000
42.7002,Right,-0.3333,1.5582,20.3166,-0.0977,-0.1818,0.9785,,0.0000,0.0000,0.0000
42.7002,Combined,-0.3333,1.5582,20.3166,0.2419,0.3281,0.9131,item 1,-0.0191,1.9843,21.5024
42.7820,Left,0.1127,1.5203,20.2039,-0.0424,-0.2010,0.9787,,0.0000,0.0000,0.0000
42.7820,Right,-0.3317,1.5579,20.3166,-0.0974,-0.1916,0.9766,,0.0000,0.0000,0.0000
42.7820,Combined,-0.3317,1.5579,20.3166,0.2581,0.3248,0.9099,item 1,0.0047,1.9812,21.5024
42.8531,Left,0.1121,1.5201,20.1957,-0.0433,-0.2091,0.9769,,0.0000,0.0000,0.0000
42.8531,Right,-0.3301,1.5575,20.3168,-0.0979,-0.1992,0.9751,,0.0000,0.0000,0.0000
42.8531,Combined,-0.3301,1.5575,20.3168,0.2754,0.3184,0.9071,item 1,0.0299,1.9737,21.5024
42.9343,Left,0.1118,1.5209,20.1930,-0.0255,-0.2016,0.9791,,0.0000,0.0000,0.0000
42.9343,Right,-0.3296,1.5571,20.3177,-0.0801,-0.1920,0.9781,,0.0000,0.0000,0.0000
42.9343,Combined,-0.3296,1.5571,20.3177,0.2818,0.3140,0.9066,item 1,0.0387,1.9674,21.5024
43.0050,Left,0.1116,1.5222,20.1939,-0.0321,-0.2041,0.9784,,0.0000,0.0000,0.0000
43.0050,Right,-0.3298,1.5568,20.3190,-0.0866,-0.1946,0.9771,,0.0000,0.0000,0.0000
43.0050,Combined,-0.3298,1.5568,20.3190,0.2816,0.3105,0.9079,item 1,0.0374,1.9616,21.5024
43.0933,Left,0.1111,1.5235,20.1946,-0.0248,-0.1879,0.9819,,0.0000,0.0000,0.0000
43.0933,Right,-0.3299,1.5566,20.3212,-0.0792,-0.1788,0.9807,item 1,-0.4254,1.3412,21.5024
43.0933,Combined,-0.3299,1.5566,20.3212,0.2836,0.3099,0.9075,item 1,0.0391,1.9599,21.5024
43.1725,Left,0.1105,1.5266,20.1935,-0.0218,-0.1818,0.9831,,0.0000,0.0000,0.0000
43.1725,Right,-0.3297,1.5561,20.3235,-0.0761,-0.1730,0.9820,item 1,-0.4211,1.3483,21.5024
43.1725,Combined,-0.3297,1.5561,20.3235,0.2885,0.3064,0.9071,item 1,0.0452,1.9543,21.5024
43.2562,Left,0.1112,1.5309,20.1944,-0.0230,-0.2122,0.9770,,0.0000,0.0000,0.0000
43.2562,Right,-0.3289,1.5542,20.3261,-0.0772,-0.2036,0.9760,,0.0000,0.0000,0.0000
43.2562,Combined,-0.3289,1.5542,20.3261,0.2887,0.2852,0.9140,item 1,0.0426,1.9213,21.5024
43.3388,Left,0.1131,1.5321,20.2012,-0.2046,-0.2123,0.9555,,0.0000,0.0000,0.0000
43.3388,Right,-0.3284,1.5519,20.3288,-0.2534,-0.2013,0.9462,,0.0000,0.0000,0.0000
43.3388,Combined,-0.3284,1.5519,20.3288,0.2789,0.2557,0.9257,item 1,0.0252,1.8760,21.5024
43.4370,Left,0.1154,1.5330,20.2113,-0.2246,-0.2099,0.9516,,0.0000,0.0000,0.0000
43.4370,Right,-0.3281,1.5495,20.3322,-0.2729,-0.1992,0.9412,,0.0000,0.0000,0.0000
43.4370,Combined,-0.3281,1.5495,20.3322,0.2639,0.2285,0.9371,item 1,0.0014,1.8349,21.5024
43.5076,Left,0.1176,1.5324,20.2245,-0.2420,-0.2305,0.9425,,0.0000,0.0000,0.0000
43.5076,Right,-0.3281,1.5468,20.3376,-0.2900,-0.2195,0.9315,,0.0000,0.0000,0.0000
43.5076,Combined,-0.3281,1.5468,20.3376,0.2470,0.1995,0.9483,item 1,-0.0246,1.7919,21.5024
43.5766,Left,0.1194,1.5313,20.2377,-0.2593,-0.2371,0.9362,,0.0000,0.0000,0.0000
43.5766,Right,-0.3281,1.5440,20.3435,-0.3068,-0.2260,0.9246,,0.0000,0.0000,0.0000
43.5766,Combined,-0.3281,1.5440,20.3435,0.2314,0.1691,0.9581,item 1,-0.0482,1.7485,21.5024
43.6453,Left,0.1211,1.5336,20.2538,-0.2558,-0.2405,0.9363,,0.0000,0.0000,0.0000
43.6453,Right,-0.3284,1.5416,20.3508,-0.3038,-0.2302,0.9245,,0.0000,0.0000,0.0000
43.6453,Combined,-0.3284,1.5416,20.3508,0.2111,0.1445,0.9667,item 1,-0.0770,1.7137,21.5024
43.6991,Left,0.1232,1.5328,20.2683,-0.2571,-0.2272,0.9393,,0.0000,0.0000,0.0000
43.6991,Right,-0.3277,1.5410,20.3590,-0.3053,-0.2175,0.9271,,0.0000,0.0000,0.0000
43.6991,Combined,-0.3277,1.5410,20.3590,0.1976,0.1460,0.9694,item 1,-0.0946,1.7131,21.5024
43.7705,Left,0.1250,1.5296,20.2810,-0.2674,-0.2073,0.9410,,0.0000,0.0000,0.0000
43.7705,Right,-0.3270,1.5409,20.3658,-0.3154,-0.1978,0.9281,,0.0000,0.0000,0.0000
43.7705,Combined,-0.3270,1.5409,20.3658,0.1860,0.1493,0.9711,item 1,-0.1094,1.7157,21.5024
43.8399,Left,0.1268,1.5264,20.2946,-0.2392,-0.2298,0.9434,,0.0000,0.0000,0.0000
43.8399,Right,-0.3260,1.5411,20.3743,-0.2887,-0.2201,0.9318,,0.0000,0.0000,0.0000
43.8399,Combined,-0.3260,1.5411,20.3743,0.1761,0.1508,0.9727,item 1,-0.1217,1.7159,21.5024
43.8957,Left,0.1280,1.5222,20.3054,-0.1796,-0.2348,0.9553,,0.0000,0.0000,0.0000
43.8957,Right,-0.3250,1.5400,20.3837,-0.2312,-0.2258,0.9463,,0.0000,0.0000,0.0000
43.8957,Combined,-0.3250,1.5400,20.3837,0.1739,0.1411,0.9746,item 1,-0.1254,1.7020,21.5024
43.9669,Left,0.1293,1.5210,20.3155,0.2832,0.0055,0.9591,,0.0000,0.0000,0.0000
43.9669,Right,-0.3239,1.5391,20.3921,0.2307,0.0070,0.9730,item 1,-0.0607,1.5471,21.5024
43.9669,Combined,-0.3239,1.5391,20.3921,0.1704,0.1306,0.9767,item 1,-0.1302,1.6876,21.5024
44.0345,Left,0.1313,1.5221,20.3292,0.2277,0.0964,0.9689,item 1,0.4071,1.6388,21.5024
44.0345,Right,-0.3223,1.5384,20.4036,0.1751,0.0982,0.9796,item 1,-0.1259,1.6485,21.5024
44.0345,Combined,-0.3223,1.5384,20.4036,0.1647,0.1132,0.9798,item 1,-0.1377,1.6653,21.5024
44.0913,Left,0.1325,1.5172,20.3400,0.1954,0.0824,0.9773,item 1,0.3649,1.6152,21.5024
44.0913,Right,-0.3211,1.5373,20.4137,0.1424,0.0845,0.9862,item 1,-0.1638,1.6306,21.5024
44.0913,Combined,-0.3211,1.5373,20.4137,0.1636,0.0972,0.9817,item 1,-0.1396,1.6451,21.5024
44.1617,Left,0.1323,1.5188,20.3482,0.1918,0.0766,0.9784,item 1,0.3585,1.6092,21.5024
44.1617,Right,-0.3217,1.5384,20.4194,0.1387,0.0788,0.9872,item 1,-0.1695,1.6249,21.5024
44.1617,Combined,-0.3217,1.5384,20.4194,0.1586,0.1055,0.9817,item 1,-0.1468,1.6547,21.5024
44.2707,Left,0.1275,1.5279,20.3667,0.1726,0.1420,0.9747,item 1,0.3286,1.6934,21.5024
44.2707,Right,-0.3286,1.5452,20.4235,0.1194,0.1441,0.9823,item 1,-0.1975,1.7035,21.5024
44.2707,Combined,-0.3286,1.5452,20.4235,0.1281,0.1647,0.9780,item 1,-0.1873,1.7270,21.5024
44.3429,Left,0.1217,1.5437,20.3810,0.1299,0.2160,0.9677,item 1,0.2723,1.7940,21.5024
44.3429,Right,-0.3366,1.5528,20.4187,0.0764,0.2172,0.9731,item 1,-0.2516,1.7947,21.5024
44.3429,Combined,-0.3366,1.5528,20.4187,0.0843,0.2457,0.9657,item 1,-0.2420,1.8285,21.5024
44.4237,Left,0.1165,1.5574,20.3912,0.0670,0.3246,0.9435,item 1,0.1954,1.9398,21.5024
44.4237,Right,-0.3431,1.5596,20.4097,0.0135,0.3249,0.9457,item 1,-0.3275,1.9350,21.5024
44.4237,Combined,-0.3431,1.5596,20.4097,0.0398,0.3135,0.9487,item 1,-0.2973,1.9207,21.5024
44.4961,Left,0.1137,1.5594,20.3938,0.0504,0.3804,0.9235,item 1,0.1742,2.0161,21.5024
44.4961,Right,-0.3463,1.5629,20.3972,-0.0031,0.3809,0.9246,item 1,-0.3500,2.0182,21.5024
44.4961,Combined,-0.3463,1.5629,20.3972,0.0097,0.3645,0.9312,item 1,-0.3348,1.9955,21.5024
44.5788,Left,0.1120,1.5623,20.3984,0.0022,0.4022,0.9155,item 1,0.1147,2.0474,21.5024
44.5788,Right,-0.3479,1.5640,20.3870,-0.0513,0.4023,0.9141,item 1,-0.4105,2.0549,21.5024
44.5788,Combined,-0.3479,1.5640,20.3870,-0.0213,0.3945,0.9186,item 1,-0.3737,2.0431,21.5024
44.6820,Left,0.1093,1.5637,20.4073,-0.0326,0.4188,0.9075,item 1,0.0699,2.0690,21.5024
44.6820,Right,-0.3497,1.5647,20.3768,-0.0861,0.4187,0.9040,,0.0000,0.0000,0.0000
44.6820,Combined,-0.3497,1.5647,20.3768,-0.0596,0.4154,0.9077,item 1,-0.4236,2.0798,21.5024
44.7579,Left,0.1087,1.5622,20.4086,-0.0558,0.4310,0.9006,item 1,0.0410,2.0857,21.5024
44.7579,Right,-0.3498,1.5650,20.3720,-0.1091,0.4310,0.8957,,0.0000,0.0000,0.0000
44.7579,Combined,-0.3498,1.5650,20.3720,-0.0695,0.4234,0.9033,item 1,-0.4368,2.0949,21.5024
44.8266,Left,0.1085,1.5621,20.4077,-0.0560,0.4374,0.8975,item 1,0.0402,2.0956,21.5024
44.8266,Right,-0.3499,1.5654,20.3696,-0.1093,0.4377,0.8925,,0.0000,0.0000,0.0000
44.8266,Combined,-0.3499,1.5654,20.3696,-0.0718,0.4301,0.8999,item 1,-0.4403,2.1068,21.5024
44.9645,Left,0.1066,1.5680,20.4099,-0.0487,0.4408,0.8963,item 1,0.0472,2.1053,21.5024
44.9645,Right,-0.3518,1.5655,20.3714,-0.1021,0.4408,0.8918,,0.0000,0.0000,0.0000
44.9645,Combined,-0.3518,1.5655,20.3714,-0.0777,0.4351,0.8970,item 1,-0.4498,2.1140,21.5024
45.0535,Left,0.1055,1.5666,20.4138,-0.0483,0.4287,0.9021,item 1,0.0473,2.0840,21.5024
45.0535,Right,-0.3529,1.5647,20.3751,-0.1017,0.4285,0.8978,,0.0000,0.0000,0.0000
45.0535,Combined,-0.3529,1.5647,20.3751,-0.0778,0.4277,0.9006,,0.0000,0.0000,0.0000
45.3171,Left,0.1022,1.5646,20.4189,-0.0587,0.4318,0.9000,item 1,0.0315,2.0845,21.5024
45.3171,Right,-0.3563,1.5631,20.3817,-0.1120,0.4315,0.8951,,0.0000,0.0000,0.0000
45.3171,Combined,-0.3563,1.5631,20.3817,-0.0748,0.4170,0.9058,item 1,-0.4489,2.0790,21.5024
45.4426,Left,0.1013,1.5640,20.4194,-0.0501,0.4227,0.9049,item 1,0.0413,2.0700,21.5024
45.4426,Right,-0.3572,1.5624,20.3825,-0.1035,0.4225,0.9004,,0.0000,0.0000,0.0000
45.4426,Combined,-0.3572,1.5624,20.3825,-0.0745,0.4130,0.9077,item 1,-0.4491,2.0720,21.5024
45.5325,Left,0.1009,1.5639,20.4207,-0.0451,0.4212,0.9058,item 1,0.0471,2.0669,21.5024
45.5325,Right,-0.3576,1.5618,20.3837,-0.0984,0.4210,0.9017,,0.0000,0.0000,0.0000
45.5325,Combined,-0.3576,1.5618,20.3837,-0.0752,0.4093,0.9093,,0.0000,0.0000,0.0000
45.6166,Left,0.1007,1.5631,20.4219,-0.0560,0.4076,0.9115,item 1,0.0343,2.0463,21.5024
45.6166,Right,-0.3578,1.5615,20.3848,-0.1094,0.4072,0.9067,,0.0000,0.0000,0.0000
45.6166,Combined,-0.3578,1.5615,20.3848,-0.0752,0.4062,0.9107,,0.0000,0.0000,0.0000
45.7007,Left,0.1006,1.5627,20.4232,-0.0374,0.4129,0.9100,item 1,0.0562,2.0524,21.5024
45.7007,Right,-0.3579,1.5613,20.3858,-0.0908,0.4129,0.9062,,0.0000,0.0000,0.0000
45.7007,Combined,-0.3579,1.5613,20.3858,-0.0756,0.4054,0.9110,,0.0000,0.0000,0.0000
45.7797,Left,0.1005,1.5625,20.4240,-0.0495,0.4135,0.9091,item 1,0.0418,2.0530,21.5024
45.7797,Right,-0.3580,1.5611,20.3865,-0.1029,0.4134,0.9047,,0.0000,0.0000,0.0000
45.7797,Combined,-0.3580,1.5611,20.3865,-0.0758,0.4035,0.9119,,0.0000,0.0000,0.0000
45.8581,Left,0.1005,1.5623,20.4247,-0.0568,0.4081,0.9112,item 1,0.0333,2.0450,21.5024
45.8581,Right,-0.3579,1.5607,20.3871,-0.1102,0.4078,0.9064,,0.0000,0.0000,0.0000
45.8581,Combined,-0.3579,1.5607,20.3871,-0.0762,0.4011,0.9129,,0.0000,0.0000,0.0000
45.9273,Left,0.1006,1.5607,20.4261,-0.0471,0.3999,0.9153,item 1,0.0453,2.0309,21.5024
45.9273,Right,-0.3578,1.5602,20.3879,-0.1005,0.3999,0.9110,,0.0000,0.0000,0.0000
45.9273,Combined,-0.3578,1.5602,20.3879,-0.0766,0.3971,0.9146,,0.0000,0.0000,0.0000
46.2606,Left,0.1005,1.5597,20.4271,-0.0477,0.3974,0.9164,item 1,0.0446,2.0261,21.5024
46.2606,Right,-0.3578,1.5600,20.3883,-0.1011,0.3975,0.9120,,0.0000,0.0000,0.0000
46.2606,Combined,-0.3578,1.5600,20.3883,-0.0772,0.3946,0.9156,,0.0000,0.0000,0.0000
