time,eye,origin_x,origin_y,origin_z,dir_x,dir_y,dir_z,hit_object,hit_x,hit_y,hit_z
0.0000,Left,0.4588,2.7215,-3.1159,-0.0713,0.1376,0.9879,,0.0000,0.0000,0.0000
0.0000,Right,0.0000,2.7215,-3.1490,-0.0713,0.1376,0.9879,,0.0000,0.0000,0.0000
0.0000,Combined,0.0000,2.7215,-3.1490,-0.0713,0.1376,0.9879,,0.0000,0.0000,0.0000
0.0200,Left,0.4588,2.7215,-3.1159,-0.0713,0.1376,0.9879,,0.0000,0.0000,0.0000
0.0200,Right,0.0000,2.7215,-3.1490,-0.0713,0.1376,0.9879,,0.0000,0.0000,0.0000
0.0200,Combined,0.0000,2.7215,-3.1490,-0.0713,0.1376,0.9879,,0.0000,0.0000,0.0000
0.1280,Left,0.4588,2.5645,-3.1159,-0.0713,0.1376,0.9879,,0.0000,0.0000,0.0000
0.1280,Right,0.0000,2.5645,-3.1490,-0.0713,0.1376,0.9879,,0.0000,0.0000,0.0000
0.1280,Combined,0.0000,2.5645,-3.1490,-0.0713,0.1376,0.9879,,0.0000,0.0000,0.0000
0.2943,Left,0.4588,2.0517,-3.1159,-0.0713,0.1376,0.9879,,0.0000,0.0000,0.0000
0.2943,Right,0.0000,2.0517,-3.1490,-0.0713,0.1376,0.9879,,0.0000,0.0000,0.0000
0.2943,Combined,0.0000,2.0517,-3.1490,-0.0713,0.1376,0.9879,,0.0000,0.0000,0.0000
0.3579,Left,0.4588,1.8159,-3.1159,-0.0713,0.1376,0.9879,,0.0000,0.0000,0.0000
0.3579,Right,0.0000,1.8159,-3.1490,-0.0713,0.1376,0.9879,,0.0000,0.0000,0.0000
0.3579,Combined,0.0000,1.8159,-3.1490,-0.0713,0.1376,0.9879,,0.0000,0.0000,0.0000
0.4011,Left,0.4588,1.6807,-3.1159,-0.0713,0.1376,0.9879,,0.0000,0.0000,0.0000
0.4011,Right,0.0000,1.6807,-3.1490,-0.0713,0.1376,0.9879,,0.0000,0.0000,0.0000
0.4011,Combined,0.0000,1.6807,-3.1490,-0.0713,0.1376,0.9879,,0.0000,0.0000,0.0000
0.4390,Left,0.4588,1.6807,-3.1159,-0.0713,0.1376,0.9879,,0.0000,0.0000,0.0000
0.4390,Right,0.0000,1.6807,-3.1490,-0.0713,0.1376,0.9879,,0.0000,0.0000,0.0000
0.4390,Combined,0.0000,1.6807,-3.1490,-0.0713,0.1376,0.9879,,0.0000,0.0000,0.0000
0.4539,Left,0.4588,1.6807,-3.1159,-0.0713,0.1376,0.9879,,0.0000,0.0000,0.0000
0.4539,Right,0.0000,1.6807,-3.1490,-0.0713,0.1376,0.9879,,0.0000,0.0000,0.0000
0.4539,Combined,0.0000,1.6807,-3.1490,-0.0713,0.1376,0.9879,,0.0000,0.0000,0.0000
0.4736,Left,0.4588,1.6807,-3.1159,-0.0713,0.1376,0.9879,,0.0000,0.0000,0.0000
0.4736,Right,0.0000,1.6807,-3.1490,-0.0713,0.1376,0.9879,,0.0000,0.0000,0.0000
0.4736,Combined,0.0000,1.6807,-3.1490,-0.0713,0.1376,0.9879,,0.0000,0.0000,0.0000
0.4942,Left,0.4588,1.6807,-3.1159,-0.0713,0.1376,0.9879,,0.0000,0.0000,0.0000
0.4942,Right,0.0000,1.6807,-3.1490,-0.0713,0.1376,0.9879,,0.0000,0.0000,0.0000
0.4942,Combined,0.0000,1.6807,-3.1490,-0.0713,0.1376,0.9879,,0.0000,0.0000,0.0000
0.5078,Left,0.4588,1.6807,-3.1159,-0.0713,0.1376,0.9879,,0.0000,0.0000,0.0000
0.5078,Right,0.0000,1.6807,-3.1490,-0.0713,0.1376,0.9879,,0.0000,0.0000,0.0000
0.5078,Combined,0.0000,1.6807,-3.1490,-0.0713,0.1376,0.9879,,0.0000,0.0000,0.0000
0.5214,Left,0.4588,1.6807,-3.1159,-0.0713,0.1376,0.9879,,0.0000,0.0000,0.0000
0.5214,Right,0.0000,1.6807,-3.1490,-0.0713,0.1376,0.9879,,0.0000,0.0000,0.0000
0.5214,Combined,0.0000,1.6807,-3.1490,-0.0713,0.1376,0.9879,,0.0000,0.0000,0.0000
0.5346,Left,0.4588,1.6807,-3.1159,-0.0713,0.1376,0.9879,,0.0000,0.0000,0.0000
0.5346,Right,0.0000,1.6807,-3.1490,-0.0713,0.1376,0.9879,,0.0000,0.0000,0.0000
0.5346,Combined,0.0000,1.6807,-3.1490,-0.0713,0.1376,0.9879,,0.0000,0.0000,0.0000
0.5472,Left,0.4588,1.6807,-3.1159,-0.0713,0.1376,0.9879,,0.0000,0.0000,0.0000
0.5472,Right,0.0000,1.6807,-3.1490,-0.0713,0.1376,0.9879,,0.0000,0.0000,0.0000
0.5472,Combined,0.0000,1.6807,-3.1490,-0.0713,0.1376,0.9879,,0.0000,0.0000,0.0000
0.5598,Left,0.4588,1.6807,-3.1159,-0.0713,0.1376,0.9879,,0.0000,0.0000,0.0000
0.5598,Right,0.0000,1.6807,-3.1490,-0.0713,0.1376,0.9879,,0.0000,0.0000,0.0000
0.5598,Combined,0.0000,1.6807,-3.1490,-0.0713,0.1376,0.9879,,0.0000,0.0000,0.0000
0.5726,Left,0.4588,1.6807,-3.1159,-0.0713,0.1376,0.9879,,0.0000,0.0000,0.0000
0.5726,Right,0.0000,1.6807,-3.1490,-0.0713,0.1376,0.9879,,0.0000,0.0000,0.0000
0.5726,Combined,0.0000,1.6807,-3.1490,-0.0713,0.1376,0.9879,,0.0000,0.0000,0.0000
0.5850,Left,0.4588,1.6807,-3.1159,-0.0713,0.1376,0.9879,,0.0000,0.0000,0.0000
0.5850,Right,0.0000,1.6807,-3.1490,-0.0713,0.1376,0.9879,,0.0000,0.0000,0.0000
0.5850,Combined,0.0000,1.6807,-3.1490,-0.0713,0.1376,0.9879,,0.0000,0.0000,0.0000
0.5979,Left,0.4588,1.6807,-3.1159,-0.0713,0.1376,0.9879,,0.0000,0.0000,0.0000
0.5979,Right,0.0000,1.6807,-3.1490,-0.0713,0.1376,0.9879,,0.0000,0.0000,0.0000
0.5979,Combined,0.0000,1.6807,-3.1490,-0.0713,0.1376,0.9879,,0.0000,0.0000,0.0000
0.6105,Left,0.4588,1.6807,-3.1159,-0.0713,0.1376,0.9879,,0.0000,0.0000,0.0000
0.6105,Right,0.0000,1.6807,-3.1490,-0.0713,0.1376,0.9879,,0.0000,0.0000,0.0000
0.6105,Combined,0.0000,1.6807,-3.1490,-0.0713,0.1376,0.9879,,0.0000,0.0000,0.0000
0.6315,Left,0.4588,1.6807,-3.1159,-0.0713,0.1376,0.9879,,0.0000,0.0000,0.0000
0.6315,Right,0.0000,1.6807,-3.1490,-0.0713,0.1376,0.9879,,0.0000,0.0000,0.0000
0.6315,Combined,0.0000,1.6807,-3.1490,-0.0713,0.1376,0.9879,,0.0000,0.0000,0.0000
0.6519,Left,0.4588,1.6807,-3.1159,-0.0713,0.1376,0.9879,,0.0000,0.0000,0.0000
0.6519,Right,0.0000,1.6807,-3.1490,-0.0713,0.1376,0.9879,,0.0000,0.0000,0.0000
0.6519,Combined,0.0000,1.6807,-3.1490,-0.0713,0.1376,0.9879,,0.0000,0.0000,0.0000
0.6659,Left,0.4588,1.6807,-3.1159,-0.0713,0.1376,0.9879,,0.0000,0.0000,0.0000
0.6659,Right,0.0000,1.6807,-3.1490,-0.0713,0.1376,0.9879,,0.0000,0.0000,0.0000
0.6659,Combined,0.0000,1.6807,-3.1490,-0.0713,0.1376,0.9879,,0.0000,0.0000,0.0000
0.6792,Left,0.4588,1.6807,-3.1159,-0.0713,0.1376,0.9879,,0.0000,0.0000,0.0000
0.6792,Right,0.0000,1.6807,-3.1490,-0.0713,0.1376,0.9879,,0.0000,0.0000,0.0000
0.6792,Combined,0.0000,1.6807,-3.1490,-0.0713,0.1376,0.9879,,0.0000,0.0000,0.0000
0.6925,Left,0.4588,1.6807,-3.1159,-0.0713,0.1376,0.9879,,0.0000,0.0000,0.0000
0.6925,Right,0.0000,1.6807,-3.1490,-0.0713,0.1376,0.9879,,0.0000,0.0000,0.0000
0.6925,Combined,0.0000,1.6807,-3.1490,-0.0713,0.1376,0.9879,,0.0000,0.0000,0.0000
0.7050,Left,0.4588,1.6807,-3.1159,-0.0713,0.1376,0.9879,,0.0000,0.0000,0.0000
0.7050,Right,0.0000,1.6807,-3.1490,-0.0713,0.1376,0.9879,,0.0000,0.0000,0.0000
0.7050,Combined,0.0000,1.6807,-3.1490,-0.0713,0.1376,0.9879,,0.0000,0.0000,0.0000
0.7186,Left,0.4588,1.6807,-3.1159,-0.0713,0.1376,0.9879,,0.0000,0.0000,0.0000
0.7186,Right,0.0000,1.6807,-3.1490,-0.0713,0.1376,0.9879,,0.0000,0.0000,0.0000
0.7186,Combined,0.0000,1.6807,-3.1490,-0.0713,0.1376,0.9879,,0.0000,0.0000,0.0000
0.7324,Left,0.4588,1.6807,-3.1159,-0.0713,0.1376,0.9879,,0.0000,0.0000,0.0000
0.7324,Right,0.0000,1.6807,-3.1490,-0.0713,0.1376,0.9879,,0.0000,0.0000,0.0000
0.7324,Combined,0.0000,1.6807,-3.1490,-0.0713,0.1376,0.9879,,0.0000,0.0000,0.0000
0.7464,Left,0.4588,1.6807,-3.1159,-0.0713,0.1376,0.9879,,0.0000,0.0000,0.0000
0.7464,Right,0.0000,1.6807,-3.1490,-0.0713,0.1376,0.9879,,0.0000,0.0000,0.0000
0.7464,Combined,0.0000,1.6807,-3.1490,-0.0713,0.1376,0.9879,,0.0000,0.0000,0.0000
0.7600,Left,0.4588,1.6807,-3.1159,-0.0713,0.1376,0.9879,,0.0000,0.0000,0.0000
0.7600,Right,0.0000,1.6807,-3.1490,-0.0713,0.1376,0.9879,,0.0000,0.0000,0.0000
0.7600,Combined,0.0000,1.6807,-3.1490,-0.0713,0.1376,0.9879,,0.0000,0.0000,0.0000
0.7733,Left,0.4588,1.6807,-3.1159,-0.0713,0.1376,0.9879,,0.0000,0.0000,0.0000
0.7733,Right,0.0000,1.6807,-3.1490,-0.0713,0.1376,0.9879,,0.0000,0.0000,0.0000
0.7733,Combined,0.0000,1.6807,-3.1490,-0.0713,0.1376,0.9879,,0.0000,0.0000,0.0000
0.7930,Left,0.4588,1.6807,-3.1159,-0.0713,0.1376,0.9879,,0.0000,0.0000,0.0000
0.7930,Right,0.0000,1.6807,-3.1490,-0.0713,0.1376,0.9879,,0.0000,0.0000,0.0000
0.7930,Combined,0.0000,1.6807,-3.1490,-0.0713,0.1376,0.9879,,0.0000,0.0000,0.0000
0.8157,Left,0.4588,1.6807,-3.1159,-0.0713,0.1376,0.9879,,0.0000,0.0000,0.0000
0.8157,Right,0.0000,1.6807,-3.1490,-0.0713,0.1376,0.9879,,0.0000,0.0000,0.0000
0.8157,Combined,0.0000,1.6807,-3.1490,-0.0713,0.1376,0.9879,,0.0000,0.0000,0.0000
0.8284,Left,0.4588,1.6807,-3.1159,-0.0713,0.1376,0.9879,,0.0000,0.0000,0.0000
0.8284,Right,0.0000,1.6807,-3.1490,-0.0713,0.1376,0.9879,,0.0000,0.0000,0.0000
0.8284,Combined,0.0000,1.6807,-3.1490,-0.0713,0.1376,0.9879,,0.0000,0.0000,0.0000
0.8416,Left,0.4588,1.6807,-3.1159,-0.0713,0.1376,0.9879,,0.0000,0.0000,0.0000
0.8416,Right,0.0000,1.6807,-3.1490,-0.0713,0.1376,0.9879,,0.0000,0.0000,0.0000
0.8416,Combined,0.0000,1.6807,-3.1490,-0.0713,0.1376,0.9879,,0.0000,0.0000,0.0000
0.8711,Left,0.4588,1.6807,-3.1159,-0.0713,0.1376,0.9879,,0.0000,0.0000,0.0000
0.8711,Right,0.0000,1.6807,-3.1490,-0.0713,0.1376,0.9879,,0.0000,0.0000,0.0000
0.8711,Combined,0.0000,1.6807,-3.1490,-0.0713,0.1376,0.9879,,0.0000,0.0000,0.0000
0.8867,Left,0.4588,1.6807,-3.1159,-0.0713,0.1376,0.9879,,0.0000,0.0000,0.0000
0.8867,Right,0.0000,1.6807,-3.1490,-0.0713,0.1376,0.9879,,0.0000,0.0000,0.0000
0.8867,Combined,0.0000,1.6807,-3.1490,-0.0713,0.1376,0.9879,,0.0000,0.0000,0.0000
0.9005,Left,0.4588,1.6807,-3.1159,-0.0713,0.1376,0.9879,,0.0000,0.0000,0.0000
0.9005,Right,0.0000,1.6807,-3.1490,-0.0713,0.1376,0.9879,,0.0000,0.0000,0.0000
0.9005,Combined,0.0000,1.6807,-3.1490,-0.0713,0.1376,0.9879,,0.0000,0.0000,0.0000
0.9166,Left,0.4588,1.6807,-3.1159,-0.0713,0.1376,0.9879,,0.0000,0.0000,0.0000
0.9166,Right,0.0000,1.6807,-3.1490,-0.0713,0.1376,0.9879,,0.0000,0.0000,0.0000
0.9166,Combined,0.0000,1.6807,-3.1490,-0.0713,0.1376,0.9879,,0.0000,0.0000,0.0000
0.9319,Left,0.4588,1.6807,-3.1159,-0.0713,0.1376,0.9879,,0.0000,0.0000,0.0000
0.9319,Right,0.0000,1.6807,-3.1490,-0.0713,0.1376,0.9879,,0.0000,0.0000,0.0000
0.9319,Combined,0.0000,1.6807,-3.1490,-0.0713,0.1376,0.9879,,0.0000,0.0000,0.0000
0.9530,Left,0.4588,1.6807,-3.1159,-0.0713,0.1376,0.9879,,0.0000,0.0000,0.0000
0.9530,Right,0.0000,1.6807,-3.1490,-0.0713,0.1376,0.9879,,0.0000,0.0000,0.0000
0.9530,Combined,0.0000,1.6807,-3.1490,-0.0713,0.1376,0.9879,,0.0000,0.0000,0.0000
0.9756,Left,0.4588,1.6807,-3.1159,-0.0713,0.1376,0.9879,,0.0000,0.0000,0.0000
0.9756,Right,0.0000,1.6807,-3.1490,-0.0713,0.1376,0.9879,,0.0000,0.0000,0.0000
0.9756,Combined,0.0000,1.6807,-3.1490,-0.0713,0.1376,0.9879,,0.0000,0.0000,0.0000
0.9918,Left,0.4588,1.6807,-3.1159,-0.0713,0.1376,0.9879,,0.0000,0.0000,0.0000
0.9918,Right,0.0000,1.6807,-3.1490,-0.0713,0.1376,0.9879,,0.0000,0.0000,0.0000
0.9918,Combined,0.0000,1.6807,-3.1490,-0.0713,0.1376,0.9879,,0.0000,0.0000,0.0000
1.0070,Left,0.4588,1.6807,-3.1159,-0.0713,0.1376,0.9879,,0.0000,0.0000,0.0000
1.0070,Right,0.0000,1.6807,-3.1490,-0.0713,0.1376,0.9879,,0.0000,0.0000,0.0000
1.0070,Combined,0.0000,1.6807,-3.1490,-0.0713,0.1376,0.9879,,0.0000,0.0000,0.0000
1.0202,Left,0.4588,1.6807,-3.1159,-0.0713,0.1376,0.9879,,0.0000,0.0000,0.0000
1.0202,Right,0.0000,1.6807,-3.1490,-0.0713,0.1376,0.9879,,0.0000,0.0000,0.0000
1.0202,Combined,0.0000,1.6807,-3.1490,-0.0713,0.1376,0.9879,,0.0000,0.0000,0.0000
1.0346,Left,0.4588,1.6807,-3.1159,-0.0713,0.1376,0.9879,,0.0000,0.0000,0.0000
1.0346,Right,0.0000,1.6807,-3.1490,-0.0713,0.1376,0.9879,,0.0000,0.0000,0.0000
1.0346,Combined,0.0000,1.6807,-3.1490,-0.0713,0.1376,0.9879,,0.0000,0.0000,0.0000
1.0476,Left,0.4588,1.6807,-3.1159,-0.0713,0.1376,0.9879,,0.0000,0.0000,0.0000
1.0476,Right,0.0000,1.6807,-3.1490,-0.0713,0.1376,0.9879,,0.0000,0.0000,0.0000
1.0476,Combined,0.0000,1.6807,-3.1490,-0.0713,0.1376,0.9879,,0.0000,0.0000,0.0000
1.0602,Left,0.4588,1.6807,-3.1159,-0.0713,0.1376,0.9879,,0.0000,0.0000,0.0000
1.0602,Right,0.0000,1.6807,-3.1490,-0.0713,0.1376,0.9879,,0.0000,0.0000,0.0000
1.0602,Combined,0.0000,1.6807,-3.1490,-0.0713,0.1376,0.9879,,0.0000,0.0000,0.0000
1.0731,Left,0.4588,1.6807,-3.1159,-0.0713,0.1376,0.9879,,0.0000,0.0000,0.0000
1.0731,Right,0.0000,1.6807,-3.1490,-0.0713,0.1376,0.9879,,0.0000,0.0000,0.0000
1.0731,Combined,0.0000,1.6807,-3.1490,-0.0713,0.1376,0.9879,,0.0000,0.0000,0.0000
1.0874,Left,0.4588,1.6807,-3.1159,-0.0713,0.1376,0.9879,,0.0000,0.0000,0.0000
1.0874,Right,0.0000,1.6807,-3.1490,-0.0713,0.1376,0.9879,,0.0000,0.0000,0.0000
1.0874,Combined,0.0000,1.6807,-3.1490,-0.0713,0.1376,0.9879,,0.0000,0.0000,0.0000
1.1099,Left,0.4588,1.6807,-3.1159,-0.0713,0.1376,0.9879,,0.0000,0.0000,0.0000
1.1099,Right,0.0000,1.6807,-3.1490,-0.0713,0.1376,0.9879,,0.0000,0.0000,0.0000
1.1099,Combined,0.0000,1.6807,-3.1490,-0.0713,0.1376,0.9879,,0.0000,0.0000,0.0000
1.1279,Left,0.4588,1.6807,-3.1159,-0.0713,0.1376,0.9879,,0.0000,0.0000,0.0000
1.1279,Right,0.0000,1.6807,-3.1490,-0.0713,0.1376,0.9879,,0.0000,0.0000,0.0000
1.1279,Combined,0.0000,1.6807,-3.1490,-0.0713,0.1376,0.9879,,0.0000,0.0000,0.0000
1.1410,Left,0.4588,1.6807,-3.1159,-0.0713,0.1376,0.9879,,0.0000,0.0000,0.0000
1.1410,Right,0.0000,1.6807,-3.1490,-0.0713,0.1376,0.9879,,0.0000,0.0000,0.0000
1.1410,Combined,0.0000,1.6807,-3.1490,-0.0713,0.1376,0.9879,,0.0000,0.0000,0.0000
1.1539,Left,0.4588,1.6807,-3.1159,-0.0713,0.1376,0.9879,,0.0000,0.0000,0.0000
1.1539,Right,0.0000,1.6807,-3.1490,-0.0713,0.1376,0.9879,,0.0000,0.0000,0.0000
1.1539,Combined,0.0000,1.6807,-3.1490,-0.0713,0.1376,0.9879,,0.0000,0.0000,0.0000
1.1661,Left,0.4588,1.6807,-3.1159,-0.0713,0.1376,0.9879,,0.0000,0.0000,0.0000
1.1661,Right,0.0000,1.6807,-3.1490,-0.0713,0.1376,0.9879,,0.0000,0.0000,0.0000
1.1661,Combined,0.0000,1.6807,-3.1490,-0.0713,0.1376,0.9879,,0.0000,0.0000,0.0000
1.1795,Left,0.4588,1.6807,-3.1159,-0.0713,0.1376,0.9879,,0.0000,0.0000,0.0000
1.1795,Right,0.0000,1.6807,-3.1490,-0.0713,0.1376,0.9879,,0.0000,0.0000,0.0000
1.1795,Combined,0.0000,1.6807,-3.1490,-0.0713,0.1376,0.9879,,0.0000,0.0000,0.0000
1.1930,Left,0.4588,1.6807,-3.1159,-0.0713,0.1376,0.9879,,0.0000,0.0000,0.0000
1.1930,Right,0.0000,1.6807,-3.1490,-0.0713,0.1376,0.9879,,0.0000,0.0000,0.0000
1.1930,Combined,0.0000,1.6807,-3.1490,-0.0713,0.1376,0.9879,,0.0000,0.0000,0.0000
1.2065,Left,0.4588,1.6807,-3.1159,-0.0713,0.1376,0.9879,,0.0000,0.0000,0.0000
1.2065,Right,0.0000,1.6807,-3.1490,-0.0713,0.1376,0.9879,,0.0000,0.0000,0.0000
1.2065,Combined,0.0000,1.6807,-3.1490,-0.0713,0.1376,0.9879,,0.0000,0.0000,0.0000
1.2196,Left,0.4588,1.6807,-3.1159,-0.0713,0.1376,0.9879,,0.0000,0.0000,0.0000
1.2196,Right,0.0000,1.6807,-3.1490,-0.0713,0.1376,0.9879,,0.0000,0.0000,0.0000
1.2196,Combined,0.0000,1.6807,-3.1490,-0.0713,0.1376,0.9879,,0.0000,0.0000,0.0000
1.2326,Left,0.4588,1.6807,-3.1159,-0.0713,0.1376,0.9879,,0.0000,0.0000,0.0000
1.2326,Right,0.0000,1.6807,-3.1490,-0.0713,0.1376,0.9879,,0.0000,0.0000,0.0000
1.2326,Combined,0.0000,1.6807,-3.1490,-0.0713,0.1376,0.9879,,0.0000,0.0000,0.0000
1.2455,Left,0.4588,1.6807,-3.1159,-0.0713,0.1376,0.9879,,0.0000,0.0000,0.0000
1.2455,Right,0.0000,1.6807,-3.1490,-0.0713,0.1376,0.9879,,0.0000,0.0000,0.0000
1.2455,Combined,0.0000,1.6807,-3.1490,-0.0713,0.1376,0.9879,,0.0000,0.0000,0.0000
1.2653,Left,0.4588,1.6807,-3.1159,-0.0713,0.1376,0.9879,,0.0000,0.0000,0.0000
1.2653,Right,0.0000,1.6807,-3.1490,-0.0713,0.1376,0.9879,,0.0000,0.0000,0.0000
1.2653,Combined,0.0000,1.6807,-3.1490,-0.0713,0.1376,0.9879,,0.0000,0.0000,0.0000
1.2837,Left,0.4588,1.6807,-3.1159,-0.0713,0.1376,0.9879,,0.0000,0.0000,0.0000
1.2837,Right,0.0000,1.6807,-3.1490,-0.0713,0.1376,0.9879,,0.0000,0.0000,0.0000
1.2837,Combined,0.0000,1.6807,-3.1490,-0.0713,0.1376,0.9879,,0.0000,0.0000,0.0000
1.2955,Left,0.4588,1.6807,-3.1159,-0.0713,0.1376,0.9879,,0.0000,0.0000,0.0000
1.2955,Right,0.0000,1.6807,-3.1490,-0.0713,0.1376,0.9879,,0.0000,0.0000,0.0000
1.2955,Combined,0.0000,1.6807,-3.1490,-0.0713,0.1376,0.9879,,0.0000,0.0000,0.0000
1.3080,Left,0.4588,1.6807,-3.1159,-0.0713,0.1376,0.9879,,0.0000,0.0000,0.0000
1.3080,Right,0.0000,1.6807,-3.1490,-0.0713,0.1376,0.9879,,0.0000,0.0000,0.0000
1.3080,Combined,0.0000,1.6807,-3.1490,-0.0713,0.1376,0.9879,,0.0000,0.0000,0.0000
1.3214,Left,0.4588,1.6807,-3.1159,-0.0713,0.1376,0.9879,,0.0000,0.0000,0.0000
1.3214,Right,0.0000,1.6807,-3.1490,-0.0713,0.1376,0.9879,,0.0000,0.0000,0.0000
1.3214,Combined,0.0000,1.6807,-3.1490,-0.0713,0.1376,0.9879,,0.0000,0.0000,0.0000
1.3359,Left,0.4588,1.6807,-3.1159,-0.0713,0.1376,0.9879,,0.0000,0.0000,0.0000
1.3359,Right,0.0000,1.6807,-3.1490,-0.0713,0.1376,0.9879,,0.0000,0.0000,0.0000
1.3359,Combined,0.0000,1.6807,-3.1490,-0.0713,0.1376,0.9879,,0.0000,0.0000,0.0000
1.3484,Left,0.4588,1.6807,-3.1159,-0.0713,0.1376,0.9879,,0.0000,0.0000,0.0000
1.3484,Right,0.0000,1.6807,-3.1490,-0.0713,0.1376,0.9879,,0.0000,0.0000,0.0000
1.3484,Combined,0.0000,1.6807,-3.1490,-0.0713,0.1376,0.9879,,0.0000,0.0000,0.0000
1.3620,Left,0.4588,1.6807,-3.1159,-0.0713,0.1376,0.9879,,0.0000,0.0000,0.0000
1.3620,Right,0.0000,1.6807,-3.1490,-0.0713,0.1376,0.9879,,0.0000,0.0000,0.0000
1.3620,Combined,0.0000,1.6807,-3.1490,-0.0713,0.1376,0.9879,,0.0000,0.0000,0.0000
1.3769,Left,0.4588,1.6807,-3.1159,-0.0713,0.1376,0.9879,,0.0000,0.0000,0.0000
1.3769,Right,0.0000,1.6807,-3.1490,-0.0713,0.1376,0.9879,,0.0000,0.0000,0.0000
1.3769,Combined,0.0000,1.6807,-3.1490,-0.0713,0.1376,0.9879,,0.0000,0.0000,0.0000
1.3903,Left,0.4588,1.6807,-3.1159,-0.0713,0.1376,0.9879,,0.0000,0.0000,0.0000
1.3903,Right,0.0000,1.6807,-3.1490,-0.0713,0.1376,0.9879,,0.0000,0.0000,0.0000
1.3903,Combined,0.0000,1.6807,-3.1490,-0.0713,0.1376,0.9879,,0.0000,0.0000,0.0000
1.4052,Left,0.4588,1.6807,-3.1159,-0.0713,0.1376,0.9879,,0.0000,0.0000,0.0000
1.4052,Right,0.0000,1.6807,-3.1490,-0.0713,0.1376,0.9879,,0.0000,0.0000,0.0000
1.4052,Combined,0.0000,1.6807,-3.1490,-0.0713,0.1376,0.9879,,0.0000,0.0000,0.0000
1.4267,Left,0.4588,1.6807,-3.1159,-0.0713,0.1376,0.9879,,0.0000,0.0000,0.0000
1.4267,Right,0.0000,1.6807,-3.1490,-0.0713,0.1376,0.9879,,0.0000,0.0000,0.0000
1.4267,Combined,0.0000,1.6807,-3.1490,-0.0713,0.1376,0.9879,,0.0000,0.0000,0.0000
1.4479,Left,0.4588,1.6807,-3.1159,-0.0713,0.1376,0.9879,,0.0000,0.0000,0.0000
1.4479,Right,0.0000,1.6807,-3.1490,-0.0713,0.1376,0.9879,,0.0000,0.0000,0.0000
1.4479,Combined,0.0000,1.6807,-3.1490,-0.0713,0.1376,0.9879,,0.0000,0.0000,0.0000
1.4621,Left,0.4588,1.6807,-3.1159,-0.0713,0.1376,0.9879,,0.0000,0.0000,0.0000
1.4621,Right,0.0000,1.6807,-3.1490,-0.0713,0.1376,0.9879,,0.0000,0.0000,0.0000
1.4621,Combined,0.0000,1.6807,-3.1490,-0.0713,0.1376,0.9879,,0.0000,0.0000,0.0000
1.4772,Left,0.4588,1.6807,-3.1159,-0.0713,0.1376,0.9879,,0.0000,0.0000,0.0000
1.4772,Right,0.0000,1.6807,-3.1490,-0.0713,0.1376,0.9879,,0.0000,0.0000,0.0000
1.4772,Combined,0.0000,1.6807,-3.1490,-0.0713,0.1376,0.9879,,0.0000,0.0000,0.0000
1.4917,Left,0.4588,1.6807,-3.1159,-0.0713,0.1376,0.9879,,0.0000,0.0000,0.0000
1.4917,Right,0.0000,1.6807,-3.1490,-0.0713,0.1376,0.9879,,0.0000,0.0000,0.0000
1.4917,Combined,0.0000,1.6807,-3.1490,-0.0713,0.1376,0.9879,,0.0000,0.0000,0.0000
1.5041,Left,0.4588,1.6807,-3.1159,-0.0713,0.1376,0.9879,,0.0000,0.0000,0.0000
1.5041,Right,0.0000,1.6807,-3.1490,-0.0713,0.1376,0.9879,,0.0000,0.0000,0.0000
1.5041,Combined,0.0000,1.6807,-3.1490,-0.0713,0.1376,0.9879,,0.0000,0.0000,0.0000
1.5164,Left,0.4588,1.6807,-3.1159,-0.0713,0.1376,0.9879,,0.0000,0.0000,0.0000
1.5164,Right,0.0000,1.6807,-3.1490,-0.0713,0.1376,0.9879,,0.0000,0.0000,0.0000
1.5164,Combined,0.0000,1.6807,-3.1490,-0.0713,0.1376,0.9879,,0.0000,0.0000,0.0000
1.5280,Left,0.4588,1.6807,-3.1159,-0.0713,0.1376,0.9879,,0.0000,0.0000,0.0000
1.5280,Right,0.0000,1.6807,-3.1490,-0.0713,0.1376,0.9879,,0.0000,0.0000,0.0000
1.5280,Combined,0.0000,1.6807,-3.1490,-0.0713,0.1376,0.9879,,0.0000,0.0000,0.0000
1.5406,Left,0.4588,1.6807,-3.1159,-0.0713,0.1376,0.9879,,0.0000,0.0000,0.0000
1.5406,Right,0.0000,1.6807,-3.1490,-0.0713,0.1376,0.9879,,0.0000,0.0000,0.0000
1.5406,Combined,0.0000,1.6807,-3.1490,-0.0713,0.1376,0.9879,,0.0000,0.0000,0.0000
1.5547,Left,0.4588,1.6807,-3.1159,-0.0713,0.1376,0.9879,,0.0000,0.0000,0.0000
1.5547,Right,0.0000,1.6807,-3.1490,-0.0713,0.1376,0.9879,,0.0000,0.0000,0.0000
1.5547,Combined,0.0000,1.6807,-3.1490,-0.0713,0.1376,0.9879,,0.0000,0.0000,0.0000
1.5693,Left,0.4588,1.6807,-3.1159,-0.0713,0.1376,0.9879,,0.0000,0.0000,0.0000
1.5693,Right,0.0000,1.6807,-3.1490,-0.0713,0.1376,0.9879,,0.0000,0.0000,0.0000
1.5693,Combined,0.0000,1.6807,-3.1490,-0.0713,0.1376,0.9879,,0.0000,0.0000,0.0000
1.5911,Left,0.4588,1.6807,-3.1159,-0.0713,0.1376,0.9879,,0.0000,0.0000,0.0000
1.5911,Right,0.0000,1.6807,-3.1490,-0.0713,0.1376,0.9879,,0.0000,0.0000,0.0000
1.5911,Combined,0.0000,1.6807,-3.1490,-0.0713,0.1376,0.9879,,0.0000,0.0000,0.0000
1.6122,Left,0.4588,1.6807,-3.1159,-0.0713,0.1376,0.9879,,0.0000,0.0000,0.0000
1.6122,Right,0.0000,1.6807,-3.1490,-0.0713,0.1376,0.9879,,0.0000,0.0000,0.0000
1.6122,Combined,0.0000,1.6807,-3.1490,-0.0713,0.1376,0.9879,,0.0000,0.0000,0.0000
1.6257,Left,0.4588,1.6807,-3.1159,-0.0713,0.1376,0.9879,,0.0000,0.0000,0.0000
1.6257,Right,0.0000,1.6807,-3.1490,-0.0713,0.1376,0.9879,,0.0000,0.0000,0.0000
1.6257,Combined,0.0000,1.6807,-3.1490,-0.0713,0.1376,0.9879,,0.0000,0.0000,0.0000
1.6395,Left,0.4588,1.6807,-3.1159,-0.0713,0.1376,0.9879,,0.0000,0.0000,0.0000
1.6395,Right,0.0000,1.6807,-3.1490,-0.0713,0.1376,0.9879,,0.0000,0.0000,0.0000
1.6395,Combined,0.0000,1.6807,-3.1490,-0.0713,0.1376,0.9879,,0.0000,0.0000,0.0000
1.6522,Left,0.4588,1.6807,-3.1159,-0.0713,0.1376,0.9879,,0.0000,0.0000,0.0000
1.6522,Right,0.0000,1.6807,-3.1490,-0.0713,0.1376,0.9879,,0.0000,0.0000,0.0000
1.6522,Combined,0.0000,1.6807,-3.1490,-0.0713,0.1376,0.9879,,0.0000,0.0000,0.0000
1.6657,Left,0.4588,1.6807,-3.1159,-0.0713,0.1376,0.9879,,0.0000,0.0000,0.0000
1.6657,Right,0.0000,1.6807,-3.1490,-0.0713,0.1376,0.9879,,0.0000,0.0000,0.0000
1.6657,Combined,0.0000,1.6807,-3.1490,-0.0713,0.1376,0.9879,,0.0000,0.0000,0.0000
1.6907,Left,0.4588,1.6807,-3.1159,-0.0713,0.1376,0.9879,,0.0000,0.0000,0.0000
1.6907,Right,0.0000,1.6807,-3.1490,-0.0713,0.1376,0.9879,,0.0000,0.0000,0.0000
1.6907,Combined,0.0000,1.6807,-3.1490,-0.0713,0.1376,0.9879,,0.0000,0.0000,0.0000
1.7074,Left,0.4588,1.6807,-3.1159,-0.0713,0.1376,0.9879,,0.0000,0.0000,0.0000
1.7074,Right,0.0000,1.6807,-3.1490,-0.0713,0.1376,0.9879,,0.0000,0.0000,0.0000
1.7074,Combined,0.0000,1.6807,-3.1490,-0.0713,0.1376,0.9879,,0.0000,0.0000,0.0000
1.7211,Left,0.4588,1.6807,-3.1159,-0.0713,0.1376,0.9879,,0.0000,0.0000,0.0000
1.7211,Right,0.0000,1.6807,-3.1490,-0.0713,0.1376,0.9879,,0.0000,0.0000,0.0000
1.7211,Combined,0.0000,1.6807,-3.1490,-0.0713,0.1376,0.9879,,0.0000,0.0000,0.0000
1.7404,Left,0.4588,1.6807,-3.1159,-0.0713,0.1376,0.9879,,0.0000,0.0000,0.0000
1.7404,Right,0.0000,1.6807,-3.1490,-0.0713,0.1376,0.9879,,0.0000,0.0000,0.0000
1.7404,Combined,0.0000,1.6807,-3.1490,-0.0713,0.1376,0.9879,,0.0000,0.0000,0.0000
1.7587,Left,0.4588,1.6807,-3.1159,-0.0713,0.1376,0.9879,,0.0000,0.0000,0.0000
1.7587,Right,0.0000,1.6807,-3.1490,-0.0713,0.1376,0.9879,,0.0000,0.0000,0.0000
1.7587,Combined,0.0000,1.6807,-3.1490,-0.0713,0.1376,0.9879,,0.0000,0.0000,0.0000
1.7716,Left,0.4588,1.6807,-3.1159,-0.0713,0.1376,0.9879,,0.0000,0.0000,0.0000
1.7716,Right,0.0000,1.6807,-3.1490,-0.0713,0.1376,0.9879,,0.0000,0.0000,0.0000
1.7716,Combined,0.0000,1.6807,-3.1490,-0.0713,0.1376,0.9879,,0.0000,0.0000,0.0000
1.7852,Left,0.4588,1.6807,-3.1159,-0.0713,0.1376,0.9879,,0.0000,0.0000,0.0000
1.7852,Right,0.0000,1.6807,-3.1490,-0.0713,0.1376,0.9879,,0.0000,0.0000,0.0000
1.7852,Combined,0.0000,1.6807,-3.1490,-0.0713,0.1376,0.9879,,0.0000,0.0000,0.0000
1.7971,Left,0.4588,1.6807,-3.1159,-0.0713,0.1376,0.9879,,0.0000,0.0000,0.0000
1.7971,Right,0.0000,1.6807,-3.1490,-0.0713,0.1376,0.9879,,0.0000,0.0000,0.0000
1.7971,Combined,0.0000,1.6807,-3.1490,-0.0713,0.1376,0.9879,,0.0000,0.0000,0.0000
1.8088,Left,0.4588,1.6807,-3.1159,-0.0713,0.1376,0.9879,,0.0000,0.0000,0.0000
1.8088,Right,0.0000,1.6807,-3.1490,-0.0713,0.1376,0.9879,,0.0000,0.0000,0.0000
1.8088,Combined,0.0000,1.6807,-3.1490,-0.0713,0.1376,0.9879,,0.0000,0.0000,0.0000
1.8212,Left,0.4588,1.6807,-3.1159,-0.0713,0.1376,0.9879,,0.0000,0.0000,0.0000
1.8212,Right,0.0000,1.6807,-3.1490,-0.0713,0.1376,0.9879,,0.0000,0.0000,0.0000
1.8212,Combined,0.0000,1.6807,-3.1490,-0.0713,0.1376,0.9879,,0.0000,0.0000,0.0000
1.8345,Left,0.4588,1.6807,-3.1159,-0.0713,0.1376,0.9879,,0.0000,0.0000,0.0000
1.8345,Right,0.0000,1.6807,-3.1490,-0.0713,0.1376,0.9879,,0.0000,0.0000,0.0000
1.8345,Combined,0.0000,1.6807,-3.1490,-0.0713,0.1376,0.9879,,0.0000,0.0000,0.0000
1.8468,Left,0.4588,1.6807,-3.1159,-0.0713,0.1376,0.9879,,0.0000,0.0000,0.0000
1.8468,Right,0.0000,1.6807,-3.1490,-0.0713,0.1376,0.9879,,0.0000,0.0000,0.0000
1.8468,Combined,0.0000,1.6807,-3.1490,-0.0713,0.1376,0.9879,,0.0000,0.0000,0.0000
1.8598,Left,0.4588,1.6807,-3.1159,-0.0713,0.1376,0.9879,,0.0000,0.0000,0.0000
1.8598,Right,0.0000,1.6807,-3.1490,-0.0713,0.1376,0.9879,,0.0000,0.0000,0.0000
1.8598,Combined,0.0000,1.6807,-3.1490,-0.0713,0.1376,0.9879,,0.0000,0.0000,0.0000
1.8737,Left,0.4588,1.6807,-3.1159,-0.0713,0.1376,0.9879,,0.0000,0.0000,0.0000
1.8737,Right,0.0000,1.6807,-3.1490,-0.0713,0.1376,0.9879,,0.0000,0.0000,0.0000
1.8737,Combined,0.0000,1.6807,-3.1490,-0.0713,0.1376,0.9879,,0.0000,0.0000,0.0000
1.8979,Left,0.4588,1.6807,-3.1159,-0.0713,0.1376,0.9879,,0.0000,0.0000,0.0000
1.8979,Right,0.0000,1.6807,-3.1490,-0.0713,0.1376,0.9879,,0.0000,0.0000,0.0000
1.8979,Combined,0.0000,1.6807,-3.1490,-0.0713,0.1376,0.9879,,0.0000,0.0000,0.0000
1.9183,Left,0.4588,1.6807,-3.1159,-0.0713,0.1376,0.9879,,0.0000,0.0000,0.0000
1.9183,Right,0.0000,1.6807,-3.1490,-0.0713,0.1376,0.9879,,0.0000,0.0000,0.0000
1.9183,Combined,0.0000,1.6807,-3.1490,-0.0713,0.1376,0.9879,,0.0000,0.0000,0.0000
1.9318,Left,0.4588,1.6807,-3.1159,-0.0713,0.1376,0.9879,,0.0000,0.0000,0.0000
1.9318,Right,0.0000,1.6807,-3.1490,-0.0713,0.1376,0.9879,,0.0000,0.0000,0.0000
1.9318,Combined,0.0000,1.6807,-3.1490,-0.0713,0.1376,0.9879,,0.0000,0.0000,0.0000
1.9449,Left,0.4588,1.6807,-3.1159,-0.0713,0.1376,0.9879,,0.0000,0.0000,0.0000
1.9449,Right,0.0000,1.6807,-3.1490,-0.0713,0.1376,0.9879,,0.0000,0.0000,0.0000
1.9449,Combined,0.0000,1.6807,-3.1490,-0.0713,0.1376,0.9879,,0.0000,0.0000,0.0000
1.9575,Left,0.4588,1.6807,-3.1159,-0.0713,0.1376,0.9879,,0.0000,0.0000,0.0000
1.9575,Right,0.0000,1.6807,-3.1490,-0.0713,0.1376,0.9879,,0.0000,0.0000,0.0000
1.9575,Combined,0.0000,1.6807,-3.1490,-0.0713,0.1376,0.9879,,0.0000,0.0000,0.0000
1.9701,Left,0.4588,1.6807,-3.1159,-0.0713,0.1376,0.9879,,0.0000,0.0000,0.0000
1.9701,Right,0.0000,1.6807,-3.1490,-0.0713,0.1376,0.9879,,0.0000,0.0000,0.0000
1.9701,Combined,0.0000,1.6807,-3.1490,-0.0713,0.1376,0.9879,,0.0000,0.0000,0.0000
1.9823,Left,0.4588,1.6807,-3.1159,-0.0713,0.1376,0.9879,,0.0000,0.0000,0.0000
1.9823,Right,0.0000,1.6807,-3.1490,-0.0713,0.1376,0.9879,,0.0000,0.0000,0.0000
1.9823,Combined,0.0000,1.6807,-3.1490,-0.0713,0.1376,0.9879,,0.0000,0.0000,0.0000
1.9944,Left,0.4588,1.6807,-3.1159,-0.0713,0.1376,0.9879,,0.0000,0.0000,0.0000
1.9944,Right,0.0000,1.6807,-3.1490,-0.0713,0.1376,0.9879,,0.0000,0.0000,0.0000
1.9944,Combined,0.0000,1.6807,-3.1490,-0.0713,0.1376,0.9879,,0.0000,0.0000,0.0000
2.0069,Left,0.4588,1.6807,-3.1159,-0.0713,0.1376,0.9879,,0.0000,0.0000,0.0000
2.0069,Right,0.0000,1.6807,-3.1490,-0.0713,0.1376,0.9879,,0.0000,0.0000,0.0000
2.0069,Combined,0.0000,1.6807,-3.1490,-0.0713,0.1376,0.9879,,0.0000,0.0000,0.0000
2.0191,Left,0.4588,1.6807,-3.1159,-0.0713,0.1376,0.9879,,0.0000,0.0000,0.0000
2.0191,Right,0.0000,1.6807,-3.1490,-0.0713,0.1376,0.9879,,0.0000,0.0000,0.0000
2.0191,Combined,0.0000,1.6807,-3.1490,-0.0713,0.1376,0.9879,,0.0000,0.0000,0.0000
2.0314,Left,0.4588,1.6807,-3.1159,-0.0713,0.1376,0.9879,,0.0000,0.0000,0.0000
2.0314,Right,0.0000,1.6807,-3.1490,-0.0713,0.1376,0.9879,,0.0000,0.0000,0.0000
2.0314,Combined,0.0000,1.6807,-3.1490,-0.0713,0.1376,0.9879,,0.0000,0.0000,0.0000
2.0500,Left,0.4588,1.6807,-3.1159,-0.0713,0.1376,0.9879,,0.0000,0.0000,0.0000
2.0500,Right,0.0000,1.6807,-3.1490,-0.0713,0.1376,0.9879,,0.0000,0.0000,0.0000
2.0500,Combined,0.0000,1.6807,-3.1490,-0.0713,0.1376,0.9879,,0.0000,0.0000,0.0000
2.0698,Left,0.4588,1.6807,-3.1159,-0.0713,0.1376,0.9879,,0.0000,0.0000,0.0000
2.0698,Right,0.0000,1.6807,-3.1490,-0.0713,0.1376,0.9879,,0.0000,0.0000,0.0000
2.0698,Combined,0.0000,1.6807,-3.1490,-0.0713,0.1376,0.9879,,0.0000,0.0000,0.0000
2.0827,Left,0.4588,1.6807,-3.1159,-0.0713,0.1376,0.9879,,0.0000,0.0000,0.0000
2.0827,Right,0.0000,1.6807,-3.1490,-0.0713,0.1376,0.9879,,0.0000,0.0000,0.0000
2.0827,Combined,0.0000,1.6807,-3.1490,-0.0713,0.1376,0.9879,,0.0000,0.0000,0.0000
2.0968,Left,0.4588,1.6807,-3.1159,-0.0713,0.1376,0.9879,,0.0000,0.0000,0.0000
2.0968,Right,0.0000,1.6807,-3.1490,-0.0713,0.1376,0.9879,,0.0000,0.0000,0.0000
2.0968,Combined,0.0000,1.6807,-3.1490,-0.0713,0.1376,0.9879,,0.0000,0.0000,0.0000
2.1119,Left,0.4588,1.6807,-3.1159,-0.0713,0.1376,0.9879,,0.0000,0.0000,0.0000
2.1119,Right,0.0000,1.6807,-3.1490,-0.0713,0.1376,0.9879,,0.0000,0.0000,0.0000
2.1119,Combined,0.0000,1.6807,-3.1490,-0.0713,0.1376,0.9879,,0.0000,0.0000,0.0000
2.1257,Left,0.4588,1.6807,-3.1159,-0.0713,0.1376,0.9879,,0.0000,0.0000,0.0000
2.1257,Right,0.0000,1.6807,-3.1490,-0.0713,0.1376,0.9879,,0.0000,0.0000,0.0000
2.1257,Combined,0.0000,1.6807,-3.1490,-0.0713,0.1376,0.9879,,0.0000,0.0000,0.0000
2.1399,Left,0.4588,1.6807,-3.1159,-0.0713,0.1376,0.9879,,0.0000,0.0000,0.0000
2.1399,Right,0.0000,1.6807,-3.1490,-0.0713,0.1376,0.9879,,0.0000,0.0000,0.0000
2.1399,Combined,0.0000,1.6807,-3.1490,-0.0713,0.1376,0.9879,,0.0000,0.0000,0.0000
2.1534,Left,0.4588,1.6807,-3.1159,-0.0713,0.1376,0.9879,,0.0000,0.0000,0.0000
2.1534,Right,0.0000,1.6807,-3.1490,-0.0713,0.1376,0.9879,,0.0000,0.0000,0.0000
2.1534,Combined,0.0000,1.6807,-3.1490,-0.0713,0.1376,0.9879,,0.0000,0.0000,0.0000
2.1658,Left,0.4588,1.6807,-3.1159,-0.0713,0.1376,0.9879,,0.0000,0.0000,0.0000
2.1658,Right,0.0000,1.6807,-3.1490,-0.0713,0.1376,0.9879,,0.0000,0.0000,0.0000
2.1658,Combined,0.0000,1.6807,-3.1490,-0.0713,0.1376,0.9879,,0.0000,0.0000,0.0000
2.1780,Left,0.4588,1.6807,-3.1159,-0.0713,0.1376,0.9879,,0.0000,0.0000,0.0000
2.1780,Right,0.0000,1.6807,-3.1490,-0.0713,0.1376,0.9879,,0.0000,0.0000,0.0000
2.1780,Combined,0.0000,1.6807,-3.1490,-0.0713,0.1376,0.9879,,0.0000,0.0000,0.0000
2.1907,Left,0.4588,1.6807,-3.1159,-0.0713,0.1376,0.9879,,0.0000,0.0000,0.0000
2.1907,Right,0.0000,1.6807,-3.1490,-0.0713,0.1376,0.9879,,0.0000,0.0000,0.0000
2.1907,Combined,0.0000,1.6807,-3.1490,-0.0713,0.1376,0.9879,,0.0000,0.0000,0.0000
2.2107,Left,0.4588,1.6807,-3.1159,-0.0713,0.1376,0.9879,,0.0000,0.0000,0.0000
2.2107,Right,0.0000,1.6807,-3.1490,-0.0713,0.1376,0.9879,,0.0000,0.0000,0.0000
2.2107,Combined,0.0000,1.6807,-3.1490,-0.0713,0.1376,0.9879,,0.0000,0.0000,0.0000
2.2297,Left,0.4588,1.6807,-3.1159,-0.0713,0.1376,0.9879,,0.0000,0.0000,0.0000
2.2297,Right,0.0000,1.6807,-3.1490,-0.0713,0.1376,0.9879,,0.0000,0.0000,0.0000
2.2297,Combined,0.0000,1.6807,-3.1490,-0.0713,0.1376,0.9879,,0.0000,0.0000,0.0000
2.2424,Left,0.4588,1.6807,-3.1159,-0.0713,0.1376,0.9879,,0.0000,0.0000,0.0000
2.2424,Right,0.0000,1.6807,-3.1490,-0.0713,0.1376,0.9879,,0.0000,0.0000,0.0000
2.2424,Combined,0.0000,1.6807,-3.1490,-0.0713,0.1376,0.9879,,0.0000,0.0000,0.0000
2.2546,Left,0.4588,1.6807,-3.1159,-0.0713,0.1376,0.9879,,0.0000,0.0000,0.0000
2.2546,Right,0.0000,1.6807,-3.1490,-0.0713,0.1376,0.9879,,0.0000,0.0000,0.0000
2.2546,Combined,0.0000,1.6807,-3.1490,-0.0713,0.1376,0.9879,,0.0000,0.0000,0.0000
2.2668,Left,0.4588,1.6807,-3.1159,-0.0713,0.1376,0.9879,,0.0000,0.0000,0.0000
2.2668,Right,0.0000,1.6807,-3.1490,-0.0713,0.1376,0.9879,,0.0000,0.0000,0.0000
2.2668,Combined,0.0000,1.6807,-3.1490,-0.0713,0.1376,0.9879,,0.0000,0.0000,0.0000
2.2800,Left,0.4588,1.6807,-3.1159,-0.0713,0.1376,0.9879,,0.0000,0.0000,0.0000
2.2800,Right,0.0000,1.6807,-3.1490,-0.0713,0.1376,0.9879,,0.0000,0.0000,0.0000
2.2800,Combined,0.0000,1.6807,-3.1490,-0.0713,0.1376,0.9879,,0.0000,0.0000,0.0000
2.2944,Left,0.4588,1.6807,-3.1159,-0.0713,0.1376,0.9879,,0.0000,0.0000,0.0000
2.2944,Right,0.0000,1.6807,-3.1490,-0.0713,0.1376,0.9879,,0.0000,0.0000,0.0000
2.2944,Combined,0.0000,1.6807,-3.1490,-0.0713,0.1376,0.9879,,0.0000,0.0000,0.0000
2.3077,Left,0.4588,1.6807,-3.1159,-0.0713,0.1376,0.9879,,0.0000,0.0000,0.0000
2.3077,Right,0.0000,1.6807,-3.1490,-0.0713,0.1376,0.9879,,0.0000,0.0000,0.0000
2.3077,Combined,0.0000,1.6807,-3.1490,-0.0713,0.1376,0.9879,,0.0000,0.0000,0.0000
2.3222,Left,0.4588,1.6807,-3.1159,-0.0713,0.1376,0.9879,,0.0000,0.0000,0.0000
2.3222,Right,0.0000,1.6807,-3.1490,-0.0713,0.1376,0.9879,,0.0000,0.0000,0.0000
2.3222,Combined,0.0000,1.6807,-3.1490,-0.0713,0.1376,0.9879,,0.0000,0.0000,0.0000
2.3374,Left,0.4588,1.6807,-3.1159,-0.0713,0.1376,0.9879,,0.0000,0.0000,0.0000
2.3374,Right,0.0000,1.6807,-3.1490,-0.0713,0.1376,0.9879,,0.0000,0.0000,0.0000
2.3374,Combined,0.0000,1.6807,-3.1490,-0.0713,0.1376,0.9879,,0.0000,0.0000,0.0000
2.3511,Left,0.4588,1.6807,-3.1159,-0.0713,0.1376,0.9879,,0.0000,0.0000,0.0000
2.3511,Right,0.0000,1.6807,-3.1490,-0.0713,0.1376,0.9879,,0.0000,0.0000,0.0000
2.3511,Combined,0.0000,1.6807,-3.1490,-0.0713,0.1376,0.9879,,0.0000,0.0000,0.0000
2.3722,Left,0.4588,1.6807,-3.1159,-0.0713,0.1376,0.9879,,0.0000,0.0000,0.0000
2.3722,Right,0.0000,1.6807,-3.1490,-0.0713,0.1376,0.9879,,0.0000,0.0000,0.0000
2.3722,Combined,0.0000,1.6807,-3.1490,-0.0713,0.1376,0.9879,,0.0000,0.0000,0.0000
2.3902,Left,0.4588,1.6807,-3.1159,-0.0713,0.1376,0.9879,,0.0000,0.0000,0.0000
2.3902,Right,0.0000,1.6807,-3.1490,-0.0713,0.1376,0.9879,,0.0000,0.0000,0.0000
2.3902,Combined,0.0000,1.6807,-3.1490,-0.0713,0.1376,0.9879,,0.0000,0.0000,0.0000
2.4028,Left,0.4588,1.6807,-3.1159,-0.0713,0.1376,0.9879,,0.0000,0.0000,0.0000
2.4028,Right,0.0000,1.6807,-3.1490,-0.0713,0.1376,0.9879,,0.0000,0.0000,0.0000
2.4028,Combined,0.0000,1.6807,-3.1490,-0.0713,0.1376,0.9879,,0.0000,0.0000,0.0000
2.4160,Left,0.4588,1.6807,-3.1159,-0.0713,0.1376,0.9879,,0.0000,0.0000,0.0000
2.4160,Right,0.0000,1.6807,-3.1490,-0.0713,0.1376,0.9879,,0.0000,0.0000,0.0000
2.4160,Combined,0.0000,1.6807,-3.1490,-0.0713,0.1376,0.9879,,0.0000,0.0000,0.0000
2.4283,Left,0.4588,1.6807,-3.1159,-0.0713,0.1376,0.9879,,0.0000,0.0000,0.0000
2.4283,Right,0.0000,1.6807,-3.1490,-0.0713,0.1376,0.9879,,0.0000,0.0000,0.0000
2.4283,Combined,0.0000,1.6807,-3.1490,-0.0713,0.1376,0.9879,,0.0000,0.0000,0.0000
2.4416,Left,0.4588,1.6807,-3.1159,-0.0713,0.1376,0.9879,,0.0000,0.0000,0.0000
2.4416,Right,0.0000,1.6807,-3.1490,-0.0713,0.1376,0.9879,,0.0000,0.0000,0.0000
2.4416,Combined,0.0000,1.6807,-3.1490,-0.0713,0.1376,0.9879,,0.0000,0.0000,0.0000
2.4547,Left,0.4588,1.6807,-3.1159,-0.0713,0.1376,0.9879,,0.0000,0.0000,0.0000
2.4547,Right,0.0000,1.6807,-3.1490,-0.0713,0.1376,0.9879,,0.0000,0.0000,0.0000
2.4547,Combined,0.0000,1.6807,-3.1490,-0.0713,0.1376,0.9879,,0.0000,0.0000,0.0000
2.4678,Left,0.4588,1.6807,-3.1159,-0.0713,0.1376,0.9879,,0.0000,0.0000,0.0000
2.4678,Right,0.0000,1.6807,-3.1490,-0.0713,0.1376,0.9879,,0.0000,0.0000,0.0000
2.4678,Combined,0.0000,1.6807,-3.1490,-0.0713,0.1376,0.9879,,0.0000,0.0000,0.0000
2.4824,Left,0.4588,1.6807,-3.1159,-0.0713,0.1376,0.9879,,0.0000,0.0000,0.0000
2.4824,Right,0.0000,1.6807,-3.1490,-0.0713,0.1376,0.9879,,0.0000,0.0000,0.0000
2.4824,Combined,0.0000,1.6807,-3.1490,-0.0713,0.1376,0.9879,,0.0000,0.0000,0.0000
2.4968,Left,0.4588,1.6807,-3.1159,-0.0713,0.1376,0.9879,,0.0000,0.0000,0.0000
2.4968,Right,0.0000,1.6807,-3.1490,-0.0713,0.1376,0.9879,,0.0000,0.0000,0.0000
2.4968,Combined,0.0000,1.6807,-3.1490,-0.0713,0.1376,0.9879,,0.0000,0.0000,0.0000
2.5109,Left,0.4588,1.6807,-3.1159,-0.0713,0.1376,0.9879,,0.0000,0.0000,0.0000
2.5109,Right,0.0000,1.6807,-3.1490,-0.0713,0.1376,0.9879,,0.0000,0.0000,0.0000
2.5109,Combined,0.0000,1.6807,-3.1490,-0.0713,0.1376,0.9879,,0.0000,0.0000,0.0000
2.5301,Left,0.4588,1.6807,-3.1159,-0.0713,0.1376,0.9879,,0.0000,0.0000,0.0000
2.5301,Right,0.0000,1.6807,-3.1490,-0.0713,0.1376,0.9879,,0.0000,0.0000,0.0000
2.5301,Combined,0.0000,1.6807,-3.1490,-0.0713,0.1376,0.9879,,0.0000,0.0000,0.0000
2.5502,Left,0.4588,1.6807,-3.1159,-0.0713,0.1376,0.9879,,0.0000,0.0000,0.0000
2.5502,Right,0.0000,1.6807,-3.1490,-0.0713,0.1376,0.9879,,0.0000,0.0000,0.0000
2.5502,Combined,0.0000,1.6807,-3.1490,-0.0713,0.1376,0.9879,,0.0000,0.0000,0.0000
2.5635,Left,0.4588,1.6807,-3.1159,-0.0713,0.1376,0.9879,,0.0000,0.0000,0.0000
2.5635,Right,0.0000,1.6807,-3.1490,-0.0713,0.1376,0.9879,,0.0000,0.0000,0.0000
2.5635,Combined,0.0000,1.6807,-3.1490,-0.0713,0.1376,0.9879,,0.0000,0.0000,0.0000
2.5762,Left,0.4588,1.6807,-3.1159,-0.0713,0.1376,0.9879,,0.0000,0.0000,0.0000
2.5762,Right,0.0000,1.6807,-3.1490,-0.0713,0.1376,0.9879,,0.0000,0.0000,0.0000
2.5762,Combined,0.0000,1.6807,-3.1490,-0.0713,0.1376,0.9879,,0.0000,0.0000,0.0000
2.5884,Left,0.4588,1.6807,-3.1159,-0.0713,0.1376,0.9879,,0.0000,0.0000,0.0000
2.5884,Right,0.0000,1.6807,-3.1490,-0.0713,0.1376,0.9879,,0.0000,0.0000,0.0000
2.5884,Combined,0.0000,1.6807,-3.1490,-0.0713,0.1376,0.9879,,0.0000,0.0000,0.0000
2.6014,Left,0.4588,1.6807,-3.1159,-0.0713,0.1376,0.9879,,0.0000,0.0000,0.0000
2.6014,Right,0.0000,1.6807,-3.1490,-0.0713,0.1376,0.9879,,0.0000,0.0000,0.0000
2.6014,Combined,0.0000,1.6807,-3.1490,-0.0713,0.1376,0.9879,,0.0000,0.0000,0.0000
2.6141,Left,0.4588,1.6807,-3.1159,-0.0713,0.1376,0.9879,,0.0000,0.0000,0.0000
2.6141,Right,0.0000,1.6807,-3.1490,-0.0713,0.1376,0.9879,,0.0000,0.0000,0.0000
2.6141,Combined,0.0000,1.6807,-3.1490,-0.0713,0.1376,0.9879,,0.0000,0.0000,0.0000
2.6267,Left,0.4588,1.6807,-3.1159,-0.0713,0.1376,0.9879,,0.0000,0.0000,0.0000
2.6267,Right,0.0000,1.6807,-3.1490,-0.0713,0.1376,0.9879,,0.0000,0.0000,0.0000
2.6267,Combined,0.0000,1.6807,-3.1490,-0.0713,0.1376,0.9879,,0.0000,0.0000,0.0000
2.6406,Left,0.4588,1.6807,-3.1159,-0.0713,0.1376,0.9879,,0.0000,0.0000,0.0000
2.6406,Right,0.0000,1.6807,-3.1490,-0.0713,0.1376,0.9879,,0.0000,0.0000,0.0000
2.6406,Combined,0.0000,1.6807,-3.1490,-0.0713,0.1376,0.9879,,0.0000,0.0000,0.0000
2.6541,Left,0.4588,1.6807,-3.1159,-0.0713,0.1376,0.9879,,0.0000,0.0000,0.0000
2.6541,Right,0.0000,1.6807,-3.1490,-0.0713,0.1376,0.9879,,0.0000,0.0000,0.0000
2.6541,Combined,0.0000,1.6807,-3.1490,-0.0713,0.1376,0.9879,,0.0000,0.0000,0.0000
2.6668,Left,0.4588,1.6807,-3.1159,-0.0713,0.1376,0.9879,,0.0000,0.0000,0.0000
2.6668,Right,0.0000,1.6807,-3.1490,-0.0713,0.1376,0.9879,,0.0000,0.0000,0.0000
2.6668,Combined,0.0000,1.6807,-3.1490,-0.0713,0.1376,0.9879,,0.0000,0.0000,0.0000
2.6883,Left,0.4588,1.6807,-3.1159,-0.0713,0.1376,0.9879,,0.0000,0.0000,0.0000
2.6883,Right,0.0000,1.6807,-3.1490,-0.0713,0.1376,0.9879,,0.0000,0.0000,0.0000
2.6883,Combined,0.0000,1.6807,-3.1490,-0.0713,0.1376,0.9879,,0.0000,0.0000,0.0000
2.7072,Left,0.4588,1.6807,-3.1159,-0.0713,0.1376,0.9879,,0.0000,0.0000,0.0000
2.7072,Right,0.0000,1.6807,-3.1490,-0.0713,0.1376,0.9879,,0.0000,0.0000,0.0000
2.7072,Combined,0.0000,1.6807,-3.1490,-0.0713,0.1376,0.9879,,0.0000,0.0000,0.0000
2.7205,Left,0.4588,1.6807,-3.1159,-0.0713,0.1376,0.9879,,0.0000,0.0000,0.0000
2.7205,Right,0.0000,1.6807,-3.1490,-0.0713,0.1376,0.9879,,0.0000,0.0000,0.0000
2.7205,Combined,0.0000,1.6807,-3.1490,-0.0713,0.1376,0.9879,,0.0000,0.0000,0.0000
2.7333,Left,0.4588,1.6807,-3.1159,-0.0713,0.1376,0.9879,,0.0000,0.0000,0.0000
2.7333,Right,0.0000,1.6807,-3.1490,-0.0713,0.1376,0.9879,,0.0000,0.0000,0.0000
2.7333,Combined,0.0000,1.6807,-3.1490,-0.0713,0.1376,0.9879,,0.0000,0.0000,0.0000
2.7458,Left,0.4588,1.6807,-3.1159,-0.0713,0.1376,0.9879,,0.0000,0.0000,0.0000
2.7458,Right,0.0000,1.6807,-3.1490,-0.0713,0.1376,0.9879,,0.0000,0.0000,0.0000
2.7458,Combined,0.0000,1.6807,-3.1490,-0.0713,0.1376,0.9879,,0.0000,0.0000,0.0000
2.7580,Left,0.4588,1.6807,-3.1159,-0.0713,0.1376,0.9879,,0.0000,0.0000,0.0000
2.7580,Right,0.0000,1.6807,-3.1490,-0.0713,0.1376,0.9879,,0.0000,0.0000,0.0000
2.7580,Combined,0.0000,1.6807,-3.1490,-0.0713,0.1376,0.9879,,0.0000,0.0000,0.0000
2.7705,Left,0.4588,1.6807,-3.1159,-0.0713,0.1376,0.9879,,0.0000,0.0000,0.0000
2.7705,Right,0.0000,1.6807,-3.1490,-0.0713,0.1376,0.9879,,0.0000,0.0000,0.0000
2.7705,Combined,0.0000,1.6807,-3.1490,-0.0713,0.1376,0.9879,,0.0000,0.0000,0.0000
2.7842,Left,0.4588,1.6807,-3.1159,-0.0713,0.1376,0.9879,,0.0000,0.0000,0.0000
2.7842,Right,0.0000,1.6807,-3.1490,-0.0713,0.1376,0.9879,,0.0000,0.0000,0.0000
2.7842,Combined,0.0000,1.6807,-3.1490,-0.0713,0.1376,0.9879,,0.0000,0.0000,0.0000
2.7968,Left,0.4588,1.6807,-3.1159,-0.0713,0.1376,0.9879,,0.0000,0.0000,0.0000
2.7968,Right,0.0000,1.6807,-3.1490,-0.0713,0.1376,0.9879,,0.0000,0.0000,0.0000
2.7968,Combined,0.0000,1.6807,-3.1490,-0.0713,0.1376,0.9879,,0.0000,0.0000,0.0000
2.8089,Left,0.4588,1.6807,-3.1159,-0.0713,0.1376,0.9879,,0.0000,0.0000,0.0000
2.8089,Right,0.0000,1.6807,-3.1490,-0.0713,0.1376,0.9879,,0.0000,0.0000,0.0000
2.8089,Combined,0.0000,1.6807,-3.1490,-0.0713,0.1376,0.9879,,0.0000,0.0000,0.0000
2.8221,Left,0.4588,1.6807,-3.1159,-0.0713,0.1376,0.9879,,0.0000,0.0000,0.0000
2.8221,Right,0.0000,1.6807,-3.1490,-0.0713,0.1376,0.9879,,0.0000,0.0000,0.0000
2.8221,Combined,0.0000,1.6807,-3.1490,-0.0713,0.1376,0.9879,,0.0000,0.0000,0.0000
2.8434,Left,0.4588,1.6807,-3.1159,-0.0713,0.1376,0.9879,,0.0000,0.0000,0.0000
2.8434,Right,0.0000,1.6807,-3.1490,-0.0713,0.1376,0.9879,,0.0000,0.0000,0.0000
2.8434,Combined,0.0000,1.6807,-3.1490,-0.0713,0.1376,0.9879,,0.0000,0.0000,0.0000
2.8627,Left,0.4588,1.6807,-3.1159,-0.0713,0.1376,0.9879,,0.0000,0.0000,0.0000
2.8627,Right,0.0000,1.6807,-3.1490,-0.0713,0.1376,0.9879,,0.0000,0.0000,0.0000
2.8627,Combined,0.0000,1.6807,-3.1490,-0.0713,0.1376,0.9879,,0.0000,0.0000,0.0000
2.8766,Left,0.4588,1.6807,-3.1159,-0.0713,0.1376,0.9879,,0.0000,0.0000,0.0000
2.8766,Right,0.0000,1.6807,-3.1490,-0.0713,0.1376,0.9879,,0.0000,0.0000,0.0000
2.8766,Combined,0.0000,1.6807,-3.1490,-0.0713,0.1376,0.9879,,0.0000,0.0000,0.0000
2.8897,Left,0.4588,1.6807,-3.1159,-0.0713,0.1376,0.9879,,0.0000,0.0000,0.0000
2.8897,Right,0.0000,1.6807,-3.1490,-0.0713,0.1376,0.9879,,0.0000,0.0000,0.0000
2.8897,Combined,0.0000,1.6807,-3.1490,-0.0713,0.1376,0.9879,,0.0000,0.0000,0.0000
2.9043,Left,0.4588,1.6807,-3.1159,-0.0713,0.1376,0.9879,,0.0000,0.0000,0.0000
2.9043,Right,0.0000,1.6807,-3.1490,-0.0713,0.1376,0.9879,,0.0000,0.0000,0.0000
2.9043,Combined,0.0000,1.6807,-3.1490,-0.0713,0.1376,0.9879,,0.0000,0.0000,0.0000
2.9182,Left,0.4588,1.6807,-3.1159,-0.0713,0.1376,0.9879,,0.0000,0.0000,0.0000
2.9182,Right,0.0000,1.6807,-3.1490,-0.0713,0.1376,0.9879,,0.0000,0.0000,0.0000
2.9182,Combined,0.0000,1.6807,-3.1490,-0.0713,0.1376,0.9879,,0.0000,0.0000,0.0000
2.9313,Left,0.4588,1.6807,-3.1159,-0.0713,0.1376,0.9879,,0.0000,0.0000,0.0000
2.9313,Right,0.0000,1.6807,-3.1490,-0.0713,0.1376,0.9879,,0.0000,0.0000,0.0000
2.9313,Combined,0.0000,1.6807,-3.1490,-0.0713,0.1376,0.9879,,0.0000,0.0000,0.0000
2.9446,Left,0.4588,1.6807,-3.1159,-0.0713,0.1376,0.9879,,0.0000,0.0000,0.0000
2.9446,Right,0.0000,1.6807,-3.1490,-0.0713,0.1376,0.9879,,0.0000,0.0000,0.0000
2.9446,Combined,0.0000,1.6807,-3.1490,-0.0713,0.1376,0.9879,,0.0000,0.0000,0.0000
2.9573,Left,0.4588,1.6807,-3.1159,-0.0713,0.1376,0.9879,,0.0000,0.0000,0.0000
2.9573,Right,0.0000,1.6807,-3.1490,-0.0713,0.1376,0.9879,,0.0000,0.0000,0.0000
2.9573,Combined,0.0000,1.6807,-3.1490,-0.0713,0.1376,0.9879,,0.0000,0.0000,0.0000
2.9708,Left,0.4588,1.6807,-3.1159,-0.0713,0.1376,0.9879,,0.0000,0.0000,0.0000
2.9708,Right,0.0000,1.6807,-3.1490,-0.0713,0.1376,0.9879,,0.0000,0.0000,0.0000
2.9708,Combined,0.0000,1.6807,-3.1490,-0.0713,0.1376,0.9879,,0.0000,0.0000,0.0000
2.9859,Left,0.4588,1.6807,-3.1159,-0.0713,0.1376,0.9879,,0.0000,0.0000,0.0000
2.9859,Right,0.0000,1.6807,-3.1490,-0.0713,0.1376,0.9879,,0.0000,0.0000,0.0000
2.9859,Combined,0.0000,1.6807,-3.1490,-0.0713,0.1376,0.9879,,0.0000,0.0000,0.0000
3.0043,Left,0.4588,1.6807,-3.1159,-0.0713,0.1376,0.9879,,0.0000,0.0000,0.0000
3.0043,Right,0.0000,1.6807,-3.1490,-0.0713,0.1376,0.9879,,0.0000,0.0000,0.0000
3.0043,Combined,0.0000,1.6807,-3.1490,-0.0713,0.1376,0.9879,,0.0000,0.0000,0.0000
3.0226,Left,0.4588,1.6807,-3.1159,-0.0713,0.1376,0.9879,,0.0000,0.0000,0.0000
3.0226,Right,0.0000,1.6807,-3.1490,-0.0713,0.1376,0.9879,,0.0000,0.0000,0.0000
3.0226,Combined,0.0000,1.6807,-3.1490,-0.0713,0.1376,0.9879,,0.0000,0.0000,0.0000
3.0352,Left,0.4588,1.6807,-3.1159,-0.0713,0.1376,0.9879,,0.0000,0.0000,0.0000
3.0352,Right,0.0000,1.6807,-3.1490,-0.0713,0.1376,0.9879,,0.0000,0.0000,0.0000
3.0352,Combined,0.0000,1.6807,-3.1490,-0.0713,0.1376,0.9879,,0.0000,0.0000,0.0000
3.0470,Left,0.4588,1.6807,-3.1159,-0.0713,0.1376,0.9879,,0.0000,0.0000,0.0000
3.0470,Right,0.0000,1.6807,-3.1490,-0.0713,0.1376,0.9879,,0.0000,0.0000,0.0000
3.0470,Combined,0.0000,1.6807,-3.1490,-0.0713,0.1376,0.9879,,0.0000,0.0000,0.0000
3.0591,Left,0.4588,1.6807,-3.1159,-0.0713,0.1376,0.9879,,0.0000,0.0000,0.0000
3.0591,Right,0.0000,1.6807,-3.1490,-0.0713,0.1376,0.9879,,0.0000,0.0000,0.0000
3.0591,Combined,0.0000,1.6807,-3.1490,-0.0713,0.1376,0.9879,,0.0000,0.0000,0.0000
3.0709,Left,0.4588,1.6807,-3.1159,-0.0713,0.1376,0.9879,,0.0000,0.0000,0.0000
3.0709,Right,0.0000,1.6807,-3.1490,-0.0713,0.1376,0.9879,,0.0000,0.0000,0.0000
3.0709,Combined,0.0000,1.6807,-3.1490,-0.0713,0.1376,0.9879,,0.0000,0.0000,0.0000
3.0833,Left,0.4588,1.6807,-3.1159,-0.0713,0.1376,0.9879,,0.0000,0.0000,0.0000
3.0833,Right,0.0000,1.6807,-3.1490,-0.0713,0.1376,0.9879,,0.0000,0.0000,0.0000
3.0833,Combined,0.0000,1.6807,-3.1490,-0.0713,0.1376,0.9879,,0.0000,0.0000,0.0000
3.0969,Left,0.4588,1.6807,-3.1159,-0.0713,0.1376,0.9879,,0.0000,0.0000,0.0000
3.0969,Right,0.0000,1.6807,-3.1490,-0.0713,0.1376,0.9879,,0.0000,0.0000,0.0000
3.0969,Combined,0.0000,1.6807,-3.1490,-0.0713,0.1376,0.9879,,0.0000,0.0000,0.0000
3.1108,Left,0.4588,1.6807,-3.1159,-0.0713,0.1376,0.9879,,0.0000,0.0000,0.0000
3.1108,Right,0.0000,1.6807,-3.1490,-0.0713,0.1376,0.9879,,0.0000,0.0000,0.0000
3.1108,Combined,0.0000,1.6807,-3.1490,-0.0713,0.1376,0.9879,,0.0000,0.0000,0.0000
3.1249,Left,0.4588,1.6807,-3.1159,-0.0713,0.1376,0.9879,,0.0000,0.0000,0.0000
3.1249,Right,0.0000,1.6807,-3.1490,-0.0713,0.1376,0.9879,,0.0000,0.0000,0.0000
3.1249,Combined,0.0000,1.6807,-3.1490,-0.0713,0.1376,0.9879,,0.0000,0.0000,0.0000
3.1383,Left,0.4588,1.6807,-3.1159,-0.0713,0.1376,0.9879,,0.0000,0.0000,0.0000
3.1383,Right,0.0000,1.6807,-3.1490,-0.0713,0.1376,0.9879,,0.0000,0.0000,0.0000
3.1383,Combined,0.0000,1.6807,-3.1490,-0.0713,0.1376,0.9879,,0.0000,0.0000,0.0000
3.1580,Left,0.4588,1.6807,-3.1159,-0.0713,0.1376,0.9879,,0.0000,0.0000,0.0000
3.1580,Right,0.0000,1.6807,-3.1490,-0.0713,0.1376,0.9879,,0.0000,0.0000,0.0000
3.1580,Combined,0.0000,1.6807,-3.1490,-0.0713,0.1376,0.9879,,0.0000,0.0000,0.0000
3.1768,Left,0.4588,1.6807,-3.1159,-0.0713,0.1376,0.9879,,0.0000,0.0000,0.0000
3.1768,Right,0.0000,1.6807,-3.1490,-0.0713,0.1376,0.9879,,0.0000,0.0000,0.0000
3.1768,Combined,0.0000,1.6807,-3.1490,-0.0713,0.1376,0.9879,,0.0000,0.0000,0.0000
3.1911,Left,0.4588,1.6807,-3.1159,-0.0713,0.1376,0.9879,,0.0000,0.0000,0.0000
3.1911,Right,0.0000,1.6807,-3.1490,-0.0713,0.1376,0.9879,,0.0000,0.0000,0.0000
3.1911,Combined,0.0000,1.6807,-3.1490,-0.0713,0.1376,0.9879,,0.0000,0.0000,0.0000
3.2043,Left,0.4588,1.6807,-3.1159,-0.0713,0.1376,0.9879,,0.0000,0.0000,0.0000
3.2043,Right,0.0000,1.6807,-3.1490,-0.0713,0.1376,0.9879,,0.0000,0.0000,0.0000
3.2043,Combined,0.0000,1.6807,-3.1490,-0.0713,0.1376,0.9879,,0.0000,0.0000,0.0000
3.2188,Left,0.4588,1.6807,-3.1159,-0.0713,0.1376,0.9879,,0.0000,0.0000,0.0000
3.2188,Right,0.0000,1.6807,-3.1490,-0.0713,0.1376,0.9879,,0.0000,0.0000,0.0000
3.2188,Combined,0.0000,1.6807,-3.1490,-0.0713,0.1376,0.9879,,0.0000,0.0000,0.0000
3.2319,Left,0.4588,1.6807,-3.1159,-0.0713,0.1376,0.9879,,0.0000,0.0000,0.0000
3.2319,Right,0.0000,1.6807,-3.1490,-0.0713,0.1376,0.9879,,0.0000,0.0000,0.0000
3.2319,Combined,0.0000,1.6807,-3.1490,-0.0713,0.1376,0.9879,,0.0000,0.0000,0.0000
3.2447,Left,0.4588,1.6807,-3.1159,-0.0713,0.1376,0.9879,,0.0000,0.0000,0.0000
3.2447,Right,0.0000,1.6807,-3.1490,-0.0713,0.1376,0.9879,,0.0000,0.0000,0.0000
3.2447,Combined,0.0000,1.6807,-3.1490,-0.0713,0.1376,0.9879,,0.0000,0.0000,0.0000
3.2573,Left,0.4588,1.6807,-3.1159,-0.0713,0.1376,0.9879,,0.0000,0.0000,0.0000
3.2573,Right,0.0000,1.6807,-3.1490,-0.0713,0.1376,0.9879,,0.0000,0.0000,0.0000
3.2573,Combined,0.0000,1.6807,-3.1490,-0.0713,0.1376,0.9879,,0.0000,0.0000,0.0000
3.2696,Left,0.4588,1.6807,-3.1159,-0.0713,0.1376,0.9879,,0.0000,0.0000,0.0000
3.2696,Right,0.0000,1.6807,-3.1490,-0.0713,0.1376,0.9879,,0.0000,0.0000,0.0000
3.2696,Combined,0.0000,1.6807,-3.1490,-0.0713,0.1376,0.9879,,0.0000,0.0000,0.0000
3.2828,Left,0.4588,1.6807,-3.1159,-0.0713,0.1376,0.9879,,0.0000,0.0000,0.0000
3.2828,Right,0.0000,1.6807,-3.1490,-0.0713,0.1376,0.9879,,0.0000,0.0000,0.0000
3.2828,Combined,0.0000,1.6807,-3.1490,-0.0713,0.1376,0.9879,,0.0000,0.0000,0.0000
3.2961,Left,0.4588,1.6807,-3.1159,-0.0713,0.1376,0.9879,,0.0000,0.0000,0.0000
3.2961,Right,0.0000,1.6807,-3.1490,-0.0713,0.1376,0.9879,,0.0000,0.0000,0.0000
3.2961,Combined,0.0000,1.6807,-3.1490,-0.0713,0.1376,0.9879,,0.0000,0.0000,0.0000
3.3160,Left,0.4588,1.6807,-3.1159,-0.0713,0.1376,0.9879,,0.0000,0.0000,0.0000
3.3160,Right,0.0000,1.6807,-3.1490,-0.0713,0.1376,0.9879,,0.0000,0.0000,0.0000
3.3160,Combined,0.0000,1.6807,-3.1490,-0.0713,0.1376,0.9879,,0.0000,0.0000,0.0000
3.3370,Left,0.4588,1.6807,-3.1159,-0.0713,0.1376,0.9879,,0.0000,0.0000,0.0000
3.3370,Right,0.0000,1.6807,-3.1490,-0.0713,0.1376,0.9879,,0.0000,0.0000,0.0000
3.3370,Combined,0.0000,1.6807,-3.1490,-0.0713,0.1376,0.9879,,0.0000,0.0000,0.0000
3.3504,Left,0.4588,1.6807,-3.1159,-0.0713,0.1376,0.9879,,0.0000,0.0000,0.0000
3.3504,Right,0.0000,1.6807,-3.1490,-0.0713,0.1376,0.9879,,0.0000,0.0000,0.0000
3.3504,Combined,0.0000,1.6807,-3.1490,-0.0713,0.1376,0.9879,,0.0000,0.0000,0.0000
3.3625,Left,0.4588,1.6807,-3.1159,-0.0713,0.1376,0.9879,,0.0000,0.0000,0.0000
3.3625,Right,0.0000,1.6807,-3.1490,-0.0713,0.1376,0.9879,,0.0000,0.0000,0.0000
3.3625,Combined,0.0000,1.6807,-3.1490,-0.0713,0.1376,0.9879,,0.0000,0.0000,0.0000
3.3749,Left,0.4588,1.6807,-3.1159,-0.0713,0.1376,0.9879,,0.0000,0.0000,0.0000
3.3749,Right,0.0000,1.6807,-3.1490,-0.0713,0.1376,0.9879,,0.0000,0.0000,0.0000
3.3749,Combined,0.0000,1.6807,-3.1490,-0.0713,0.1376,0.9879,,0.0000,0.0000,0.0000
3.3876,Left,0.4588,1.6807,-3.1159,-0.0713,0.1376,0.9879,,0.0000,0.0000,0.0000
3.3876,Right,0.0000,1.6807,-3.1490,-0.0713,0.1376,0.9879,,0.0000,0.0000,0.0000
3.3876,Combined,0.0000,1.6807,-3.1490,-0.0713,0.1376,0.9879,,0.0000,0.0000,0.0000
3.4016,Left,0.4588,1.6807,-3.1159,-0.0713,0.1376,0.9879,,0.0000,0.0000,0.0000
3.4016,Right,0.0000,1.6807,-3.1490,-0.0713,0.1376,0.9879,,0.0000,0.0000,0.0000
3.4016,Combined,0.0000,1.6807,-3.1490,-0.0713,0.1376,0.9879,,0.0000,0.0000,0.0000
3.4141,Left,0.4588,1.6807,-3.1159,-0.0713,0.1376,0.9879,,0.0000,0.0000,0.0000
3.4141,Right,0.0000,1.6807,-3.1490,-0.0713,0.1376,0.9879,,0.0000,0.0000,0.0000
3.4141,Combined,0.0000,1.6807,-3.1490,-0.0713,0.1376,0.9879,,0.0000,0.0000,0.0000
3.4264,Left,0.4588,1.6807,-3.1159,-0.0713,0.1376,0.9879,,0.0000,0.0000,0.0000
3.4264,Right,0.0000,1.6807,-3.1490,-0.0713,0.1376,0.9879,,0.0000,0.0000,0.0000
3.4264,Combined,0.0000,1.6807,-3.1490,-0.0713,0.1376,0.9879,,0.0000,0.0000,0.0000
3.4404,Left,0.4588,1.6807,-3.1159,-0.0713,0.1376,0.9879,,0.0000,0.0000,0.0000
3.4404,Right,0.0000,1.6807,-3.1490,-0.0713,0.1376,0.9879,,0.0000,0.0000,0.0000
3.4404,Combined,0.0000,1.6807,-3.1490,-0.0713,0.1376,0.9879,,0.0000,0.0000,0.0000
3.4534,Left,0.4588,1.6807,-3.1159,-0.0713,0.1376,0.9879,,0.0000,0.0000,0.0000
3.4534,Right,0.0000,1.6807,-3.1490,-0.0713,0.1376,0.9879,,0.0000,0.0000,0.0000
3.4534,Combined,0.0000,1.6807,-3.1490,-0.0713,0.1376,0.9879,,0.0000,0.0000,0.0000
3.4730,Left,0.4588,1.6807,-3.1159,-0.0713,0.1376,0.9879,,0.0000,0.0000,0.0000
3.4730,Right,0.0000,1.6807,-3.1490,-0.0713,0.1376,0.9879,,0.0000,0.0000,0.0000
3.4730,Combined,0.0000,1.6807,-3.1490,-0.0713,0.1376,0.9879,,0.0000,0.0000,0.0000
3.4916,Left,0.4588,1.6807,-3.1159,-0.0713,0.1376,0.9879,,0.0000,0.0000,0.0000
3.4916,Right,0.0000,1.6807,-3.1490,-0.0713,0.1376,0.9879,,0.0000,0.0000,0.0000
3.4916,Combined,0.0000,1.6807,-3.1490,-0.0713,0.1376,0.9879,,0.0000,0.0000,0.0000
3.5070,Left,0.4588,1.6807,-3.1159,-0.0713,0.1376,0.9879,,0.0000,0.0000,0.0000
3.5070,Right,0.0000,1.6807,-3.1490,-0.0713,0.1376,0.9879,,0.0000,0.0000,0.0000
3.5070,Combined,0.0000,1.6807,-3.1490,-0.0713,0.1376,0.9879,,0.0000,0.0000,0.0000
3.5224,Left,0.4588,1.6807,-3.1159,-0.0713,0.1376,0.9879,,0.0000,0.0000,0.0000
3.5224,Right,0.0000,1.6807,-3.1490,-0.0713,0.1376,0.9879,,0.0000,0.0000,0.0000
3.5224,Combined,0.0000,1.6807,-3.1490,-0.0713,0.1376,0.9879,,0.0000,0.0000,0.0000
3.5357,Left,0.4588,1.6807,-3.1159,-0.0713,0.1376,0.9879,,0.0000,0.0000,0.0000
3.5357,Right,0.0000,1.6807,-3.1490,-0.0713,0.1376,0.9879,,0.0000,0.0000,0.0000
3.5357,Combined,0.0000,1.6807,-3.1490,-0.0713,0.1376,0.9879,,0.0000,0.0000,0.0000
3.5474,Left,0.4588,1.6807,-3.1159,-0.0713,0.1376,0.9879,,0.0000,0.0000,0.0000
3.5474,Right,0.0000,1.6807,-3.1490,-0.0713,0.1376,0.9879,,0.0000,0.0000,0.0000
3.5474,Combined,0.0000,1.6807,-3.1490,-0.0713,0.1376,0.9879,,0.0000,0.0000,0.0000
3.5595,Left,0.4588,1.6807,-3.1159,-0.0713,0.1376,0.9879,,0.0000,0.0000,0.0000
3.5595,Right,0.0000,1.6807,-3.1490,-0.0713,0.1376,0.9879,,0.0000,0.0000,0.0000
3.5595,Combined,0.0000,1.6807,-3.1490,-0.0713,0.1376,0.9879,,0.0000,0.0000,0.0000
3.5714,Left,0.4588,1.6807,-3.1159,-0.0713,0.1376,0.9879,,0.0000,0.0000,0.0000
3.5714,Right,0.0000,1.6807,-3.1490,-0.0713,0.1376,0.9879,,0.0000,0.0000,0.0000
3.5714,Combined,0.0000,1.6807,-3.1490,-0.0713,0.1376,0.9879,,0.0000,0.0000,0.0000
3.5842,Left,0.4588,1.6807,-3.1159,-0.0713,0.1376,0.9879,,0.0000,0.0000,0.0000
3.5842,Right,0.0000,1.6807,-3.1490,-0.0713,0.1376,0.9879,,0.0000,0.0000,0.0000
3.5842,Combined,0.0000,1.6807,-3.1490,-0.0713,0.1376,0.9879,,0.0000,0.0000,0.0000
3.5964,Left,0.4588,1.6807,-3.1159,-0.0713,0.1376,0.9879,,0.0000,0.0000,0.0000
3.5964,Right,0.0000,1.6807,-3.1490,-0.0713,0.1376,0.9879,,0.0000,0.0000,0.0000
3.5964,Combined,0.0000,1.6807,-3.1490,-0.0713,0.1376,0.9879,,0.0000,0.0000,0.0000
3.6089,Left,0.4588,1.6807,-3.1159,-0.0713,0.1376,0.9879,,0.0000,0.0000,0.0000
3.6089,Right,0.0000,1.6807,-3.1490,-0.0713,0.1376,0.9879,,0.0000,0.0000,0.0000
3.6089,Combined,0.0000,1.6807,-3.1490,-0.0713,0.1376,0.9879,,0.0000,0.0000,0.0000
3.6284,Left,0.4588,1.6807,-3.1159,-0.0713,0.1376,0.9879,,0.0000,0.0000,0.0000
3.6284,Right,0.0000,1.6807,-3.1490,-0.0713,0.1376,0.9879,,0.0000,0.0000,0.0000
3.6284,Combined,0.0000,1.6807,-3.1490,-0.0713,0.1376,0.9879,,0.0000,0.0000,0.0000
3.6489,Left,0.4588,1.6807,-3.1159,-0.0713,0.1376,0.9879,,0.0000,0.0000,0.0000
3.6489,Right,0.0000,1.6807,-3.1490,-0.0713,0.1376,0.9879,,0.0000,0.0000,0.0000
3.6489,Combined,0.0000,1.6807,-3.1490,-0.0713,0.1376,0.9879,,0.0000,0.0000,0.0000
3.6616,Left,0.4588,1.6807,-3.1159,-0.0713,0.1376,0.9879,,0.0000,0.0000,0.0000
3.6616,Right,0.0000,1.6807,-3.1490,-0.0713,0.1376,0.9879,,0.0000,0.0000,0.0000
3.6616,Combined,0.0000,1.6807,-3.1490,-0.0713,0.1376,0.9879,,0.0000,0.0000,0.0000
3.6737,Left,0.4588,1.6807,-3.1159,-0.0713,0.1376,0.9879,,0.0000,0.0000,0.0000
3.6737,Right,0.0000,1.6807,-3.1490,-0.0713,0.1376,0.9879,,0.0000,0.0000,0.0000
3.6737,Combined,0.0000,1.6807,-3.1490,-0.0713,0.1376,0.9879,,0.0000,0.0000,0.0000
3.6858,Left,0.4588,1.6807,-3.1159,-0.0713,0.1376,0.9879,,0.0000,0.0000,0.0000
3.6858,Right,0.0000,1.6807,-3.1490,-0.0713,0.1376,0.9879,,0.0000,0.0000,0.0000
3.6858,Combined,0.0000,1.6807,-3.1490,-0.0713,0.1376,0.9879,,0.0000,0.0000,0.0000
3.6992,Left,0.4588,1.6807,-3.1159,-0.0713,0.1376,0.9879,,0.0000,0.0000,0.0000
3.6992,Right,0.0000,1.6807,-3.1490,-0.0713,0.1376,0.9879,,0.0000,0.0000,0.0000
3.6992,Combined,0.0000,1.6807,-3.1490,-0.0713,0.1376,0.9879,,0.0000,0.0000,0.0000
3.7110,Left,0.4588,1.6807,-3.1159,-0.0713,0.1376,0.9879,,0.0000,0.0000,0.0000
3.7110,Right,0.0000,1.6807,-3.1490,-0.0713,0.1376,0.9879,,0.0000,0.0000,0.0000
3.7110,Combined,0.0000,1.6807,-3.1490,-0.0713,0.1376,0.9879,,0.0000,0.0000,0.0000
3.7233,Left,0.4588,1.6807,-3.1159,-0.0713,0.1376,0.9879,,0.0000,0.0000,0.0000
3.7233,Right,0.0000,1.6807,-3.1490,-0.0713,0.1376,0.9879,,0.0000,0.0000,0.0000
3.7233,Combined,0.0000,1.6807,-3.1490,-0.0713,0.1376,0.9879,,0.0000,0.0000,0.0000
3.7360,Left,0.4588,1.6807,-3.1159,-0.0713,0.1376,0.9879,,0.0000,0.0000,0.0000
3.7360,Right,0.0000,1.6807,-3.1490,-0.0713,0.1376,0.9879,,0.0000,0.0000,0.0000
3.7360,Combined,0.0000,1.6807,-3.1490,-0.0713,0.1376,0.9879,,0.0000,0.0000,0.0000
3.7486,Left,0.4588,1.6807,-3.1159,-0.0713,0.1376,0.9879,,0.0000,0.0000,0.0000
3.7486,Right,0.0000,1.6807,-3.1490,-0.0713,0.1376,0.9879,,0.0000,0.0000,0.0000
3.7486,Combined,0.0000,1.6807,-3.1490,-0.0713,0.1376,0.9879,,0.0000,0.0000,0.0000
3.7618,Left,0.4588,1.6807,-3.1159,-0.0713,0.1376,0.9879,,0.0000,0.0000,0.0000
3.7618,Right,0.0000,1.6807,-3.1490,-0.0713,0.1376,0.9879,,0.0000,0.0000,0.0000
3.7618,Combined,0.0000,1.6807,-3.1490,-0.0713,0.1376,0.9879,,0.0000,0.0000,0.0000
3.7804,Left,0.4588,1.6807,-3.1159,-0.0713,0.1376,0.9879,,0.0000,0.0000,0.0000
3.7804,Right,0.0000,1.6807,-3.1490,-0.0713,0.1376,0.9879,,0.0000,0.0000,0.0000
3.7804,Combined,0.0000,1.6807,-3.1490,-0.0713,0.1376,0.9879,,0.0000,0.0000,0.0000
3.7987,Left,0.4588,1.6807,-3.1159,-0.0713,0.1376,0.9879,,0.0000,0.0000,0.0000
3.7987,Right,0.0000,1.6807,-3.1490,-0.0713,0.1376,0.9879,,0.0000,0.0000,0.0000
3.7987,Combined,0.0000,1.6807,-3.1490,-0.0713,0.1376,0.9879,,0.0000,0.0000,0.0000
3.8106,Left,0.4588,1.6807,-3.1159,-0.0713,0.1376,0.9879,,0.0000,0.0000,0.0000
3.8106,Right,0.0000,1.6807,-3.1490,-0.0713,0.1376,0.9879,,0.0000,0.0000,0.0000
3.8106,Combined,0.0000,1.6807,-3.1490,-0.0713,0.1376,0.9879,,0.0000,0.0000,0.0000
3.8231,Left,0.4588,1.6807,-3.1159,-0.0713,0.1376,0.9879,,0.0000,0.0000,0.0000
3.8231,Right,0.0000,1.6807,-3.1490,-0.0713,0.1376,0.9879,,0.0000,0.0000,0.0000
3.8231,Combined,0.0000,1.6807,-3.1490,-0.0713,0.1376,0.9879,,0.0000,0.0000,0.0000
3.8362,Left,0.4588,1.6807,-3.1159,-0.0713,0.1376,0.9879,,0.0000,0.0000,0.0000
3.8362,Right,0.0000,1.6807,-3.1490,-0.0713,0.1376,0.9879,,0.0000,0.0000,0.0000
3.8362,Combined,0.0000,1.6807,-3.1490,-0.0713,0.1376,0.9879,,0.0000,0.0000,0.0000
3.8500,Left,0.4588,1.6807,-3.1159,-0.0713,0.1376,0.9879,,0.0000,0.0000,0.0000
3.8500,Right,0.0000,1.6807,-3.1490,-0.0713,0.1376,0.9879,,0.0000,0.0000,0.0000
3.8500,Combined,0.0000,1.6807,-3.1490,-0.0713,0.1376,0.9879,,0.0000,0.0000,0.0000
3.8638,Left,0.4588,1.6807,-3.1159,-0.0713,0.1376,0.9879,,0.0000,0.0000,0.0000
3.8638,Right,0.0000,1.6807,-3.1490,-0.0713,0.1376,0.9879,,0.0000,0.0000,0.0000
3.8638,Combined,0.0000,1.6807,-3.1490,-0.0713,0.1376,0.9879,,0.0000,0.0000,0.0000
3.8768,Left,0.4588,1.6807,-3.1159,-0.0713,0.1376,0.9879,,0.0000,0.0000,0.0000
3.8768,Right,0.0000,1.6807,-3.1490,-0.0713,0.1376,0.9879,,0.0000,0.0000,0.0000
3.8768,Combined,0.0000,1.6807,-3.1490,-0.0713,0.1376,0.9879,,0.0000,0.0000,0.0000
3.8895,Left,0.4588,1.6807,-3.1159,-0.0713,0.1376,0.9879,,0.0000,0.0000,0.0000
3.8895,Right,0.0000,1.6807,-3.1490,-0.0713,0.1376,0.9879,,0.0000,0.0000,0.0000
3.8895,Combined,0.0000,1.6807,-3.1490,-0.0713,0.1376,0.9879,,0.0000,0.0000,0.0000
3.9029,Left,0.4588,1.6807,-3.1159,-0.0713,0.1376,0.9879,,0.0000,0.0000,0.0000
3.9029,Right,0.0000,1.6807,-3.1490,-0.0713,0.1376,0.9879,,0.0000,0.0000,0.0000
3.9029,Combined,0.0000,1.6807,-3.1490,-0.0713,0.1376,0.9879,,0.0000,0.0000,0.0000
3.9164,Left,0.4588,1.6807,-3.1159,-0.0713,0.1376,0.9879,,0.0000,0.0000,0.0000
3.9164,Right,0.0000,1.6807,-3.1490,-0.0713,0.1376,0.9879,,0.0000,0.0000,0.0000
3.9164,Combined,0.0000,1.6807,-3.1490,-0.0713,0.1376,0.9879,,0.0000,0.0000,0.0000
3.9378,Left,0.4588,1.6807,-3.1159,-0.0713,0.1376,0.9879,,0.0000,0.0000,0.0000
3.9378,Right,0.0000,1.6807,-3.1490,-0.0713,0.1376,0.9879,,0.0000,0.0000,0.0000
3.9378,Combined,0.0000,1.6807,-3.1490,-0.0713,0.1376,0.9879,,0.0000,0.0000,0.0000
3.9603,Left,0.4588,1.6807,-3.1159,-0.0713,0.1376,0.9879,,0.0000,0.0000,0.0000
3.9603,Right,0.0000,1.6807,-3.1490,-0.0713,0.1376,0.9879,,0.0000,0.0000,0.0000
3.9603,Combined,0.0000,1.6807,-3.1490,-0.0713,0.1376,0.9879,,0.0000,0.0000,0.0000
3.9748,Left,0.4588,1.6807,-3.1159,-0.0713,0.1376,0.9879,,0.0000,0.0000,0.0000
3.9748,Right,0.0000,1.6807,-3.1490,-0.0713,0.1376,0.9879,,0.0000,0.0000,0.0000
3.9748,Combined,0.0000,1.6807,-3.1490,-0.0713,0.1376,0.9879,,0.0000,0.0000,0.0000
3.9887,Left,0.4588,1.6807,-3.1159,-0.0713,0.1376,0.9879,,0.0000,0.0000,0.0000
3.9887,Right,0.0000,1.6807,-3.1490,-0.0713,0.1376,0.9879,,0.0000,0.0000,0.0000
3.9887,Combined,0.0000,1.6807,-3.1490,-0.0713,0.1376,0.9879,,0.0000,0.0000,0.0000
4.0036,Left,0.4588,1.6807,-3.1159,-0.0713,0.1376,0.9879,,0.0000,0.0000,0.0000
4.0036,Right,0.0000,1.6807,-3.1490,-0.0713,0.1376,0.9879,,0.0000,0.0000,0.0000
4.0036,Combined,0.0000,1.6807,-3.1490,-0.0713,0.1376,0.9879,,0.0000,0.0000,0.0000
4.0200,Left,0.4588,1.6807,-3.1159,-0.0713,0.1376,0.9879,,0.0000,0.0000,0.0000
4.0200,Right,0.0000,1.6807,-3.1490,-0.0713,0.1376,0.9879,,0.0000,0.0000,0.0000
4.0200,Combined,0.0000,1.6807,-3.1490,-0.0713,0.1376,0.9879,,0.0000,0.0000,0.0000
4.0329,Left,0.4588,1.6807,-3.1159,-0.0713,0.1376,0.9879,,0.0000,0.0000,0.0000
4.0329,Right,0.0000,1.6807,-3.1490,-0.0713,0.1376,0.9879,,0.0000,0.0000,0.0000
4.0329,Combined,0.0000,1.6807,-3.1490,-0.0713,0.1376,0.9879,,0.0000,0.0000,0.0000
4.0455,Left,0.4588,1.6807,-3.1159,-0.0713,0.1376,0.9879,,0.0000,0.0000,0.0000
4.0455,Right,0.0000,1.6807,-3.1490,-0.0713,0.1376,0.9879,,0.0000,0.0000,0.0000
4.0455,Combined,0.0000,1.6807,-3.1490,-0.0713,0.1376,0.9879,,0.0000,0.0000,0.0000
4.0580,Left,0.4588,1.6807,-3.1159,-0.0713,0.1376,0.9879,,0.0000,0.0000,0.0000
4.0580,Right,0.0000,1.6807,-3.1490,-0.0713,0.1376,0.9879,,0.0000,0.0000,0.0000
4.0580,Combined,0.0000,1.6807,-3.1490,-0.0713,0.1376,0.9879,,0.0000,0.0000,0.0000
4.0709,Left,0.4588,1.6807,-3.1159,-0.0713,0.1376,0.9879,,0.0000,0.0000,0.0000
4.0709,Right,0.0000,1.6807,-3.1490,-0.0713,0.1376,0.9879,,0.0000,0.0000,0.0000
4.0709,Combined,0.0000,1.6807,-3.1490,-0.0713,0.1376,0.9879,,0.0000,0.0000,0.0000
4.0913,Left,0.4588,1.6807,-3.1159,-0.0713,0.1376,0.9879,,0.0000,0.0000,0.0000
4.0913,Right,0.0000,1.6807,-3.1490,-0.0713,0.1376,0.9879,,0.0000,0.0000,0.0000
4.0913,Combined,0.0000,1.6807,-3.1490,-0.0713,0.1376,0.9879,,0.0000,0.0000,0.0000
4.1112,Left,0.4588,1.6807,-3.1159,-0.0713,0.1376,0.9879,,0.0000,0.0000,0.0000
4.1112,Right,0.0000,1.6807,-3.1490,-0.0713,0.1376,0.9879,,0.0000,0.0000,0.0000
4.1112,Combined,0.0000,1.6807,-3.1490,-0.0713,0.1376,0.9879,,0.0000,0.0000,0.0000
4.1264,Left,0.4588,1.6807,-3.1159,-0.0713,0.1376,0.9879,,0.0000,0.0000,0.0000
4.1264,Right,0.0000,1.6807,-3.1490,-0.0713,0.1376,0.9879,,0.0000,0.0000,0.0000
4.1264,Combined,0.0000,1.6807,-3.1490,-0.0713,0.1376,0.9879,,0.0000,0.0000,0.0000
4.1404,Left,0.4588,1.6807,-3.1159,-0.0713,0.1376,0.9879,,0.0000,0.0000,0.0000
4.1404,Right,0.0000,1.6807,-3.1490,-0.0713,0.1376,0.9879,,0.0000,0.0000,0.0000
4.1404,Combined,0.0000,1.6807,-3.1490,-0.0713,0.1376,0.9879,,0.0000,0.0000,0.0000
4.1540,Left,0.4588,1.6807,-3.1159,-0.0713,0.1376,0.9879,,0.0000,0.0000,0.0000
4.1540,Right,0.0000,1.6807,-3.1490,-0.0713,0.1376,0.9879,,0.0000,0.0000,0.0000
4.1540,Combined,0.0000,1.6807,-3.1490,-0.0713,0.1376,0.9879,,0.0000,0.0000,0.0000
4.1682,Left,0.4588,1.6807,-3.1159,-0.0713,0.1376,0.9879,,0.0000,0.0000,0.0000
4.1682,Right,0.0000,1.6807,-3.1490,-0.0713,0.1376,0.9879,,0.0000,0.0000,0.0000
4.1682,Combined,0.0000,1.6807,-3.1490,-0.0713,0.1376,0.9879,,0.0000,0.0000,0.0000
4.1838,Left,0.4588,1.6807,-3.1159,-0.0713,0.1376,0.9879,,0.0000,0.0000,0.0000
4.1838,Right,0.0000,1.6807,-3.1490,-0.0713,0.1376,0.9879,,0.0000,0.0000,0.0000
4.1838,Combined,0.0000,1.6807,-3.1490,-0.0713,0.1376,0.9879,,0.0000,0.0000,0.0000
4.1985,Left,0.4588,1.6807,-3.1159,-0.0713,0.1376,0.9879,,0.0000,0.0000,0.0000
4.1985,Right,0.0000,1.6807,-3.1490,-0.0713,0.1376,0.9879,,0.0000,0.0000,0.0000
4.1985,Combined,0.0000,1.6807,-3.1490,-0.0713,0.1376,0.9879,,0.0000,0.0000,0.0000
4.2112,Left,0.4588,1.6807,-3.1159,-0.0713,0.1376,0.9879,,0.0000,0.0000,0.0000
4.2112,Right,0.0000,1.6807,-3.1490,-0.0713,0.1376,0.9879,,0.0000,0.0000,0.0000
4.2112,Combined,0.0000,1.6807,-3.1490,-0.0713,0.1376,0.9879,,0.0000,0.0000,0.0000
4.2267,Left,0.4588,1.6807,-3.1159,-0.0713,0.1376,0.9879,,0.0000,0.0000,0.0000
4.2267,Right,0.0000,1.6807,-3.1490,-0.0713,0.1376,0.9879,,0.0000,0.0000,0.0000
4.2267,Combined,0.0000,1.6807,-3.1490,-0.0713,0.1376,0.9879,,0.0000,0.0000,0.0000
4.2485,Left,0.4588,1.6807,-3.1159,-0.0713,0.1376,0.9879,,0.0000,0.0000,0.0000
4.2485,Right,0.0000,1.6807,-3.1490,-0.0713,0.1376,0.9879,,0.0000,0.0000,0.0000
4.2485,Combined,0.0000,1.6807,-3.1490,-0.0713,0.1376,0.9879,,0.0000,0.0000,0.0000
4.2669,Left,0.4588,1.6807,-3.1159,-0.0713,0.1376,0.9879,,0.0000,0.0000,0.0000
4.2669,Right,0.0000,1.6807,-3.1490,-0.0713,0.1376,0.9879,,0.0000,0.0000,0.0000
4.2669,Combined,0.0000,1.6807,-3.1490,-0.0713,0.1376,0.9879,,0.0000,0.0000,0.0000
4.2802,Left,0.4588,1.6807,-3.1159,-0.0713,0.1376,0.9879,,0.0000,0.0000,0.0000
4.2802,Right,0.0000,1.6807,-3.1490,-0.0713,0.1376,0.9879,,0.0000,0.0000,0.0000
4.2802,Combined,0.0000,1.6807,-3.1490,-0.0713,0.1376,0.9879,,0.0000,0.0000,0.0000
4.2933,Left,0.4588,1.6807,-3.1159,-0.0713,0.1376,0.9879,,0.0000,0.0000,0.0000
4.2933,Right,0.0000,1.6807,-3.1490,-0.0713,0.1376,0.9879,,0.0000,0.0000,0.0000
4.2933,Combined,0.0000,1.6807,-3.1490,-0.0713,0.1376,0.9879,,0.0000,0.0000,0.0000
4.3077,Left,0.4588,1.6807,-3.1159,-0.0713,0.1376,0.9879,,0.0000,0.0000,0.0000
4.3077,Right,0.0000,1.6807,-3.1490,-0.0713,0.1376,0.9879,,0.0000,0.0000,0.0000
4.3077,Combined,0.0000,1.6807,-3.1490,-0.0713,0.1376,0.9879,,0.0000,0.0000,0.0000
4.3217,Left,0.4588,1.6807,-3.1159,-0.0713,0.1376,0.9879,,0.0000,0.0000,0.0000
4.3217,Right,0.0000,1.6807,-3.1490,-0.0713,0.1376,0.9879,,0.0000,0.0000,0.0000
4.3217,Combined,0.0000,1.6807,-3.1490,-0.0713,0.1376,0.9879,,0.0000,0.0000,0.0000
4.3364,Left,0.4588,1.6807,-3.1159,-0.0713,0.1376,0.9879,,0.0000,0.0000,0.0000
4.3364,Right,0.0000,1.6807,-3.1490,-0.0713,0.1376,0.9879,,0.0000,0.0000,0.0000
4.3364,Combined,0.0000,1.6807,-3.1490,-0.0713,0.1376,0.9879,,0.0000,0.0000,0.0000
4.3503,Left,0.4588,1.6807,-3.1159,-0.0713,0.1376,0.9879,,0.0000,0.0000,0.0000
4.3503,Right,0.0000,1.6807,-3.1490,-0.0713,0.1376,0.9879,,0.0000,0.0000,0.0000
4.3503,Combined,0.0000,1.6807,-3.1490,-0.0713,0.1376,0.9879,,0.0000,0.0000,0.0000
4.3644,Left,0.4588,1.6807,-3.1159,-0.0713,0.1376,0.9879,,0.0000,0.0000,0.0000
4.3644,Right,0.0000,1.6807,-3.1490,-0.0713,0.1376,0.9879,,0.0000,0.0000,0.0000
4.3644,Combined,0.0000,1.6807,-3.1490,-0.0713,0.1376,0.9879,,0.0000,0.0000,0.0000
4.3795,Left,0.4588,1.6807,-3.1159,-0.0713,0.1376,0.9879,,0.0000,0.0000,0.0000
4.3795,Right,0.0000,1.6807,-3.1490,-0.0713,0.1376,0.9879,,0.0000,0.0000,0.0000
4.3795,Combined,0.0000,1.6807,-3.1490,-0.0713,0.1376,0.9879,,0.0000,0.0000,0.0000
4.3996,Left,0.4588,1.6807,-3.1159,-0.0713,0.1376,0.9879,,0.0000,0.0000,0.0000
4.3996,Right,0.0000,1.6807,-3.1490,-0.0713,0.1376,0.9879,,0.0000,0.0000,0.0000
4.3996,Combined,0.0000,1.6807,-3.1490,-0.0713,0.1376,0.9879,,0.0000,0.0000,0.0000
4.4194,Left,0.4588,1.6807,-3.1159,-0.0713,0.1376,0.9879,,0.0000,0.0000,0.0000
4.4194,Right,0.0000,1.6807,-3.1490,-0.0713,0.1376,0.9879,,0.0000,0.0000,0.0000
4.4194,Combined,0.0000,1.6807,-3.1490,-0.0713,0.1376,0.9879,,0.0000,0.0000,0.0000
4.4325,Left,0.4588,1.6807,-3.1159,-0.0713,0.1376,0.9879,,0.0000,0.0000,0.0000
4.4325,Right,0.0000,1.6807,-3.1490,-0.0713,0.1376,0.9879,,0.0000,0.0000,0.0000
4.4325,Combined,0.0000,1.6807,-3.1490,-0.0713,0.1376,0.9879,,0.0000,0.0000,0.0000
4.4450,Left,0.4588,1.6807,-3.1159,-0.0713,0.1376,0.9879,,0.0000,0.0000,0.0000
4.4450,Right,0.0000,1.6807,-3.1490,-0.0713,0.1376,0.9879,,0.0000,0.0000,0.0000
4.4450,Combined,0.0000,1.6807,-3.1490,-0.0713,0.1376,0.9879,,0.0000,0.0000,0.0000
4.4582,Left,0.4588,1.6807,-3.1159,-0.0713,0.1376,0.9879,,0.0000,0.0000,0.0000
4.4582,Right,0.0000,1.6807,-3.1490,-0.0713,0.1376,0.9879,,0.0000,0.0000,0.0000
4.4582,Combined,0.0000,1.6807,-3.1490,-0.0713,0.1376,0.9879,,0.0000,0.0000,0.0000
4.4710,Left,0.4588,1.6807,-3.1159,-0.0713,0.1376,0.9879,,0.0000,0.0000,0.0000
4.4710,Right,0.0000,1.6807,-3.1490,-0.0713,0.1376,0.9879,,0.0000,0.0000,0.0000
4.4710,Combined,0.0000,1.6807,-3.1490,-0.0713,0.1376,0.9879,,0.0000,0.0000,0.0000
4.4833,Left,0.4588,1.6807,-3.1159,-0.0713,0.1376,0.9879,,0.0000,0.0000,0.0000
4.4833,Right,0.0000,1.6807,-3.1490,-0.0713,0.1376,0.9879,,0.0000,0.0000,0.0000
4.4833,Combined,0.0000,1.6807,-3.1490,-0.0713,0.1376,0.9879,,0.0000,0.0000,0.0000
4.4955,Left,0.4588,1.6807,-3.1159,-0.0713,0.1376,0.9879,,0.0000,0.0000,0.0000
4.4955,Right,0.0000,1.6807,-3.1490,-0.0713,0.1376,0.9879,,0.0000,0.0000,0.0000
4.4955,Combined,0.0000,1.6807,-3.1490,-0.0713,0.1376,0.9879,,0.0000,0.0000,0.0000
4.5080,Left,0.4588,1.6807,-3.1159,-0.0713,0.1376,0.9879,,0.0000,0.0000,0.0000
4.5080,Right,0.0000,1.6807,-3.1490,-0.0713,0.1376,0.9879,,0.0000,0.0000,0.0000
4.5080,Combined,0.0000,1.6807,-3.1490,-0.0713,0.1376,0.9879,,0.0000,0.0000,0.0000
4.5223,Left,0.4588,1.6807,-3.1159,-0.0713,0.1376,0.9879,,0.0000,0.0000,0.0000
4.5223,Right,0.0000,1.6807,-3.1490,-0.0713,0.1376,0.9879,,0.0000,0.0000,0.0000
4.5223,Combined,0.0000,1.6807,-3.1490,-0.0713,0.1376,0.9879,,0.0000,0.0000,0.0000
4.5364,Left,0.4588,1.6807,-3.1159,-0.0713,0.1376,0.9879,,0.0000,0.0000,0.0000
4.5364,Right,0.0000,1.6807,-3.1490,-0.0713,0.1376,0.9879,,0.0000,0.0000,0.0000
4.5364,Combined,0.0000,1.6807,-3.1490,-0.0713,0.1376,0.9879,,0.0000,0.0000,0.0000
4.5553,Left,0.4588,1.6807,-3.1159,-0.0713,0.1376,0.9879,,0.0000,0.0000,0.0000
4.5553,Right,0.0000,1.6807,-3.1490,-0.0713,0.1376,0.9879,,0.0000,0.0000,0.0000
4.5553,Combined,0.0000,1.6807,-3.1490,-0.0713,0.1376,0.9879,,0.0000,0.0000,0.0000
4.5741,Left,0.4588,1.6807,-3.1159,-0.0713,0.1376,0.9879,,0.0000,0.0000,0.0000
4.5741,Right,0.0000,1.6807,-3.1490,-0.0713,0.1376,0.9879,,0.0000,0.0000,0.0000
4.5741,Combined,0.0000,1.6807,-3.1490,-0.0713,0.1376,0.9879,,0.0000,0.0000,0.0000
4.5878,Left,0.4588,1.6807,-3.1159,-0.0713,0.1376,0.9879,,0.0000,0.0000,0.0000
4.5878,Right,0.0000,1.6807,-3.1490,-0.0713,0.1376,0.9879,,0.0000,0.0000,0.0000
4.5878,Combined,0.0000,1.6807,-3.1490,-0.0713,0.1376,0.9879,,0.0000,0.0000,0.0000
4.6003,Left,0.4588,1.6807,-3.1159,-0.0713,0.1376,0.9879,,0.0000,0.0000,0.0000
4.6003,Right,0.0000,1.6807,-3.1490,-0.0713,0.1376,0.9879,,0.0000,0.0000,0.0000
4.6003,Combined,0.0000,1.6807,-3.1490,-0.0713,0.1376,0.9879,,0.0000,0.0000,0.0000
4.6133,Left,0.4588,1.6807,-3.1159,-0.0713,0.1376,0.9879,,0.0000,0.0000,0.0000
4.6133,Right,0.0000,1.6807,-3.1490,-0.0713,0.1376,0.9879,,0.0000,0.0000,0.0000
4.6133,Combined,0.0000,1.6807,-3.1490,-0.0713,0.1376,0.9879,,0.0000,0.0000,0.0000
4.6250,Left,0.4588,1.6807,-3.1159,-0.0713,0.1376,0.9879,,0.0000,0.0000,0.0000
4.6250,Right,0.0000,1.6807,-3.1490,-0.0713,0.1376,0.9879,,0.0000,0.0000,0.0000
4.6250,Combined,0.0000,1.6807,-3.1490,-0.0713,0.1376,0.9879,,0.0000,0.0000,0.0000
4.6381,Left,0.4588,1.6807,-3.1159,-0.0713,0.1376,0.9879,,0.0000,0.0000,0.0000
4.6381,Right,0.0000,1.6807,-3.1490,-0.0713,0.1376,0.9879,,0.0000,0.0000,0.0000
4.6381,Combined,0.0000,1.6807,-3.1490,-0.0713,0.1376,0.9879,,0.0000,0.0000,0.0000
4.6511,Left,0.4588,1.6807,-3.1159,-0.0713,0.1376,0.9879,,0.0000,0.0000,0.0000
4.6511,Right,0.0000,1.6807,-3.1490,-0.0713,0.1376,0.9879,,0.0000,0.0000,0.0000
4.6511,Combined,0.0000,1.6807,-3.1490,-0.0713,0.1376,0.9879,,0.0000,0.0000,0.0000
4.6648,Left,0.4588,1.6807,-3.1159,-0.0713,0.1376,0.9879,,0.0000,0.0000,0.0000
4.6648,Right,0.0000,1.6807,-3.1490,-0.0713,0.1376,0.9879,,0.0000,0.0000,0.0000
4.6648,Combined,0.0000,1.6807,-3.1490,-0.0713,0.1376,0.9879,,0.0000,0.0000,0.0000
4.6776,Left,0.4588,1.6807,-3.1159,-0.0713,0.1376,0.9879,,0.0000,0.0000,0.0000
4.6776,Right,0.0000,1.6807,-3.1490,-0.0713,0.1376,0.9879,,0.0000,0.0000,0.0000
4.6776,Combined,0.0000,1.6807,-3.1490,-0.0713,0.1376,0.9879,,0.0000,0.0000,0.0000
4.6902,Left,0.4588,1.6807,-3.1159,-0.0713,0.1376,0.9879,,0.0000,0.0000,0.0000
4.6902,Right,0.0000,1.6807,-3.1490,-0.0713,0.1376,0.9879,,0.0000,0.0000,0.0000
4.6902,Combined,0.0000,1.6807,-3.1490,-0.0713,0.1376,0.9879,,0.0000,0.0000,0.0000
4.7104,Left,0.4588,1.6807,-3.1159,-0.0713,0.1376,0.9879,,0.0000,0.0000,0.0000
4.7104,Right,0.0000,1.6807,-3.1490,-0.0713,0.1376,0.9879,,0.0000,0.0000,0.0000
4.7104,Combined,0.0000,1.6807,-3.1490,-0.0713,0.1376,0.9879,,0.0000,0.0000,0.0000
4.7311,Left,0.4588,1.6807,-3.1159,-0.0713,0.1376,0.9879,,0.0000,0.0000,0.0000
4.7311,Right,0.0000,1.6807,-3.1490,-0.0713,0.1376,0.9879,,0.0000,0.0000,0.0000
4.7311,Combined,0.0000,1.6807,-3.1490,-0.0713,0.1376,0.9879,,0.0000,0.0000,0.0000
4.7445,Left,0.4588,1.6807,-3.1159,-0.0713,0.1376,0.9879,,0.0000,0.0000,0.0000
4.7445,Right,0.0000,1.6807,-3.1490,-0.0713,0.1376,0.9879,,0.0000,0.0000,0.0000
4.7445,Combined,0.0000,1.6807,-3.1490,-0.0713,0.1376,0.9879,,0.0000,0.0000,0.0000
4.7577,Left,0.4588,1.6807,-3.1159,-0.0713,0.1376,0.9879,,0.0000,0.0000,0.0000
4.7577,Right,0.0000,1.6807,-3.1490,-0.0713,0.1376,0.9879,,0.0000,0.0000,0.0000
4.7577,Combined,0.0000,1.6807,-3.1490,-0.0713,0.1376,0.9879,,0.0000,0.0000,0.0000
4.7699,Left,0.4588,1.6807,-3.1159,-0.0713,0.1376,0.9879,,0.0000,0.0000,0.0000
4.7699,Right,0.0000,1.6807,-3.1490,-0.0713,0.1376,0.9879,,0.0000,0.0000,0.0000
4.7699,Combined,0.0000,1.6807,-3.1490,-0.0713,0.1376,0.9879,,0.0000,0.0000,0.0000
4.7823,Left,0.4588,1.6807,-3.1159,-0.0713,0.1376,0.9879,,0.0000,0.0000,0.0000
4.7823,Right,0.0000,1.6807,-3.1490,-0.0713,0.1376,0.9879,,0.0000,0.0000,0.0000
4.7823,Combined,0.0000,1.6807,-3.1490,-0.0713,0.1376,0.9879,,0.0000,0.0000,0.0000
4.7943,Left,0.4588,1.6807,-3.1159,-0.0713,0.1376,0.9879,,0.0000,0.0000,0.0000
4.7943,Right,0.0000,1.6807,-3.1490,-0.0713,0.1376,0.9879,,0.0000,0.0000,0.0000
4.7943,Combined,0.0000,1.6807,-3.1490,-0.0713,0.1376,0.9879,,0.0000,0.0000,0.0000
4.8086,Left,0.4588,1.6807,-3.1159,-0.0713,0.1376,0.9879,,0.0000,0.0000,0.0000
4.8086,Right,0.0000,1.6807,-3.1490,-0.0713,0.1376,0.9879,,0.0000,0.0000,0.0000
4.8086,Combined,0.0000,1.6807,-3.1490,-0.0713,0.1376,0.9879,,0.0000,0.0000,0.0000
4.8229,Left,0.4588,1.6807,-3.1159,-0.0713,0.1376,0.9879,,0.0000,0.0000,0.0000
4.8229,Right,0.0000,1.6807,-3.1490,-0.0713,0.1376,0.9879,,0.0000,0.0000,0.0000
4.8229,Combined,0.0000,1.6807,-3.1490,-0.0713,0.1376,0.9879,,0.0000,0.0000,0.0000
4.8369,Left,0.4588,1.6807,-3.1159,-0.0713,0.1376,0.9879,,0.0000,0.0000,0.0000
4.8369,Right,0.0000,1.6807,-3.1490,-0.0713,0.1376,0.9879,,0.0000,0.0000,0.0000
4.8369,Combined,0.0000,1.6807,-3.1490,-0.0713,0.1376,0.9879,,0.0000,0.0000,0.0000
4.8507,Left,0.4588,1.6807,-3.1159,-0.0713,0.1376,0.9879,,0.0000,0.0000,0.0000
4.8507,Right,0.0000,1.6807,-3.1490,-0.0713,0.1376,0.9879,,0.0000,0.0000,0.0000
4.8507,Combined,0.0000,1.6807,-3.1490,-0.0713,0.1376,0.9879,,0.0000,0.0000,0.0000
4.8717,Left,0.4588,1.6807,-3.1159,-0.0713,0.1376,0.9879,,0.0000,0.0000,0.0000
4.8717,Right,0.0000,1.6807,-3.1490,-0.0713,0.1376,0.9879,,0.0000,0.0000,0.0000
4.8717,Combined,0.0000,1.6807,-3.1490,-0.0713,0.1376,0.9879,,0.0000,0.0000,0.0000
4.8922,Left,0.4588,1.6807,-3.1159,-0.0713,0.1376,0.9879,,0.0000,0.0000,0.0000
4.8922,Right,0.0000,1.6807,-3.1490,-0.0713,0.1376,0.9879,,0.0000,0.0000,0.0000
4.8922,Combined,0.0000,1.6807,-3.1490,-0.0713,0.1376,0.9879,,0.0000,0.0000,0.0000
4.9062,Left,0.4588,1.6807,-3.1159,-0.0713,0.1376,0.9879,,0.0000,0.0000,0.0000
4.9062,Right,0.0000,1.6807,-3.1490,-0.0713,0.1376,0.9879,,0.0000,0.0000,0.0000
4.9062,Combined,0.0000,1.6807,-3.1490,-0.0713,0.1376,0.9879,,0.0000,0.0000,0.0000
4.9205,Left,0.4588,1.6807,-3.1159,-0.0713,0.1376,0.9879,,0.0000,0.0000,0.0000
4.9205,Right,0.0000,1.6807,-3.1490,-0.0713,0.1376,0.9879,,0.0000,0.0000,0.0000
4.9205,Combined,0.0000,1.6807,-3.1490,-0.0713,0.1376,0.9879,,0.0000,0.0000,0.0000
4.9349,Left,0.4588,1.6807,-3.1159,-0.0713,0.1376,0.9879,,0.0000,0.0000,0.0000
4.9349,Right,0.0000,1.6807,-3.1490,-0.0713,0.1376,0.9879,,0.0000,0.0000,0.0000
4.9349,Combined,0.0000,1.6807,-3.1490,-0.0713,0.1376,0.9879,,0.0000,0.0000,0.0000
4.9475,Left,0.4588,1.6807,-3.1159,-0.0713,0.1376,0.9879,,0.0000,0.0000,0.0000
4.9475,Right,0.0000,1.6807,-3.1490,-0.0713,0.1376,0.9879,,0.0000,0.0000,0.0000
4.9475,Combined,0.0000,1.6807,-3.1490,-0.0713,0.1376,0.9879,,0.0000,0.0000,0.0000
4.9600,Left,0.4588,1.6807,-3.1159,-0.0713,0.1376,0.9879,,0.0000,0.0000,0.0000
4.9600,Right,0.0000,1.6807,-3.1490,-0.0713,0.1376,0.9879,,0.0000,0.0000,0.0000
4.9600,Combined,0.0000,1.6807,-3.1490,-0.0713,0.1376,0.9879,,0.0000,0.0000,0.0000
4.9723,Left,0.4588,1.6807,-3.1159,-0.0713,0.1376,0.9879,,0.0000,0.0000,0.0000
4.9723,Right,0.0000,1.6807,-3.1490,-0.0713,0.1376,0.9879,,0.0000,0.0000,0.0000
4.9723,Combined,0.0000,1.6807,-3.1490,-0.0713,0.1376,0.9879,,0.0000,0.0000,0.0000
4.9853,Left,0.4588,1.6807,-3.1159,-0.0713,0.1376,0.9879,,0.0000,0.0000,0.0000
4.9853,Right,0.0000,1.6807,-3.1490,-0.0713,0.1376,0.9879,,0.0000,0.0000,0.0000
4.9853,Combined,0.0000,1.6807,-3.1490,-0.0713,0.1376,0.9879,,0.0000,0.0000,0.0000
4.9987,Left,0.4588,1.6807,-3.1159,-0.0713,0.1376,0.9879,,0.0000,0.0000,0.0000
4.9987,Right,0.0000,1.6807,-3.1490,-0.0713,0.1376,0.9879,,0.0000,0.0000,0.0000
4.9987,Combined,0.0000,1.6807,-3.1490,-0.0713,0.1376,0.9879,,0.0000,0.0000,0.0000
5.0115,Left,0.4588,1.6807,-3.1159,-0.0713,0.1376,0.9879,,0.0000,0.0000,0.0000
5.0115,Right,0.0000,1.6807,-3.1490,-0.0713,0.1376,0.9879,,0.0000,0.0000,0.0000
5.0115,Combined,0.0000,1.6807,-3.1490,-0.0713,0.1376,0.9879,,0.0000,0.0000,0.0000
5.0326,Left,0.4588,1.6807,-3.1159,-0.0713,0.1376,0.9879,,0.0000,0.0000,0.0000
5.0326,Right,0.0000,1.6807,-3.1490,-0.0713,0.1376,0.9879,,0.0000,0.0000,0.0000
5.0326,Combined,0.0000,1.6807,-3.1490,-0.0713,0.1376,0.9879,,0.0000,0.0000,0.0000
5.0514,Left,0.4588,1.6807,-3.1159,-0.0713,0.1376,0.9879,,0.0000,0.0000,0.0000
5.0514,Right,0.0000,1.6807,-3.1490,-0.0713,0.1376,0.9879,,0.0000,0.0000,0.0000
5.0514,Combined,0.0000,1.6807,-3.1490,-0.0713,0.1376,0.9879,,0.0000,0.0000,0.0000
5.0661,Left,0.4588,1.6807,-3.1159,-0.0713,0.1376,0.9879,,0.0000,0.0000,0.0000
5.0661,Right,0.0000,1.6807,-3.1490,-0.0713,0.1376,0.9879,,0.0000,0.0000,0.0000
5.0661,Combined,0.0000,1.6807,-3.1490,-0.0713,0.1376,0.9879,,0.0000,0.0000,0.0000
5.0796,Left,0.4588,1.6807,-3.1159,-0.0713,0.1376,0.9879,,0.0000,0.0000,0.0000
5.0796,Right,0.0000,1.6807,-3.1490,-0.0713,0.1376,0.9879,,0.0000,0.0000,0.0000
5.0796,Combined,0.0000,1.6807,-3.1490,-0.0713,0.1376,0.9879,,0.0000,0.0000,0.0000
5.0925,Left,0.4588,1.6807,-3.1159,-0.0713,0.1376,0.9879,,0.0000,0.0000,0.0000
5.0925,Right,0.0000,1.6807,-3.1490,-0.0713,0.1376,0.9879,,0.0000,0.0000,0.0000
5.0925,Combined,0.0000,1.6807,-3.1490,-0.0713,0.1376,0.9879,,0.0000,0.0000,0.0000
5.1066,Left,0.4588,1.6807,-3.1159,-0.0713,0.1376,0.9879,,0.0000,0.0000,0.0000
5.1066,Right,0.0000,1.6807,-3.1490,-0.0713,0.1376,0.9879,,0.0000,0.0000,0.0000
5.1066,Combined,0.0000,1.6807,-3.1490,-0.0713,0.1376,0.9879,,0.0000,0.0000,0.0000
5.1212,Left,0.4588,1.6807,-3.1159,-0.0713,0.1376,0.9879,,0.0000,0.0000,0.0000
5.1212,Right,0.0000,1.6807,-3.1490,-0.0713,0.1376,0.9879,,0.0000,0.0000,0.0000
5.1212,Combined,0.0000,1.6807,-3.1490,-0.0713,0.1376,0.9879,,0.0000,0.0000,0.0000
5.1350,Left,0.4588,1.6807,-3.1159,-0.0713,0.1376,0.9879,,0.0000,0.0000,0.0000
5.1350,Right,0.0000,1.6807,-3.1490,-0.0713,0.1376,0.9879,,0.0000,0.0000,0.0000
5.1350,Combined,0.0000,1.6807,-3.1490,-0.0713,0.1376,0.9879,,0.0000,0.0000,0.0000
5.1511,Left,0.4588,1.6807,-3.1159,-0.0713,0.1376,0.9879,,0.0000,0.0000,0.0000
5.1511,Right,0.0000,1.6807,-3.1490,-0.0713,0.1376,0.9879,,0.0000,0.0000,0.0000
5.1511,Combined,0.0000,1.6807,-3.1490,-0.0713,0.1376,0.9879,,0.0000,0.0000,0.0000
5.1715,Left,0.4588,1.6807,-3.1159,-0.0713,0.1376,0.9879,,0.0000,0.0000,0.0000
5.1715,Right,0.0000,1.6807,-3.1490,-0.0713,0.1376,0.9879,,0.0000,0.0000,0.0000
5.1715,Combined,0.0000,1.6807,-3.1490,-0.0713,0.1376,0.9879,,0.0000,0.0000,0.0000
5.1917,Left,0.4588,1.6807,-3.1159,-0.0713,0.1376,0.9879,,0.0000,0.0000,0.0000
5.1917,Right,0.0000,1.6807,-3.1490,-0.0713,0.1376,0.9879,,0.0000,0.0000,0.0000
5.1917,Combined,0.0000,1.6807,-3.1490,-0.0713,0.1376,0.9879,,0.0000,0.0000,0.0000
5.2123,Left,0.4588,1.6807,-3.1159,-0.0713,0.1376,0.9879,,0.0000,0.0000,0.0000
5.2123,Right,0.0000,1.6807,-3.1490,-0.0713,0.1376,0.9879,,0.0000,0.0000,0.0000
5.2123,Combined,0.0000,1.6807,-3.1490,-0.0713,0.1376,0.9879,,0.0000,0.0000,0.0000
5.2247,Left,0.4588,1.6807,-3.1159,-0.0713,0.1376,0.9879,,0.0000,0.0000,0.0000
5.2247,Right,0.0000,1.6807,-3.1490,-0.0713,0.1376,0.9879,,0.0000,0.0000,0.0000
5.2247,Combined,0.0000,1.6807,-3.1490,-0.0713,0.1376,0.9879,,0.0000,0.0000,0.0000
5.2371,Left,0.4588,1.6807,-3.1159,-0.0713,0.1376,0.9879,,0.0000,0.0000,0.0000
5.2371,Right,0.0000,1.6807,-3.1490,-0.0713,0.1376,0.9879,,0.0000,0.0000,0.0000
5.2371,Combined,0.0000,1.6807,-3.1490,-0.0713,0.1376,0.9879,,0.0000,0.0000,0.0000
5.2493,Left,0.4588,1.6807,-3.1159,-0.0713,0.1376,0.9879,,0.0000,0.0000,0.0000
5.2493,Right,0.0000,1.6807,-3.1490,-0.0713,0.1376,0.9879,,0.0000,0.0000,0.0000
5.2493,Combined,0.0000,1.6807,-3.1490,-0.0713,0.1376,0.9879,,0.0000,0.0000,0.0000
5.2622,Left,0.4588,1.6807,-3.1159,-0.0713,0.1376,0.9879,,0.0000,0.0000,0.0000
5.2622,Right,0.0000,1.6807,-3.1490,-0.0713,0.1376,0.9879,,0.0000,0.0000,0.0000
5.2622,Combined,0.0000,1.6807,-3.1490,-0.0713,0.1376,0.9879,,0.0000,0.0000,0.0000
5.2765,Left,0.4588,1.6807,-3.1159,-0.0713,0.1376,0.9879,,0.0000,0.0000,0.0000
5.2765,Right,0.0000,1.6807,-3.1490,-0.0713,0.1376,0.9879,,0.0000,0.0000,0.0000
5.2765,Combined,0.0000,1.6807,-3.1490,-0.0713,0.1376,0.9879,,0.0000,0.0000,0.0000
5.2900,Left,0.4588,1.6807,-3.1159,-0.0713,0.1376,0.9879,,0.0000,0.0000,0.0000
5.2900,Right,0.0000,1.6807,-3.1490,-0.0713,0.1376,0.9879,,0.0000,0.0000,0.0000
5.2900,Combined,0.0000,1.6807,-3.1490,-0.0713,0.1376,0.9879,,0.0000,0.0000,0.0000
5.3038,Left,0.4588,1.6807,-3.1159,-0.0713,0.1376,0.9879,,0.0000,0.0000,0.0000
5.3038,Right,0.0000,1.6807,-3.1490,-0.0713,0.1376,0.9879,,0.0000,0.0000,0.0000
5.3038,Combined,0.0000,1.6807,-3.1490,-0.0713,0.1376,0.9879,,0.0000,0.0000,0.0000
5.3174,Left,0.4588,1.6807,-3.1159,-0.0713,0.1376,0.9879,,0.0000,0.0000,0.0000
5.3174,Right,0.0000,1.6807,-3.1490,-0.0713,0.1376,0.9879,,0.0000,0.0000,0.0000
5.3174,Combined,0.0000,1.6807,-3.1490,-0.0713,0.1376,0.9879,,0.0000,0.0000,0.0000
5.3300,Left,0.4588,1.6807,-3.1159,-0.0713,0.1376,0.9879,,0.0000,0.0000,0.0000
5.3300,Right,0.0000,1.6807,-3.1490,-0.0713,0.1376,0.9879,,0.0000,0.0000,0.0000
5.3300,Combined,0.0000,1.6807,-3.1490,-0.0713,0.1376,0.9879,,0.0000,0.0000,0.0000
5.3501,Left,0.4588,1.6807,-3.1159,-0.0713,0.1376,0.9879,,0.0000,0.0000,0.0000
5.3501,Right,0.0000,1.6807,-3.1490,-0.0713,0.1376,0.9879,,0.0000,0.0000,0.0000
5.3501,Combined,0.0000,1.6807,-3.1490,-0.0713,0.1376,0.9879,,0.0000,0.0000,0.0000
5.3694,Left,0.4588,1.6807,-3.1159,-0.0713,0.1376,0.9879,,0.0000,0.0000,0.0000
5.3694,Right,0.0000,1.6807,-3.1490,-0.0713,0.1376,0.9879,,0.0000,0.0000,0.0000
5.3694,Combined,0.0000,1.6807,-3.1490,-0.0713,0.1376,0.9879,,0.0000,0.0000,0.0000
5.3829,Left,0.4588,1.6807,-3.1159,-0.0713,0.1376,0.9879,,0.0000,0.0000,0.0000
5.3829,Right,0.0000,1.6807,-3.1490,-0.0713,0.1376,0.9879,,0.0000,0.0000,0.0000
5.3829,Combined,0.0000,1.6807,-3.1490,-0.0713,0.1376,0.9879,,0.0000,0.0000,0.0000
5.3967,Left,0.4588,1.6807,-3.1159,-0.0713,0.1376,0.9879,,0.0000,0.0000,0.0000
5.3967,Right,0.0000,1.6807,-3.1490,-0.0713,0.1376,0.9879,,0.0000,0.0000,0.0000
5.3967,Combined,0.0000,1.6807,-3.1490,-0.0713,0.1376,0.9879,,0.0000,0.0000,0.0000
5.4090,Left,0.4588,1.6807,-3.1159,-0.0713,0.1376,0.9879,,0.0000,0.0000,0.0000
5.4090,Right,0.0000,1.6807,-3.1490,-0.0713,0.1376,0.9879,,0.0000,0.0000,0.0000
5.4090,Combined,0.0000,1.6807,-3.1490,-0.0713,0.1376,0.9879,,0.0000,0.0000,0.0000
5.4226,Left,0.4588,1.6807,-3.1159,-0.0713,0.1376,0.9879,,0.0000,0.0000,0.0000
5.4226,Right,0.0000,1.6807,-3.1490,-0.0713,0.1376,0.9879,,0.0000,0.0000,0.0000
5.4226,Combined,0.0000,1.6807,-3.1490,-0.0713,0.1376,0.9879,,0.0000,0.0000,0.0000
5.4367,Left,0.4588,1.6807,-3.1159,-0.0713,0.1376,0.9879,,0.0000,0.0000,0.0000
5.4367,Right,0.0000,1.6807,-3.1490,-0.0713,0.1376,0.9879,,0.0000,0.0000,0.0000
5.4367,Combined,0.0000,1.6807,-3.1490,-0.0713,0.1376,0.9879,,0.0000,0.0000,0.0000
5.4489,Left,0.4588,1.6807,-3.1159,-0.0713,0.1376,0.9879,,0.0000,0.0000,0.0000
5.4489,Right,0.0000,1.6807,-3.1490,-0.0713,0.1376,0.9879,,0.0000,0.0000,0.0000
5.4489,Combined,0.0000,1.6807,-3.1490,-0.0713,0.1376,0.9879,,0.0000,0.0000,0.0000
5.4609,Left,0.4588,1.6807,-3.1159,-0.0713,0.1376,0.9879,,0.0000,0.0000,0.0000
5.4609,Right,0.0000,1.6807,-3.1490,-0.0713,0.1376,0.9879,,0.0000,0.0000,0.0000
5.4609,Combined,0.0000,1.6807,-3.1490,-0.0713,0.1376,0.9879,,0.0000,0.0000,0.0000
5.4750,Left,0.4588,1.6807,-3.1159,-0.0713,0.1376,0.9879,,0.0000,0.0000,0.0000
5.4750,Right,0.0000,1.6807,-3.1490,-0.0713,0.1376,0.9879,,0.0000,0.0000,0.0000
5.4750,Combined,0.0000,1.6807,-3.1490,-0.0713,0.1376,0.9879,,0.0000,0.0000,0.0000
5.4890,Left,0.4588,1.6807,-3.1159,-0.0713,0.1376,0.9879,,0.0000,0.0000,0.0000
5.4890,Right,0.0000,1.6807,-3.1490,-0.0713,0.1376,0.9879,,0.0000,0.0000,0.0000
5.4890,Combined,0.0000,1.6807,-3.1490,-0.0713,0.1376,0.9879,,0.0000,0.0000,0.0000
5.5078,Left,0.4588,1.6807,-3.1159,-0.0713,0.1376,0.9879,,0.0000,0.0000,0.0000
5.5078,Right,0.0000,1.6807,-3.1490,-0.0713,0.1376,0.9879,,0.0000,0.0000,0.0000
5.5078,Combined,0.0000,1.6807,-3.1490,-0.0713,0.1376,0.9879,,0.0000,0.0000,0.0000
5.5270,Left,0.4588,1.6807,-3.1159,-0.0713,0.1376,0.9879,,0.0000,0.0000,0.0000
5.5270,Right,0.0000,1.6807,-3.1490,-0.0713,0.1376,0.9879,,0.0000,0.0000,0.0000
5.5270,Combined,0.0000,1.6807,-3.1490,-0.0713,0.1376,0.9879,,0.0000,0.0000,0.0000
5.5389,Left,0.4588,1.6807,-3.1159,-0.0713,0.1376,0.9879,,0.0000,0.0000,0.0000
5.5389,Right,0.0000,1.6807,-3.1490,-0.0713,0.1376,0.9879,,0.0000,0.0000,0.0000
5.5389,Combined,0.0000,1.6807,-3.1490,-0.0713,0.1376,0.9879,,0.0000,0.0000,0.0000
5.5523,Left,0.4588,1.6807,-3.1159,-0.0713,0.1376,0.9879,,0.0000,0.0000,0.0000
5.5523,Right,0.0000,1.6807,-3.1490,-0.0713,0.1376,0.9879,,0.0000,0.0000,0.0000
5.5523,Combined,0.0000,1.6807,-3.1490,-0.0713,0.1376,0.9879,,0.0000,0.0000,0.0000
5.5668,Left,0.4588,1.6807,-3.1159,-0.0713,0.1376,0.9879,,0.0000,0.0000,0.0000
5.5668,Right,0.0000,1.6807,-3.1490,-0.0713,0.1376,0.9879,,0.0000,0.0000,0.0000
5.5668,Combined,0.0000,1.6807,-3.1490,-0.0713,0.1376,0.9879,,0.0000,0.0000,0.0000
5.5814,Left,0.4588,1.6807,-3.1159,-0.0713,0.1376,0.9879,,0.0000,0.0000,0.0000
5.5814,Right,0.0000,1.6807,-3.1490,-0.0713,0.1376,0.9879,,0.0000,0.0000,0.0000
5.5814,Combined,0.0000,1.6807,-3.1490,-0.0713,0.1376,0.9879,,0.0000,0.0000,0.0000
5.5950,Left,0.4588,1.6807,-3.1159,-0.0713,0.1376,0.9879,,0.0000,0.0000,0.0000
5.5950,Right,0.0000,1.6807,-3.1490,-0.0713,0.1376,0.9879,,0.0000,0.0000,0.0000
5.5950,Combined,0.0000,1.6807,-3.1490,-0.0713,0.1376,0.9879,,0.0000,0.0000,0.0000
5.6096,Left,0.4588,1.6807,-3.1159,-0.0713,0.1376,0.9879,,0.0000,0.0000,0.0000
5.6096,Right,0.0000,1.6807,-3.1490,-0.0713,0.1376,0.9879,,0.0000,0.0000,0.0000
5.6096,Combined,0.0000,1.6807,-3.1490,-0.0713,0.1376,0.9879,,0.0000,0.0000,0.0000
5.6233,Left,0.4588,1.6807,-3.1159,-0.0713,0.1376,0.9879,,0.0000,0.0000,0.0000
5.6233,Right,0.0000,1.6807,-3.1490,-0.0713,0.1376,0.9879,,0.0000,0.0000,0.0000
5.6233,Combined,0.0000,1.6807,-3.1490,-0.0713,0.1376,0.9879,,0.0000,0.0000,0.0000
5.6377,Left,0.4588,1.6807,-3.1159,-0.0713,0.1376,0.9879,,0.0000,0.0000,0.0000
5.6377,Right,0.0000,1.6807,-3.1490,-0.0713,0.1376,0.9879,,0.0000,0.0000,0.0000
5.6377,Combined,0.0000,1.6807,-3.1490,-0.0713,0.1376,0.9879,,0.0000,0.0000,0.0000
5.6533,Left,0.4588,1.6807,-3.1159,-0.0713,0.1376,0.9879,,0.0000,0.0000,0.0000
5.6533,Right,0.0000,1.6807,-3.1490,-0.0713,0.1376,0.9879,,0.0000,0.0000,0.0000
5.6533,Combined,0.0000,1.6807,-3.1490,-0.0713,0.1376,0.9879,,0.0000,0.0000,0.0000
5.6747,Left,0.4588,1.6807,-3.1159,-0.0713,0.1376,0.9879,,0.0000,0.0000,0.0000
5.6747,Right,0.0000,1.6807,-3.1490,-0.0713,0.1376,0.9879,,0.0000,0.0000,0.0000
5.6747,Combined,0.0000,1.6807,-3.1490,-0.0713,0.1376,0.9879,,0.0000,0.0000,0.0000
5.6986,Left,0.4588,1.6807,-3.1159,-0.0713,0.1376,0.9879,,0.0000,0.0000,0.0000
5.6986,Right,0.0000,1.6807,-3.1490,-0.0713,0.1376,0.9879,,0.0000,0.0000,0.0000
5.6986,Combined,0.0000,1.6807,-3.1490,-0.0713,0.1376,0.9879,,0.0000,0.0000,0.0000
5.7152,Left,0.4588,1.6807,-3.1159,-0.0713,0.1376,0.9879,,0.0000,0.0000,0.0000
5.7152,Right,0.0000,1.6807,-3.1490,-0.0713,0.1376,0.9879,,0.0000,0.0000,0.0000
5.7152,Combined,0.0000,1.6807,-3.1490,-0.0713,0.1376,0.9879,,0.0000,0.0000,0.0000
5.7325,Left,0.4588,1.6807,-3.1159,-0.0713,0.1376,0.9879,,0.0000,0.0000,0.0000
5.7325,Right,0.0000,1.6807,-3.1490,-0.0713,0.1376,0.9879,,0.0000,0.0000,0.0000
5.7325,Combined,0.0000,1.6807,-3.1490,-0.0713,0.1376,0.9879,,0.0000,0.0000,0.0000
5.7489,Left,0.4588,1.6807,-3.1159,-0.0713,0.1376,0.9879,,0.0000,0.0000,0.0000
5.7489,Right,0.0000,1.6807,-3.1490,-0.0713,0.1376,0.9879,,0.0000,0.0000,0.0000
5.7489,Combined,0.0000,1.6807,-3.1490,-0.0713,0.1376,0.9879,,0.0000,0.0000,0.0000
5.7637,Left,0.4588,1.6807,-3.1159,-0.0713,0.1376,0.9879,,0.0000,0.0000,0.0000
5.7637,Right,0.0000,1.6807,-3.1490,-0.0713,0.1376,0.9879,,0.0000,0.0000,0.0000
5.7637,Combined,0.0000,1.6807,-3.1490,-0.0713,0.1376,0.9879,,0.0000,0.0000,0.0000
5.7789,Left,0.4588,1.6807,-3.1159,-0.0713,0.1376,0.9879,,0.0000,0.0000,0.0000
5.7789,Right,0.0000,1.6807,-3.1490,-0.0713,0.1376,0.9879,,0.0000,0.0000,0.0000
5.7789,Combined,0.0000,1.6807,-3.1490,-0.0713,0.1376,0.9879,,0.0000,0.0000,0.0000
5.7937,Left,0.4588,1.6807,-3.1159,-0.0713,0.1376,0.9879,,0.0000,0.0000,0.0000
5.7937,Right,0.0000,1.6807,-3.1490,-0.0713,0.1376,0.9879,,0.0000,0.0000,0.0000
5.7937,Combined,0.0000,1.6807,-3.1490,-0.0713,0.1376,0.9879,,0.0000,0.0000,0.0000
5.8098,Left,0.4588,1.6807,-3.1159,-0.0713,0.1376,0.9879,,0.0000,0.0000,0.0000
5.8098,Right,0.0000,1.6807,-3.1490,-0.0713,0.1376,0.9879,,0.0000,0.0000,0.0000
5.8098,Combined,0.0000,1.6807,-3.1490,-0.0713,0.1376,0.9879,,0.0000,0.0000,0.0000
5.8325,Left,0.4588,1.6807,-3.1159,-0.0713,0.1376,0.9879,,0.0000,0.0000,0.0000
5.8325,Right,0.0000,1.6807,-3.1490,-0.0713,0.1376,0.9879,,0.0000,0.0000,0.0000
5.8325,Combined,0.0000,1.6807,-3.1490,-0.0713,0.1376,0.9879,,0.0000,0.0000,0.0000
5.8535,Left,0.4588,1.6807,-3.1159,-0.0713,0.1376,0.9879,,0.0000,0.0000,0.0000
5.8535,Right,0.0000,1.6807,-3.1490,-0.0713,0.1376,0.9879,,0.0000,0.0000,0.0000
5.8535,Combined,0.0000,1.6807,-3.1490,-0.0713,0.1376,0.9879,,0.0000,0.0000,0.0000
5.8670,Left,0.4588,1.6807,-3.1159,-0.0713,0.1376,0.9879,,0.0000,0.0000,0.0000
5.8670,Right,0.0000,1.6807,-3.1490,-0.0713,0.1376,0.9879,,0.0000,0.0000,0.0000
5.8670,Combined,0.0000,1.6807,-3.1490,-0.0713,0.1376,0.9879,,0.0000,0.0000,0.0000
5.8818,Left,0.4588,1.6807,-3.1159,-0.0713,0.1376,0.9879,,0.0000,0.0000,0.0000
5.8818,Right,0.0000,1.6807,-3.1490,-0.0713,0.1376,0.9879,,0.0000,0.0000,0.0000
5.8818,Combined,0.0000,1.6807,-3.1490,-0.0713,0.1376,0.9879,,0.0000,0.0000,0.0000
5.8972,Left,0.4588,1.6807,-3.1159,-0.0713,0.1376,0.9879,,0.0000,0.0000,0.0000
5.8972,Right,0.0000,1.6807,-3.1490,-0.0713,0.1376,0.9879,,0.0000,0.0000,0.0000
5.8972,Combined,0.0000,1.6807,-3.1490,-0.0713,0.1376,0.9879,,0.0000,0.0000,0.0000
5.9110,Left,0.4588,1.6807,-3.1159,-0.0713,0.1376,0.9879,,0.0000,0.0000,0.0000
5.9110,Right,0.0000,1.6807,-3.1490,-0.0713,0.1376,0.9879,,0.0000,0.0000,0.0000
5.9110,Combined,0.0000,1.6807,-3.1490,-0.0713,0.1376,0.9879,,0.0000,0.0000,0.0000
5.9251,Left,0.4588,1.6807,-3.1159,-0.0713,0.1376,0.9879,,0.0000,0.0000,0.0000
5.9251,Right,0.0000,1.6807,-3.1490,-0.0713,0.1376,0.9879,,0.0000,0.0000,0.0000
5.9251,Combined,0.0000,1.6807,-3.1490,-0.0713,0.1376,0.9879,,0.0000,0.0000,0.0000
5.9398,Left,0.4588,1.6807,-3.1159,-0.0713,0.1376,0.9879,,0.0000,0.0000,0.0000
5.9398,Right,0.0000,1.6807,-3.1490,-0.0713,0.1376,0.9879,,0.0000,0.0000,0.0000
5.9398,Combined,0.0000,1.6807,-3.1490,-0.0713,0.1376,0.9879,,0.0000,0.0000,0.0000
5.9537,Left,0.4588,1.6807,-3.1159,-0.0713,0.1376,0.9879,,0.0000,0.0000,0.0000
5.9537,Right,0.0000,1.6807,-3.1490,-0.0713,0.1376,0.9879,,0.0000,0.0000,0.0000
5.9537,Combined,0.0000,1.6807,-3.1490,-0.0713,0.1376,0.9879,,0.0000,0.0000,0.0000
5.9663,Left,0.4588,1.6807,-3.1159,-0.0713,0.1376,0.9879,,0.0000,0.0000,0.0000
5.9663,Right,0.0000,1.6807,-3.1490,-0.0713,0.1376,0.9879,,0.0000,0.0000,0.0000
5.9663,Combined,0.0000,1.6807,-3.1490,-0.0713,0.1376,0.9879,,0.0000,0.0000,0.0000
5.9865,Left,0.4588,1.6807,-3.1159,-0.0713,0.1376,0.9879,,0.0000,0.0000,0.0000
5.9865,Right,0.0000,1.6807,-3.1490,-0.0713,0.1376,0.9879,,0.0000,0.0000,0.0000
5.9865,Combined,0.0000,1.6807,-3.1490,-0.0713,0.1376,0.9879,,0.0000,0.0000,0.0000
6.0058,Left,0.4588,1.6807,-3.1159,-0.0713,0.1376,0.9879,,0.0000,0.0000,0.0000
6.0058,Right,0.0000,1.6807,-3.1490,-0.0713,0.1376,0.9879,,0.0000,0.0000,0.0000
6.0058,Combined,0.0000,1.6807,-3.1490,-0.0713,0.1376,0.9879,,0.0000,0.0000,0.0000
6.0201,Left,0.4588,1.6807,-3.1159,-0.0713,0.1376,0.9879,,0.0000,0.0000,0.0000
6.0201,Right,0.0000,1.6807,-3.1490,-0.0713,0.1376,0.9879,,0.0000,0.0000,0.0000
6.0201,Combined,0.0000,1.6807,-3.1490,-0.0713,0.1376,0.9879,,0.0000,0.0000,0.0000
6.0329,Left,0.4588,1.6807,-3.1159,-0.0713,0.1376,0.9879,,0.0000,0.0000,0.0000
6.0329,Right,0.0000,1.6807,-3.1490,-0.0713,0.1376,0.9879,,0.0000,0.0000,0.0000
6.0329,Combined,0.0000,1.6807,-3.1490,-0.0713,0.1376,0.9879,,0.0000,0.0000,0.0000
6.0465,Left,0.4588,1.6807,-3.1159,-0.0713,0.1376,0.9879,,0.0000,0.0000,0.0000
6.0465,Right,0.0000,1.6807,-3.1490,-0.0713,0.1376,0.9879,,0.0000,0.0000,0.0000
6.0465,Combined,0.0000,1.6807,-3.1490,-0.0713,0.1376,0.9879,,0.0000,0.0000,0.0000
6.0598,Left,0.4588,1.6807,-3.1159,-0.0713,0.1376,0.9879,,0.0000,0.0000,0.0000
6.0598,Right,0.0000,1.6807,-3.1490,-0.0713,0.1376,0.9879,,0.0000,0.0000,0.0000
6.0598,Combined,0.0000,1.6807,-3.1490,-0.0713,0.1376,0.9879,,0.0000,0.0000,0.0000
6.0720,Left,0.4588,1.6807,-3.1159,-0.0713,0.1376,0.9879,,0.0000,0.0000,0.0000
6.0720,Right,0.0000,1.6807,-3.1490,-0.0713,0.1376,0.9879,,0.0000,0.0000,0.0000
6.0720,Combined,0.0000,1.6807,-3.1490,-0.0713,0.1376,0.9879,,0.0000,0.0000,0.0000
6.0850,Left,0.4588,1.6807,-3.1159,-0.0713,0.1376,0.9879,,0.0000,0.0000,0.0000
6.0850,Right,0.0000,1.6807,-3.1490,-0.0713,0.1376,0.9879,,0.0000,0.0000,0.0000
6.0850,Combined,0.0000,1.6807,-3.1490,-0.0713,0.1376,0.9879,,0.0000,0.0000,0.0000
6.0998,Left,0.4588,1.6807,-3.1159,-0.0713,0.1376,0.9879,,0.0000,0.0000,0.0000
6.0998,Right,0.0000,1.6807,-3.1490,-0.0713,0.1376,0.9879,,0.0000,0.0000,0.0000
6.0998,Combined,0.0000,1.6807,-3.1490,-0.0713,0.1376,0.9879,,0.0000,0.0000,0.0000
6.1123,Left,0.4588,1.6807,-3.1159,-0.0713,0.1376,0.9879,,0.0000,0.0000,0.0000
6.1123,Right,0.0000,1.6807,-3.1490,-0.0713,0.1376,0.9879,,0.0000,0.0000,0.0000
6.1123,Combined,0.0000,1.6807,-3.1490,-0.0713,0.1376,0.9879,,0.0000,0.0000,0.0000
6.1252,Left,0.4588,1.6807,-3.1159,-0.0713,0.1376,0.9879,,0.0000,0.0000,0.0000
6.1252,Right,0.0000,1.6807,-3.1490,-0.0713,0.1376,0.9879,,0.0000,0.0000,0.0000
6.1252,Combined,0.0000,1.6807,-3.1490,-0.0713,0.1376,0.9879,,0.0000,0.0000,0.0000
6.1447,Left,0.4588,1.6807,-3.1159,-0.0713,0.1376,0.9879,,0.0000,0.0000,0.0000
6.1447,Right,0.0000,1.6807,-3.1490,-0.0713,0.1376,0.9879,,0.0000,0.0000,0.0000
6.1447,Combined,0.0000,1.6807,-3.1490,-0.0713,0.1376,0.9879,,0.0000,0.0000,0.0000
6.1645,Left,0.4588,1.6807,-3.1159,-0.0713,0.1376,0.9879,,0.0000,0.0000,0.0000
6.1645,Right,0.0000,1.6807,-3.1490,-0.0713,0.1376,0.9879,,0.0000,0.0000,0.0000
6.1645,Combined,0.0000,1.6807,-3.1490,-0.0713,0.1376,0.9879,,0.0000,0.0000,0.0000
6.1789,Left,0.4588,1.6807,-3.1159,-0.0713,0.1376,0.9879,,0.0000,0.0000,0.0000
6.1789,Right,0.0000,1.6807,-3.1490,-0.0713,0.1376,0.9879,,0.0000,0.0000,0.0000
6.1789,Combined,0.0000,1.6807,-3.1490,-0.0713,0.1376,0.9879,,0.0000,0.0000,0.0000
6.1935,Left,0.4588,1.6807,-3.1159,-0.0713,0.1376,0.9879,,0.0000,0.0000,0.0000
6.1935,Right,0.0000,1.6807,-3.1490,-0.0713,0.1376,0.9879,,0.0000,0.0000,0.0000
6.1935,Combined,0.0000,1.6807,-3.1490,-0.0713,0.1376,0.9879,,0.0000,0.0000,0.0000
6.2072,Left,0.4588,1.6807,-3.1159,-0.0713,0.1376,0.9879,,0.0000,0.0000,0.0000
6.2072,Right,0.0000,1.6807,-3.1490,-0.0713,0.1376,0.9879,,0.0000,0.0000,0.0000
6.2072,Combined,0.0000,1.6807,-3.1490,-0.0713,0.1376,0.9879,,0.0000,0.0000,0.0000
6.2203,Left,0.4588,1.6807,-3.1159,-0.0713,0.1376,0.9879,,0.0000,0.0000,0.0000
6.2203,Right,0.0000,1.6807,-3.1490,-0.0713,0.1376,0.9879,,0.0000,0.0000,0.0000
6.2203,Combined,0.0000,1.6807,-3.1490,-0.0713,0.1376,0.9879,,0.0000,0.0000,0.0000
6.2335,Left,0.4588,1.6807,-3.1159,-0.0713,0.1376,0.9879,,0.0000,0.0000,0.0000
6.2335,Right,0.0000,1.6807,-3.1490,-0.0713,0.1376,0.9879,,0.0000,0.0000,0.0000
6.2335,Combined,0.0000,1.6807,-3.1490,-0.0713,0.1376,0.9879,,0.0000,0.0000,0.0000
6.2457,Left,0.4588,1.6807,-3.1159,-0.0713,0.1376,0.9879,,0.0000,0.0000,0.0000
6.2457,Right,0.0000,1.6807,-3.1490,-0.0713,0.1376,0.9879,,0.0000,0.0000,0.0000
6.2457,Combined,0.0000,1.6807,-3.1490,-0.0713,0.1376,0.9879,,0.0000,0.0000,0.0000
6.2592,Left,0.4588,1.6807,-3.1159,-0.0713,0.1376,0.9879,,0.0000,0.0000,0.0000
6.2592,Right,0.0000,1.6807,-3.1490,-0.0713,0.1376,0.9879,,0.0000,0.0000,0.0000
6.2592,Combined,0.0000,1.6807,-3.1490,-0.0713,0.1376,0.9879,,0.0000,0.0000,0.0000
6.2715,Left,0.4588,1.6807,-3.1159,-0.0713,0.1376,0.9879,,0.0000,0.0000,0.0000
6.2715,Right,0.0000,1.6807,-3.1490,-0.0713,0.1376,0.9879,,0.0000,0.0000,0.0000
6.2715,Combined,0.0000,1.6807,-3.1490,-0.0713,0.1376,0.9879,,0.0000,0.0000,0.0000
6.2841,Left,0.4588,1.6807,-3.1159,-0.0713,0.1376,0.9879,,0.0000,0.0000,0.0000
6.2841,Right,0.0000,1.6807,-3.1490,-0.0713,0.1376,0.9879,,0.0000,0.0000,0.0000
6.2841,Combined,0.0000,1.6807,-3.1490,-0.0713,0.1376,0.9879,,0.0000,0.0000,0.0000
6.3037,Left,0.4588,1.6807,-3.1159,-0.0713,0.1376,0.9879,,0.0000,0.0000,0.0000
6.3037,Right,0.0000,1.6807,-3.1490,-0.0713,0.1376,0.9879,,0.0000,0.0000,0.0000
6.3037,Combined,0.0000,1.6807,-3.1490,-0.0713,0.1376,0.9879,,0.0000,0.0000,0.0000
6.3234,Left,0.4588,1.6807,-3.1159,-0.0713,0.1376,0.9879,,0.0000,0.0000,0.0000
6.3234,Right,0.0000,1.6807,-3.1490,-0.0713,0.1376,0.9879,,0.0000,0.0000,0.0000
6.3234,Combined,0.0000,1.6807,-3.1490,-0.0713,0.1376,0.9879,,0.0000,0.0000,0.0000
6.3370,Left,0.4588,1.6807,-3.1159,-0.0713,0.1376,0.9879,,0.0000,0.0000,0.0000
6.3370,Right,0.0000,1.6807,-3.1490,-0.0713,0.1376,0.9879,,0.0000,0.0000,0.0000
6.3370,Combined,0.0000,1.6807,-3.1490,-0.0713,0.1376,0.9879,,0.0000,0.0000,0.0000
6.3493,Left,0.4588,1.6807,-3.1159,-0.0713,0.1376,0.9879,,0.0000,0.0000,0.0000
6.3493,Right,0.0000,1.6807,-3.1490,-0.0713,0.1376,0.9879,,0.0000,0.0000,0.0000
6.3493,Combined,0.0000,1.6807,-3.1490,-0.0713,0.1376,0.9879,,0.0000,0.0000,0.0000
6.3615,Left,0.4588,1.6807,-3.1159,-0.0713,0.1376,0.9879,,0.0000,0.0000,0.0000
6.3615,Right,0.0000,1.6807,-3.1490,-0.0713,0.1376,0.9879,,0.0000,0.0000,0.0000
6.3615,Combined,0.0000,1.6807,-3.1490,-0.0713,0.1376,0.9879,,0.0000,0.0000,0.0000
6.3738,Left,0.4588,1.6807,-3.1159,-0.0713,0.1376,0.9879,,0.0000,0.0000,0.0000
6.3738,Right,0.0000,1.6807,-3.1490,-0.0713,0.1376,0.9879,,0.0000,0.0000,0.0000
6.3738,Combined,0.0000,1.6807,-3.1490,-0.0713,0.1376,0.9879,,0.0000,0.0000,0.0000
6.3859,Left,0.4588,1.6807,-3.1159,-0.0713,0.1376,0.9879,,0.0000,0.0000,0.0000
6.3859,Right,0.0000,1.6807,-3.1490,-0.0713,0.1376,0.9879,,0.0000,0.0000,0.0000
6.3859,Combined,0.0000,1.6807,-3.1490,-0.0713,0.1376,0.9879,,0.0000,0.0000,0.0000
6.3990,Left,0.4588,1.6807,-3.1159,-0.0713,0.1376,0.9879,,0.0000,0.0000,0.0000
6.3990,Right,0.0000,1.6807,-3.1490,-0.0713,0.1376,0.9879,,0.0000,0.0000,0.0000
6.3990,Combined,0.0000,1.6807,-3.1490,-0.0713,0.1376,0.9879,,0.0000,0.0000,0.0000
6.4115,Left,0.4588,1.6807,-3.1159,-0.0713,0.1376,0.9879,,0.0000,0.0000,0.0000
6.4115,Right,0.0000,1.6807,-3.1490,-0.0713,0.1376,0.9879,,0.0000,0.0000,0.0000
6.4115,Combined,0.0000,1.6807,-3.1490,-0.0713,0.1376,0.9879,,0.0000,0.0000,0.0000
6.4247,Left,0.4588,1.6807,-3.1159,-0.0713,0.1376,0.9879,,0.0000,0.0000,0.0000
6.4247,Right,0.0000,1.6807,-3.1490,-0.0713,0.1376,0.9879,,0.0000,0.0000,0.0000
6.4247,Combined,0.0000,1.6807,-3.1490,-0.0713,0.1376,0.9879,,0.0000,0.0000,0.0000
6.4374,Left,0.4588,1.6807,-3.1159,-0.0713,0.1376,0.9879,,0.0000,0.0000,0.0000
6.4374,Right,0.0000,1.6807,-3.1490,-0.0713,0.1376,0.9879,,0.0000,0.0000,0.0000
6.4374,Combined,0.0000,1.6807,-3.1490,-0.0713,0.1376,0.9879,,0.0000,0.0000,0.0000
6.4569,Left,0.4588,1.6807,-3.1159,-0.0713,0.1376,0.9879,,0.0000,0.0000,0.0000
6.4569,Right,0.0000,1.6807,-3.1490,-0.0713,0.1376,0.9879,,0.0000,0.0000,0.0000
6.4569,Combined,0.0000,1.6807,-3.1490,-0.0713,0.1376,0.9879,,0.0000,0.0000,0.0000
6.4763,Left,0.4588,1.6807,-3.1159,-0.0713,0.1376,0.9879,,0.0000,0.0000,0.0000
6.4763,Right,0.0000,1.6807,-3.1490,-0.0713,0.1376,0.9879,,0.0000,0.0000,0.0000
6.4763,Combined,0.0000,1.6807,-3.1490,-0.0713,0.1376,0.9879,,0.0000,0.0000,0.0000
6.4888,Left,0.4588,1.6807,-3.1159,-0.0713,0.1376,0.9879,,0.0000,0.0000,0.0000
6.4888,Right,0.0000,1.6807,-3.1490,-0.0713,0.1376,0.9879,,0.0000,0.0000,0.0000
6.4888,Combined,0.0000,1.6807,-3.1490,-0.0713,0.1376,0.9879,,0.0000,0.0000,0.0000
6.5025,Left,0.4588,1.6807,-3.1159,-0.0713,0.1376,0.9879,,0.0000,0.0000,0.0000
6.5025,Right,0.0000,1.6807,-3.1490,-0.0713,0.1376,0.9879,,0.0000,0.0000,0.0000
6.5025,Combined,0.0000,1.6807,-3.1490,-0.0713,0.1376,0.9879,,0.0000,0.0000,0.0000
6.5173,Left,0.4588,1.6807,-3.1159,-0.0713,0.1376,0.9879,,0.0000,0.0000,0.0000
6.5173,Right,0.0000,1.6807,-3.1490,-0.0713,0.1376,0.9879,,0.0000,0.0000,0.0000
6.5173,Combined,0.0000,1.6807,-3.1490,-0.0713,0.1376,0.9879,,0.0000,0.0000,0.0000
6.5296,Left,0.4588,1.6807,-3.1159,-0.0713,0.1376,0.9879,,0.0000,0.0000,0.0000
6.5296,Right,0.0000,1.6807,-3.1490,-0.0713,0.1376,0.9879,,0.0000,0.0000,0.0000
6.5296,Combined,0.0000,1.6807,-3.1490,-0.0713,0.1376,0.9879,,0.0000,0.0000,0.0000
6.5423,Left,0.4588,1.6807,-3.1159,-0.0713,0.1376,0.9879,,0.0000,0.0000,0.0000
6.5423,Right,0.0000,1.6807,-3.1490,-0.0713,0.1376,0.9879,,0.0000,0.0000,0.0000
6.5423,Combined,0.0000,1.6807,-3.1490,-0.0713,0.1376,0.9879,,0.0000,0.0000,0.0000
6.5554,Left,0.4588,1.6807,-3.1159,-0.0713,0.1376,0.9879,,0.0000,0.0000,0.0000
6.5554,Right,0.0000,1.6807,-3.1490,-0.0713,0.1376,0.9879,,0.0000,0.0000,0.0000
6.5554,Combined,0.0000,1.6807,-3.1490,-0.0713,0.1376,0.9879,,0.0000,0.0000,0.0000
6.5682,Left,0.4588,1.6807,-3.1159,-0.0713,0.1376,0.9879,,0.0000,0.0000,0.0000
6.5682,Right,0.0000,1.6807,-3.1490,-0.0713,0.1376,0.9879,,0.0000,0.0000,0.0000
6.5682,Combined,0.0000,1.6807,-3.1490,-0.0713,0.1376,0.9879,,0.0000,0.0000,0.0000
6.5812,Left,0.4588,1.6807,-3.1159,-0.0713,0.1376,0.9879,,0.0000,0.0000,0.0000
6.5812,Right,0.0000,1.6807,-3.1490,-0.0713,0.1376,0.9879,,0.0000,0.0000,0.0000
6.5812,Combined,0.0000,1.6807,-3.1490,-0.0713,0.1376,0.9879,,0.0000,0.0000,0.0000
6.5943,Left,0.4588,1.6807,-3.1159,-0.0713,0.1376,0.9879,,0.0000,0.0000,0.0000
6.5943,Right,0.0000,1.6807,-3.1490,-0.0713,0.1376,0.9879,,0.0000,0.0000,0.0000
6.5943,Combined,0.0000,1.6807,-3.1490,-0.0713,0.1376,0.9879,,0.0000,0.0000,0.0000
6.6138,Left,0.4588,1.6807,-3.1159,-0.0713,0.1376,0.9879,,0.0000,0.0000,0.0000
6.6138,Right,0.0000,1.6807,-3.1490,-0.0713,0.1376,0.9879,,0.0000,0.0000,0.0000
6.6138,Combined,0.0000,1.6807,-3.1490,-0.0713,0.1376,0.9879,,0.0000,0.0000,0.0000
6.6356,Left,0.4588,1.6807,-3.1159,-0.0713,0.1376,0.9879,,0.0000,0.0000,0.0000
6.6356,Right,0.0000,1.6807,-3.1490,-0.0713,0.1376,0.9879,,0.0000,0.0000,0.0000
6.6356,Combined,0.0000,1.6807,-3.1490,-0.0713,0.1376,0.9879,,0.0000,0.0000,0.0000
6.6503,Left,0.4588,1.6807,-3.1159,-0.0713,0.1376,0.9879,,0.0000,0.0000,0.0000
6.6503,Right,0.0000,1.6807,-3.1490,-0.0713,0.1376,0.9879,,0.0000,0.0000,0.0000
6.6503,Combined,0.0000,1.6807,-3.1490,-0.0713,0.1376,0.9879,,0.0000,0.0000,0.0000
6.6645,Left,0.4588,1.6807,-3.1159,-0.0713,0.1376,0.9879,,0.0000,0.0000,0.0000
6.6645,Right,0.0000,1.6807,-3.1490,-0.0713,0.1376,0.9879,,0.0000,0.0000,0.0000
6.6645,Combined,0.0000,1.6807,-3.1490,-0.0713,0.1376,0.9879,,0.0000,0.0000,0.0000
6.6809,Left,0.4588,1.6807,-3.1159,-0.0713,0.1376,0.9879,,0.0000,0.0000,0.0000
6.6809,Right,0.0000,1.6807,-3.1490,-0.0713,0.1376,0.9879,,0.0000,0.0000,0.0000
6.6809,Combined,0.0000,1.6807,-3.1490,-0.0713,0.1376,0.9879,,0.0000,0.0000,0.0000
6.6955,Left,0.4588,1.6807,-3.1159,-0.0713,0.1376,0.9879,,0.0000,0.0000,0.0000
6.6955,Right,0.0000,1.6807,-3.1490,-0.0713,0.1376,0.9879,,0.0000,0.0000,0.0000
6.6955,Combined,0.0000,1.6807,-3.1490,-0.0713,0.1376,0.9879,,0.0000,0.0000,0.0000
6.7081,Left,0.4588,1.6807,-3.1159,-0.0713,0.1376,0.9879,,0.0000,0.0000,0.0000
6.7081,Right,0.0000,1.6807,-3.1490,-0.0713,0.1376,0.9879,,0.0000,0.0000,0.0000
6.7081,Combined,0.0000,1.6807,-3.1490,-0.0713,0.1376,0.9879,,0.0000,0.0000,0.0000
6.7213,Left,0.4588,1.6807,-3.1159,-0.0713,0.1376,0.9879,,0.0000,0.0000,0.0000
6.7213,Right,0.0000,1.6807,-3.1490,-0.0713,0.1376,0.9879,,0.0000,0.0000,0.0000
6.7213,Combined,0.0000,1.6807,-3.1490,-0.0713,0.1376,0.9879,,0.0000,0.0000,0.0000
6.7361,Left,0.4588,1.6807,-3.1159,-0.0713,0.1376,0.9879,,0.0000,0.0000,0.0000
6.7361,Right,0.0000,1.6807,-3.1490,-0.0713,0.1376,0.9879,,0.0000,0.0000,0.0000
6.7361,Combined,0.0000,1.6807,-3.1490,-0.0713,0.1376,0.9879,,0.0000,0.0000,0.0000
6.7515,Left,0.4588,1.6807,-3.1159,-0.0713,0.1376,0.9879,,0.0000,0.0000,0.0000
6.7515,Right,0.0000,1.6807,-3.1490,-0.0713,0.1376,0.9879,,0.0000,0.0000,0.0000
6.7515,Combined,0.0000,1.6807,-3.1490,-0.0713,0.1376,0.9879,,0.0000,0.0000,0.0000
6.7828,Left,0.4588,1.6807,-3.1159,-0.0713,0.1376,0.9879,,0.0000,0.0000,0.0000
6.7828,Right,0.0000,1.6807,-3.1490,-0.0713,0.1376,0.9879,,0.0000,0.0000,0.0000
6.7828,Combined,0.0000,1.6807,-3.1490,-0.0713,0.1376,0.9879,,0.0000,0.0000,0.0000
6.8051,Left,0.4588,1.6807,-3.1159,-0.0713,0.1376,0.9879,,0.0000,0.0000,0.0000
6.8051,Right,0.0000,1.6807,-3.1490,-0.0713,0.1376,0.9879,,0.0000,0.0000,0.0000
6.8051,Combined,0.0000,1.6807,-3.1490,-0.0713,0.1376,0.9879,,0.0000,0.0000,0.0000
6.8217,Left,0.4588,1.6807,-3.1159,-0.0713,0.1376,0.9879,,0.0000,0.0000,0.0000
6.8217,Right,0.0000,1.6807,-3.1490,-0.0713,0.1376,0.9879,,0.0000,0.0000,0.0000
6.8217,Combined,0.0000,1.6807,-3.1490,-0.0713,0.1376,0.9879,,0.0000,0.0000,0.0000
6.8362,Left,0.4588,1.6807,-3.1159,-0.0713,0.1376,0.9879,,0.0000,0.0000,0.0000
6.8362,Right,0.0000,1.6807,-3.1490,-0.0713,0.1376,0.9879,,0.0000,0.0000,0.0000
6.8362,Combined,0.0000,1.6807,-3.1490,-0.0713,0.1376,0.9879,,0.0000,0.0000,0.0000
6.8503,Left,0.4588,1.6807,-3.1159,-0.0713,0.1376,0.9879,,0.0000,0.0000,0.0000
6.8503,Right,0.0000,1.6807,-3.1490,-0.0713,0.1376,0.9879,,0.0000,0.0000,0.0000
6.8503,Combined,0.0000,1.6807,-3.1490,-0.0713,0.1376,0.9879,,0.0000,0.0000,0.0000
6.8649,Left,0.4588,1.6807,-3.1159,-0.0713,0.1376,0.9879,,0.0000,0.0000,0.0000
6.8649,Right,0.0000,1.6807,-3.1490,-0.0713,0.1376,0.9879,,0.0000,0.0000,0.0000
6.8649,Combined,0.0000,1.6807,-3.1490,-0.0713,0.1376,0.9879,,0.0000,0.0000,0.0000
6.8785,Left,0.4588,1.6807,-3.1159,-0.0713,0.1376,0.9879,,0.0000,0.0000,0.0000
6.8785,Right,0.0000,1.6807,-3.1490,-0.0713,0.1376,0.9879,,0.0000,0.0000,0.0000
6.8785,Combined,0.0000,1.6807,-3.1490,-0.0713,0.1376,0.9879,,0.0000,0.0000,0.0000
6.8928,Left,0.4588,1.6807,-3.1159,-0.0713,0.1376,0.9879,,0.0000,0.0000,0.0000
6.8928,Right,0.0000,1.6807,-3.1490,-0.0713,0.1376,0.9879,,0.0000,0.0000,0.0000
6.8928,Combined,0.0000,1.6807,-3.1490,-0.0713,0.1376,0.9879,,0.0000,0.0000,0.0000
6.9071,Left,0.4588,1.6807,-3.1159,-0.0713,0.1376,0.9879,,0.0000,0.0000,0.0000
6.9071,Right,0.0000,1.6807,-3.1490,-0.0713,0.1376,0.9879,,0.0000,0.0000,0.0000
6.9071,Combined,0.0000,1.6807,-3.1490,-0.0713,0.1376,0.9879,,0.0000,0.0000,0.0000
6.9279,Left,0.4588,1.6807,-3.1159,-0.0713,0.1376,0.9879,,0.0000,0.0000,0.0000
6.9279,Right,0.0000,1.6807,-3.1490,-0.0713,0.1376,0.9879,,0.0000,0.0000,0.0000
6.9279,Combined,0.0000,1.6807,-3.1490,-0.0713,0.1376,0.9879,,0.0000,0.0000,0.0000
6.9458,Left,0.4588,1.6807,-3.1159,-0.0713,0.1376,0.9879,,0.0000,0.0000,0.0000
6.9458,Right,0.0000,1.6807,-3.1490,-0.0713,0.1376,0.9879,,0.0000,0.0000,0.0000
6.9458,Combined,0.0000,1.6807,-3.1490,-0.0713,0.1376,0.9879,,0.0000,0.0000,0.0000
6.9588,Left,0.4588,1.6807,-3.1159,-0.0713,0.1376,0.9879,,0.0000,0.0000,0.0000
6.9588,Right,0.0000,1.6807,-3.1490,-0.0713,0.1376,0.9879,,0.0000,0.0000,0.0000
6.9588,Combined,0.0000,1.6807,-3.1490,-0.0713,0.1376,0.9879,,0.0000,0.0000,0.0000
6.9711,Left,0.4588,1.6807,-3.1159,-0.0713,0.1376,0.9879,,0.0000,0.0000,0.0000
6.9711,Right,0.0000,1.6807,-3.1490,-0.0713,0.1376,0.9879,,0.0000,0.0000,0.0000
6.9711,Combined,0.0000,1.6807,-3.1490,-0.0713,0.1376,0.9879,,0.0000,0.0000,0.0000
6.9851,Left,0.4588,1.6807,-3.1159,-0.0713,0.1376,0.9879,,0.0000,0.0000,0.0000
6.9851,Right,0.0000,1.6807,-3.1490,-0.0713,0.1376,0.9879,,0.0000,0.0000,0.0000
6.9851,Combined,0.0000,1.6807,-3.1490,-0.0713,0.1376,0.9879,,0.0000,0.0000,0.0000
6.9989,Left,0.4588,1.6807,-3.1159,-0.0713,0.1376,0.9879,,0.0000,0.0000,0.0000
6.9989,Right,0.0000,1.6807,-3.1490,-0.0713,0.1376,0.9879,,0.0000,0.0000,0.0000
6.9989,Combined,0.0000,1.6807,-3.1490,-0.0713,0.1376,0.9879,,0.0000,0.0000,0.0000
7.0117,Left,0.4588,1.6807,-3.1159,-0.0713,0.1376,0.9879,,0.0000,0.0000,0.0000
7.0117,Right,0.0000,1.6807,-3.1490,-0.0713,0.1376,0.9879,,0.0000,0.0000,0.0000
7.0117,Combined,0.0000,1.6807,-3.1490,-0.0713,0.1376,0.9879,,0.0000,0.0000,0.0000
7.0249,Left,0.4588,1.6807,-3.1159,-0.0713,0.1376,0.9879,,0.0000,0.0000,0.0000
7.0249,Right,0.0000,1.6807,-3.1490,-0.0713,0.1376,0.9879,,0.0000,0.0000,0.0000
7.0249,Combined,0.0000,1.6807,-3.1490,-0.0713,0.1376,0.9879,,0.0000,0.0000,0.0000
7.0388,Left,0.4588,1.6807,-3.1159,-0.0713,0.1376,0.9879,,0.0000,0.0000,0.0000
7.0388,Right,0.0000,1.6807,-3.1490,-0.0713,0.1376,0.9879,,0.0000,0.0000,0.0000
7.0388,Combined,0.0000,1.6807,-3.1490,-0.0713,0.1376,0.9879,,0.0000,0.0000,0.0000
7.0535,Left,0.4588,1.6807,-3.1159,-0.0713,0.1376,0.9879,,0.0000,0.0000,0.0000
7.0535,Right,0.0000,1.6807,-3.1490,-0.0713,0.1376,0.9879,,0.0000,0.0000,0.0000
7.0535,Combined,0.0000,1.6807,-3.1490,-0.0713,0.1376,0.9879,,0.0000,0.0000,0.0000
7.0684,Left,0.4588,1.6807,-3.1159,-0.0713,0.1376,0.9879,,0.0000,0.0000,0.0000
7.0684,Right,0.0000,1.6807,-3.1490,-0.0713,0.1376,0.9879,,0.0000,0.0000,0.0000
7.0684,Combined,0.0000,1.6807,-3.1490,-0.0713,0.1376,0.9879,,0.0000,0.0000,0.0000
7.0880,Left,0.4588,1.6807,-3.1159,-0.0713,0.1376,0.9879,,0.0000,0.0000,0.0000
7.0880,Right,0.0000,1.6807,-3.1490,-0.0713,0.1376,0.9879,,0.0000,0.0000,0.0000
7.0880,Combined,0.0000,1.6807,-3.1490,-0.0713,0.1376,0.9879,,0.0000,0.0000,0.0000
7.1082,Left,0.4588,1.6807,-3.1159,-0.0713,0.1376,0.9879,,0.0000,0.0000,0.0000
7.1082,Right,0.0000,1.6807,-3.1490,-0.0713,0.1376,0.9879,,0.0000,0.0000,0.0000
7.1082,Combined,0.0000,1.6807,-3.1490,-0.0713,0.1376,0.9879,,0.0000,0.0000,0.0000
7.1212,Left,0.4588,1.6807,-3.1159,-0.0713,0.1376,0.9879,,0.0000,0.0000,0.0000
7.1212,Right,0.0000,1.6807,-3.1490,-0.0713,0.1376,0.9879,,0.0000,0.0000,0.0000
7.1212,Combined,0.0000,1.6807,-3.1490,-0.0713,0.1376,0.9879,,0.0000,0.0000,0.0000
7.1359,Left,0.4588,1.6807,-3.1159,-0.0713,0.1376,0.9879,,0.0000,0.0000,0.0000
7.1359,Right,0.0000,1.6807,-3.1490,-0.0713,0.1376,0.9879,,0.0000,0.0000,0.0000
7.1359,Combined,0.0000,1.6807,-3.1490,-0.0713,0.1376,0.9879,,0.0000,0.0000,0.0000
7.1480,Left,0.4588,1.6807,-3.1159,-0.0713,0.1376,0.9879,,0.0000,0.0000,0.0000
7.1480,Right,0.0000,1.6807,-3.1490,-0.0713,0.1376,0.9879,,0.0000,0.0000,0.0000
7.1480,Combined,0.0000,1.6807,-3.1490,-0.0713,0.1376,0.9879,,0.0000,0.0000,0.0000
7.1621,Left,0.4588,1.6807,-3.1159,-0.0713,0.1376,0.9879,,0.0000,0.0000,0.0000
7.1621,Right,0.0000,1.6807,-3.1490,-0.0713,0.1376,0.9879,,0.0000,0.0000,0.0000
7.1621,Combined,0.0000,1.6807,-3.1490,-0.0713,0.1376,0.9879,,0.0000,0.0000,0.0000
7.1794,Left,0.4588,1.6807,-3.1159,-0.0713,0.1376,0.9879,,0.0000,0.0000,0.0000
7.1794,Right,0.0000,1.6807,-3.1490,-0.0713,0.1376,0.9879,,0.0000,0.0000,0.0000
7.1794,Combined,0.0000,1.6807,-3.1490,-0.0713,0.1376,0.9879,,0.0000,0.0000,0.0000
7.1925,Left,0.4588,1.6807,-3.1159,-0.0713,0.1376,0.9879,,0.0000,0.0000,0.0000
7.1925,Right,0.0000,1.6807,-3.1490,-0.0713,0.1376,0.9879,,0.0000,0.0000,0.0000
7.1925,Combined,0.0000,1.6807,-3.1490,-0.0713,0.1376,0.9879,,0.0000,0.0000,0.0000
7.2050,Left,0.4588,1.6807,-3.1159,-0.0713,0.1376,0.9879,,0.0000,0.0000,0.0000
7.2050,Right,0.0000,1.6807,-3.1490,-0.0713,0.1376,0.9879,,0.0000,0.0000,0.0000
7.2050,Combined,0.0000,1.6807,-3.1490,-0.0713,0.1376,0.9879,,0.0000,0.0000,0.0000
7.2185,Left,0.4588,1.6807,-3.1159,-0.0713,0.1376,0.9879,,0.0000,0.0000,0.0000
7.2185,Right,0.0000,1.6807,-3.1490,-0.0713,0.1376,0.9879,,0.0000,0.0000,0.0000
7.2185,Combined,0.0000,1.6807,-3.1490,-0.0713,0.1376,0.9879,,0.0000,0.0000,0.0000
7.2371,Left,0.4588,1.6807,-3.1159,-0.0713,0.1376,0.9879,,0.0000,0.0000,0.0000
7.2371,Right,0.0000,1.6807,-3.1490,-0.0713,0.1376,0.9879,,0.0000,0.0000,0.0000
7.2371,Combined,0.0000,1.6807,-3.1490,-0.0713,0.1376,0.9879,,0.0000,0.0000,0.0000
7.2548,Left,0.4588,1.6807,-3.1159,-0.0713,0.1376,0.9879,,0.0000,0.0000,0.0000
7.2548,Right,0.0000,1.6807,-3.1490,-0.0713,0.1376,0.9879,,0.0000,0.0000,0.0000
7.2548,Combined,0.0000,1.6807,-3.1490,-0.0713,0.1376,0.9879,,0.0000,0.0000,0.0000
7.2681,Left,0.4588,1.6807,-3.1159,-0.0713,0.1376,0.9879,,0.0000,0.0000,0.0000
7.2681,Right,0.0000,1.6807,-3.1490,-0.0713,0.1376,0.9879,,0.0000,0.0000,0.0000
7.2681,Combined,0.0000,1.6807,-3.1490,-0.0713,0.1376,0.9879,,0.0000,0.0000,0.0000
7.2818,Left,0.4588,1.6807,-3.1159,-0.0713,0.1376,0.9879,,0.0000,0.0000,0.0000
7.2818,Right,0.0000,1.6807,-3.1490,-0.0713,0.1376,0.9879,,0.0000,0.0000,0.0000
7.2818,Combined,0.0000,1.6807,-3.1490,-0.0713,0.1376,0.9879,,0.0000,0.0000,0.0000
7.2939,Left,0.4588,1.6807,-3.1159,-0.0713,0.1376,0.9879,,0.0000,0.0000,0.0000
7.2939,Right,0.0000,1.6807,-3.1490,-0.0713,0.1376,0.9879,,0.0000,0.0000,0.0000
7.2939,Combined,0.0000,1.6807,-3.1490,-0.0713,0.1376,0.9879,,0.0000,0.0000,0.0000
7.3055,Left,0.4588,1.6807,-3.1159,-0.0713,0.1376,0.9879,,0.0000,0.0000,0.0000
7.3055,Right,0.0000,1.6807,-3.1490,-0.0713,0.1376,0.9879,,0.0000,0.0000,0.0000
7.3055,Combined,0.0000,1.6807,-3.1490,-0.0713,0.1376,0.9879,,0.0000,0.0000,0.0000
7.3178,Left,0.4588,1.6807,-3.1159,-0.0713,0.1376,0.9879,,0.0000,0.0000,0.0000
7.3178,Right,0.0000,1.6807,-3.1490,-0.0713,0.1376,0.9879,,0.0000,0.0000,0.0000
7.3178,Combined,0.0000,1.6807,-3.1490,-0.0713,0.1376,0.9879,,0.0000,0.0000,0.0000
7.3303,Left,0.4588,1.6807,-3.1159,-0.0713,0.1376,0.9879,,0.0000,0.0000,0.0000
7.3303,Right,0.0000,1.6807,-3.1490,-0.0713,0.1376,0.9879,,0.0000,0.0000,0.0000
7.3303,Combined,0.0000,1.6807,-3.1490,-0.0713,0.1376,0.9879,,0.0000,0.0000,0.0000
7.3441,Left,0.4588,1.6807,-3.1159,-0.0713,0.1376,0.9879,,0.0000,0.0000,0.0000
7.3441,Right,0.0000,1.6807,-3.1490,-0.0713,0.1376,0.9879,,0.0000,0.0000,0.0000
7.3441,Combined,0.0000,1.6807,-3.1490,-0.0713,0.1376,0.9879,,0.0000,0.0000,0.0000
7.3579,Left,0.4588,1.6807,-3.1159,-0.0713,0.1376,0.9879,,0.0000,0.0000,0.0000
7.3579,Right,0.0000,1.6807,-3.1490,-0.0713,0.1376,0.9879,,0.0000,0.0000,0.0000
7.3579,Combined,0.0000,1.6807,-3.1490,-0.0713,0.1376,0.9879,,0.0000,0.0000,0.0000
7.3706,Left,0.4588,1.6807,-3.1159,-0.0713,0.1376,0.9879,,0.0000,0.0000,0.0000
7.3706,Right,0.0000,1.6807,-3.1490,-0.0713,0.1376,0.9879,,0.0000,0.0000,0.0000
7.3706,Combined,0.0000,1.6807,-3.1490,-0.0713,0.1376,0.9879,,0.0000,0.0000,0.0000
7.3911,Left,0.4588,1.6807,-3.1159,-0.0713,0.1376,0.9879,,0.0000,0.0000,0.0000
7.3911,Right,0.0000,1.6807,-3.1490,-0.0713,0.1376,0.9879,,0.0000,0.0000,0.0000
7.3911,Combined,0.0000,1.6807,-3.1490,-0.0713,0.1376,0.9879,,0.0000,0.0000,0.0000
7.4094,Left,0.4588,1.6807,-3.1159,-0.0713,0.1376,0.9879,,0.0000,0.0000,0.0000
7.4094,Right,0.0000,1.6807,-3.1490,-0.0713,0.1376,0.9879,,0.0000,0.0000,0.0000
7.4094,Combined,0.0000,1.6807,-3.1490,-0.0713,0.1376,0.9879,,0.0000,0.0000,0.0000
7.4224,Left,0.4588,1.6807,-3.1159,-0.0713,0.1376,0.9879,,0.0000,0.0000,0.0000
7.4224,Right,0.0000,1.6807,-3.1490,-0.0713,0.1376,0.9879,,0.0000,0.0000,0.0000
7.4224,Combined,0.0000,1.6807,-3.1490,-0.0713,0.1376,0.9879,,0.0000,0.0000,0.0000
7.4346,Left,0.4588,1.6807,-3.1159,-0.0713,0.1376,0.9879,,0.0000,0.0000,0.0000
7.4346,Right,0.0000,1.6807,-3.1490,-0.0713,0.1376,0.9879,,0.0000,0.0000,0.0000
7.4346,Combined,0.0000,1.6807,-3.1490,-0.0713,0.1376,0.9879,,0.0000,0.0000,0.0000
7.4464,Left,0.4588,1.6807,-3.1159,-0.0713,0.1376,0.9879,,0.0000,0.0000,0.0000
7.4464,Right,0.0000,1.6807,-3.1490,-0.0713,0.1376,0.9879,,0.0000,0.0000,0.0000
7.4464,Combined,0.0000,1.6807,-3.1490,-0.0713,0.1376,0.9879,,0.0000,0.0000,0.0000
7.4594,Left,0.4588,1.6807,-3.1159,-0.0713,0.1376,0.9879,,0.0000,0.0000,0.0000
7.4594,Right,0.0000,1.6807,-3.1490,-0.0713,0.1376,0.9879,,0.0000,0.0000,0.0000
7.4594,Combined,0.0000,1.6807,-3.1490,-0.0713,0.1376,0.9879,,0.0000,0.0000,0.0000
7.4721,Left,0.4588,1.6807,-3.1159,-0.0713,0.1376,0.9879,,0.0000,0.0000,0.0000
7.4721,Right,0.0000,1.6807,-3.1490,-0.0713,0.1376,0.9879,,0.0000,0.0000,0.0000
7.4721,Combined,0.0000,1.6807,-3.1490,-0.0713,0.1376,0.9879,,0.0000,0.0000,0.0000
7.4856,Left,0.4588,1.6807,-3.1159,-0.0713,0.1376,0.9879,,0.0000,0.0000,0.0000
7.4856,Right,0.0000,1.6807,-3.1490,-0.0713,0.1376,0.9879,,0.0000,0.0000,0.0000
7.4856,Combined,0.0000,1.6807,-3.1490,-0.0713,0.1376,0.9879,,0.0000,0.0000,0.0000
7.4992,Left,0.4588,1.6807,-3.1159,-0.0713,0.1376,0.9879,,0.0000,0.0000,0.0000
7.4992,Right,0.0000,1.6807,-3.1490,-0.0713,0.1376,0.9879,,0.0000,0.0000,0.0000
7.4992,Combined,0.0000,1.6807,-3.1490,-0.0713,0.1376,0.9879,,0.0000,0.0000,0.0000
7.5110,Left,0.4588,1.6807,-3.1159,-0.0713,0.1376,0.9879,,0.0000,0.0000,0.0000
7.5110,Right,0.0000,1.6807,-3.1490,-0.0713,0.1376,0.9879,,0.0000,0.0000,0.0000
7.5110,Combined,0.0000,1.6807,-3.1490,-0.0713,0.1376,0.9879,,0.0000,0.0000,0.0000
7.5248,Left,0.4588,1.6807,-3.1159,-0.0713,0.1376,0.9879,,0.0000,0.0000,0.0000
7.5248,Right,0.0000,1.6807,-3.1490,-0.0713,0.1376,0.9879,,0.0000,0.0000,0.0000
7.5248,Combined,0.0000,1.6807,-3.1490,-0.0713,0.1376,0.9879,,0.0000,0.0000,0.0000
7.5456,Left,0.4588,1.6807,-3.1159,-0.0713,0.1376,0.9879,,0.0000,0.0000,0.0000
7.5456,Right,0.0000,1.6807,-3.1490,-0.0713,0.1376,0.9879,,0.0000,0.0000,0.0000
7.5456,Combined,0.0000,1.6807,-3.1490,-0.0713,0.1376,0.9879,,0.0000,0.0000,0.0000
7.5675,Left,0.4588,1.6807,-3.1159,-0.0713,0.1376,0.9879,,0.0000,0.0000,0.0000
7.5675,Right,0.0000,1.6807,-3.1490,-0.0713,0.1376,0.9879,,0.0000,0.0000,0.0000
7.5675,Combined,0.0000,1.6807,-3.1490,-0.0713,0.1376,0.9879,,0.0000,0.0000,0.0000
7.5802,Left,0.4588,1.6807,-3.1159,-0.0713,0.1376,0.9879,,0.0000,0.0000,0.0000
7.5802,Right,0.0000,1.6807,-3.1490,-0.0713,0.1376,0.9879,,0.0000,0.0000,0.0000
7.5802,Combined,0.0000,1.6807,-3.1490,-0.0713,0.1376,0.9879,,0.0000,0.0000,0.0000
7.5928,Left,0.4588,1.6807,-3.1159,-0.0713,0.1376,0.9879,,0.0000,0.0000,0.0000
7.5928,Right,0.0000,1.6807,-3.1490,-0.0713,0.1376,0.9879,,0.0000,0.0000,0.0000
7.5928,Combined,0.0000,1.6807,-3.1490,-0.0713,0.1376,0.9879,,0.0000,0.0000,0.0000
7.6062,Left,0.4588,1.6807,-3.1159,-0.0713,0.1376,0.9879,,0.0000,0.0000,0.0000
7.6062,Right,0.0000,1.6807,-3.1490,-0.0713,0.1376,0.9879,,0.0000,0.0000,0.0000
7.6062,Combined,0.0000,1.6807,-3.1490,-0.0713,0.1376,0.9879,,0.0000,0.0000,0.0000
7.6216,Left,0.4588,1.6807,-3.1159,-0.0713,0.1376,0.9879,,0.0000,0.0000,0.0000
7.6216,Right,0.0000,1.6807,-3.1490,-0.0713,0.1376,0.9879,,0.0000,0.0000,0.0000
7.6216,Combined,0.0000,1.6807,-3.1490,-0.0713,0.1376,0.9879,,0.0000,0.0000,0.0000
7.6350,Left,0.4588,1.6807,-3.1159,-0.0713,0.1376,0.9879,,0.0000,0.0000,0.0000
7.6350,Right,0.0000,1.6807,-3.1490,-0.0713,0.1376,0.9879,,0.0000,0.0000,0.0000
7.6350,Combined,0.0000,1.6807,-3.1490,-0.0713,0.1376,0.9879,,0.0000,0.0000,0.0000
7.6477,Left,0.4588,1.6807,-3.1159,-0.0713,0.1376,0.9879,,0.0000,0.0000,0.0000
7.6477,Right,0.0000,1.6807,-3.1490,-0.0713,0.1376,0.9879,,0.0000,0.0000,0.0000
7.6477,Combined,0.0000,1.6807,-3.1490,-0.0713,0.1376,0.9879,,0.0000,0.0000,0.0000
7.6597,Left,0.4588,1.6807,-3.1159,-0.0713,0.1376,0.9879,,0.0000,0.0000,0.0000
7.6597,Right,0.0000,1.6807,-3.1490,-0.0713,0.1376,0.9879,,0.0000,0.0000,0.0000
7.6597,Combined,0.0000,1.6807,-3.1490,-0.0713,0.1376,0.9879,,0.0000,0.0000,0.0000
7.6716,Left,0.4588,1.6807,-3.1159,-0.0713,0.1376,0.9879,,0.0000,0.0000,0.0000
7.6716,Right,0.0000,1.6807,-3.1490,-0.0713,0.1376,0.9879,,0.0000,0.0000,0.0000
7.6716,Combined,0.0000,1.6807,-3.1490,-0.0713,0.1376,0.9879,,0.0000,0.0000,0.0000
7.6852,Left,0.4588,1.6807,-3.1159,-0.0713,0.1376,0.9879,,0.0000,0.0000,0.0000
7.6852,Right,0.0000,1.6807,-3.1490,-0.0713,0.1376,0.9879,,0.0000,0.0000,0.0000
7.6852,Combined,0.0000,1.6807,-3.1490,-0.0713,0.1376,0.9879,,0.0000,0.0000,0.0000
7.7053,Left,0.4588,1.6807,-3.1159,-0.0713,0.1376,0.9879,,0.0000,0.0000,0.0000
7.7053,Right,0.0000,1.6807,-3.1490,-0.0713,0.1376,0.9879,,0.0000,0.0000,0.0000
7.7053,Combined,0.0000,1.6807,-3.1490,-0.0713,0.1376,0.9879,,0.0000,0.0000,0.0000
7.7246,Left,0.4588,1.6807,-3.1159,-0.0713,0.1376,0.9879,,0.0000,0.0000,0.0000
7.7246,Right,0.0000,1.6807,-3.1490,-0.0713,0.1376,0.9879,,0.0000,0.0000,0.0000
7.7246,Combined,0.0000,1.6807,-3.1490,-0.0713,0.1376,0.9879,,0.0000,0.0000,0.0000
7.7380,Left,0.4588,1.6807,-3.1159,-0.0713,0.1376,0.9879,,0.0000,0.0000,0.0000
7.7380,Right,0.0000,1.6807,-3.1490,-0.0713,0.1376,0.9879,,0.0000,0.0000,0.0000
7.7380,Combined,0.0000,1.6807,-3.1490,-0.0713,0.1376,0.9879,,0.0000,0.0000,0.0000
7.7516,Left,0.4588,1.6807,-3.1159,-0.0713,0.1376,0.9879,,0.0000,0.0000,0.0000
7.7516,Right,0.0000,1.6807,-3.1490,-0.0713,0.1376,0.9879,,0.0000,0.0000,0.0000
7.7516,Combined,0.0000,1.6807,-3.1490,-0.0713,0.1376,0.9879,,0.0000,0.0000,0.0000
7.7640,Left,0.4588,1.6807,-3.1159,-0.0713,0.1376,0.9879,,0.0000,0.0000,0.0000
7.7640,Right,0.0000,1.6807,-3.1490,-0.0713,0.1376,0.9879,,0.0000,0.0000,0.0000
7.7640,Combined,0.0000,1.6807,-3.1490,-0.0713,0.1376,0.9879,,0.0000,0.0000,0.0000
7.7768,Left,0.4588,1.6807,-3.1159,-0.0713,0.1376,0.9879,,0.0000,0.0000,0.0000
7.7768,Right,0.0000,1.6807,-3.1490,-0.0713,0.1376,0.9879,,0.0000,0.0000,0.0000
7.7768,Combined,0.0000,1.6807,-3.1490,-0.0713,0.1376,0.9879,,0.0000,0.0000,0.0000
7.7897,Left,0.4588,1.6807,-3.1159,-0.0713,0.1376,0.9879,,0.0000,0.0000,0.0000
7.7897,Right,0.0000,1.6807,-3.1490,-0.0713,0.1376,0.9879,,0.0000,0.0000,0.0000
7.7897,Combined,0.0000,1.6807,-3.1490,-0.0713,0.1376,0.9879,,0.0000,0.0000,0.0000
7.8024,Left,0.4588,1.6807,-3.1159,-0.0713,0.1376,0.9879,,0.0000,0.0000,0.0000
7.8024,Right,0.0000,1.6807,-3.1490,-0.0713,0.1376,0.9879,,0.0000,0.0000,0.0000
7.8024,Combined,0.0000,1.6807,-3.1490,-0.0713,0.1376,0.9879,,0.0000,0.0000,0.0000
7.8157,Left,0.4588,1.6807,-3.1159,-0.0713,0.1376,0.9879,,0.0000,0.0000,0.0000
7.8157,Right,0.0000,1.6807,-3.1490,-0.0713,0.1376,0.9879,,0.0000,0.0000,0.0000
7.8157,Combined,0.0000,1.6807,-3.1490,-0.0713,0.1376,0.9879,,0.0000,0.0000,0.0000
7.8278,Left,0.4588,1.6807,-3.1159,-0.0713,0.1376,0.9879,,0.0000,0.0000,0.0000
7.8278,Right,0.0000,1.6807,-3.1490,-0.0713,0.1376,0.9879,,0.0000,0.0000,0.0000
7.8278,Combined,0.0000,1.6807,-3.1490,-0.0713,0.1376,0.9879,,0.0000,0.0000,0.0000
7.8403,Left,0.4588,1.6807,-3.1159,-0.0713,0.1376,0.9879,,0.0000,0.0000,0.0000
7.8403,Right,0.0000,1.6807,-3.1490,-0.0713,0.1376,0.9879,,0.0000,0.0000,0.0000
7.8403,Combined,0.0000,1.6807,-3.1490,-0.0713,0.1376,0.9879,,0.0000,0.0000,0.0000
7.8586,Left,0.4588,1.6807,-3.1159,-0.0713,0.1376,0.9879,,0.0000,0.0000,0.0000
7.8586,Right,0.0000,1.6807,-3.1490,-0.0713,0.1376,0.9879,,0.0000,0.0000,0.0000
7.8586,Combined,0.0000,1.6807,-3.1490,-0.0713,0.1376,0.9879,,0.0000,0.0000,0.0000
7.8776,Left,0.4588,1.6807,-3.1159,-0.0713,0.1376,0.9879,,0.0000,0.0000,0.0000
7.8776,Right,0.0000,1.6807,-3.1490,-0.0713,0.1376,0.9879,,0.0000,0.0000,0.0000
7.8776,Combined,0.0000,1.6807,-3.1490,-0.0713,0.1376,0.9879,,0.0000,0.0000,0.0000
7.8915,Left,0.4588,1.6807,-3.1159,-0.0713,0.1376,0.9879,,0.0000,0.0000,0.0000
7.8915,Right,0.0000,1.6807,-3.1490,-0.0713,0.1376,0.9879,,0.0000,0.0000,0.0000
7.8915,Combined,0.0000,1.6807,-3.1490,-0.0713,0.1376,0.9879,,0.0000,0.0000,0.0000
7.9043,Left,0.4588,1.6807,-3.1159,-0.0713,0.1376,0.9879,,0.0000,0.0000,0.0000
7.9043,Right,0.0000,1.6807,-3.1490,-0.0713,0.1376,0.9879,,0.0000,0.0000,0.0000
7.9043,Combined,0.0000,1.6807,-3.1490,-0.0713,0.1376,0.9879,,0.0000,0.0000,0.0000
7.9174,Left,0.4588,1.6807,-3.1159,-0.0713,0.1376,0.9879,,0.0000,0.0000,0.0000
7.9174,Right,0.0000,1.6807,-3.1490,-0.0713,0.1376,0.9879,,0.0000,0.0000,0.0000
7.9174,Combined,0.0000,1.6807,-3.1490,-0.0713,0.1376,0.9879,,0.0000,0.0000,0.0000
7.9302,Left,0.4588,1.6807,-3.1159,-0.0713,0.1376,0.9879,,0.0000,0.0000,0.0000
7.9302,Right,0.0000,1.6807,-3.1490,-0.0713,0.1376,0.9879,,0.0000,0.0000,0.0000
7.9302,Combined,0.0000,1.6807,-3.1490,-0.0713,0.1376,0.9879,,0.0000,0.0000,0.0000
7.9443,Left,0.4588,1.6807,-3.1159,-0.0713,0.1376,0.9879,,0.0000,0.0000,0.0000
7.9443,Right,0.0000,1.6807,-3.1490,-0.0713,0.1376,0.9879,,0.0000,0.0000,0.0000
7.9443,Combined,0.0000,1.6807,-3.1490,-0.0713,0.1376,0.9879,,0.0000,0.0000,0.0000
7.9579,Left,0.4588,1.6807,-3.1159,-0.0713,0.1376,0.9879,,0.0000,0.0000,0.0000
7.9579,Right,0.0000,1.6807,-3.1490,-0.0713,0.1376,0.9879,,0.0000,0.0000,0.0000
7.9579,Combined,0.0000,1.6807,-3.1490,-0.0713,0.1376,0.9879,,0.0000,0.0000,0.0000
7.9711,Left,0.4588,1.6807,-3.1159,-0.0713,0.1376,0.9879,,0.0000,0.0000,0.0000
7.9711,Right,0.0000,1.6807,-3.1490,-0.0713,0.1376,0.9879,,0.0000,0.0000,0.0000
7.9711,Combined,0.0000,1.6807,-3.1490,-0.0713,0.1376,0.9879,,0.0000,0.0000,0.0000
7.9839,Left,0.4588,1.6807,-3.1159,-0.0713,0.1376,0.9879,,0.0000,0.0000,0.0000
7.9839,Right,0.0000,1.6807,-3.1490,-0.0713,0.1376,0.9879,,0.0000,0.0000,0.0000
7.9839,Combined,0.0000,1.6807,-3.1490,-0.0713,0.1376,0.9879,,0.0000,0.0000,0.0000
7.9964,Left,0.4588,1.6807,-3.1159,-0.0713,0.1376,0.9879,,0.0000,0.0000,0.0000
7.9964,Right,0.0000,1.6807,-3.1490,-0.0713,0.1376,0.9879,,0.0000,0.0000,0.0000
7.9964,Combined,0.0000,1.6807,-3.1490,-0.0713,0.1376,0.9879,,0.0000,0.0000,0.0000
8.0144,Left,0.4588,1.6807,-3.1159,-0.0713,0.1376,0.9879,,0.0000,0.0000,0.0000
8.0144,Right,0.0000,1.6807,-3.1490,-0.0713,0.1376,0.9879,,0.0000,0.0000,0.0000
8.0144,Combined,0.0000,1.6807,-3.1490,-0.0713,0.1376,0.9879,,0.0000,0.0000,0.0000
8.0321,Left,0.4588,1.6807,-3.1159,-0.0713,0.1376,0.9879,,0.0000,0.0000,0.0000
8.0321,Right,0.0000,1.6807,-3.1490,-0.0713,0.1376,0.9879,,0.0000,0.0000,0.0000
8.0321,Combined,0.0000,1.6807,-3.1490,-0.0713,0.1376,0.9879,,0.0000,0.0000,0.0000
8.0453,Left,0.4588,1.6807,-3.1159,-0.0713,0.1376,0.9879,,0.0000,0.0000,0.0000
8.0453,Right,0.0000,1.6807,-3.1490,-0.0713,0.1376,0.9879,,0.0000,0.0000,0.0000
8.0453,Combined,0.0000,1.6807,-3.1490,-0.0713,0.1376,0.9879,,0.0000,0.0000,0.0000
8.0594,Left,0.4588,1.6807,-3.1159,-0.0713,0.1376,0.9879,,0.0000,0.0000,0.0000
8.0594,Right,0.0000,1.6807,-3.1490,-0.0713,0.1376,0.9879,,0.0000,0.0000,0.0000
8.0594,Combined,0.0000,1.6807,-3.1490,-0.0713,0.1376,0.9879,,0.0000,0.0000,0.0000
8.0727,Left,0.4588,1.6807,-3.1159,-0.0713,0.1376,0.9879,,0.0000,0.0000,0.0000
8.0727,Right,0.0000,1.6807,-3.1490,-0.0713,0.1376,0.9879,,0.0000,0.0000,0.0000
8.0727,Combined,0.0000,1.6807,-3.1490,-0.0713,0.1376,0.9879,,0.0000,0.0000,0.0000
8.0857,Left,0.4588,1.6807,-3.1159,-0.0713,0.1376,0.9879,,0.0000,0.0000,0.0000
8.0857,Right,0.0000,1.6807,-3.1490,-0.0713,0.1376,0.9879,,0.0000,0.0000,0.0000
8.0857,Combined,0.0000,1.6807,-3.1490,-0.0713,0.1376,0.9879,,0.0000,0.0000,0.0000
8.0987,Left,0.4588,1.6807,-3.1159,-0.0713,0.1376,0.9879,,0.0000,0.0000,0.0000
8.0987,Right,0.0000,1.6807,-3.1490,-0.0713,0.1376,0.9879,,0.0000,0.0000,0.0000
8.0987,Combined,0.0000,1.6807,-3.1490,-0.0713,0.1376,0.9879,,0.0000,0.0000,0.0000
8.1110,Left,0.4588,1.6807,-3.1159,-0.0713,0.1376,0.9879,,0.0000,0.0000,0.0000
8.1110,Right,0.0000,1.6807,-3.1490,-0.0713,0.1376,0.9879,,0.0000,0.0000,0.0000
8.1110,Combined,0.0000,1.6807,-3.1490,-0.0713,0.1376,0.9879,,0.0000,0.0000,0.0000
8.1242,Left,0.4588,1.6807,-3.1159,-0.0713,0.1376,0.9879,,0.0000,0.0000,0.0000
8.1242,Right,0.0000,1.6807,-3.1490,-0.0713,0.1376,0.9879,,0.0000,0.0000,0.0000
8.1242,Combined,0.0000,1.6807,-3.1490,-0.0713,0.1376,0.9879,,0.0000,0.0000,0.0000
8.1374,Left,0.4588,1.6807,-3.1159,-0.0713,0.1376,0.9879,,0.0000,0.0000,0.0000
8.1374,Right,0.0000,1.6807,-3.1490,-0.0713,0.1376,0.9879,,0.0000,0.0000,0.0000
8.1374,Combined,0.0000,1.6807,-3.1490,-0.0713,0.1376,0.9879,,0.0000,0.0000,0.0000
8.1498,Left,0.4588,1.6807,-3.1159,-0.0713,0.1376,0.9879,,0.0000,0.0000,0.0000
8.1498,Right,0.0000,1.6807,-3.1490,-0.0713,0.1376,0.9879,,0.0000,0.0000,0.0000
8.1498,Combined,0.0000,1.6807,-3.1490,-0.0713,0.1376,0.9879,,0.0000,0.0000,0.0000
8.1684,Left,0.4588,1.6807,-3.1159,-0.0713,0.1376,0.9879,,0.0000,0.0000,0.0000
8.1684,Right,0.0000,1.6807,-3.1490,-0.0713,0.1376,0.9879,,0.0000,0.0000,0.0000
8.1684,Combined,0.0000,1.6807,-3.1490,-0.0713,0.1376,0.9879,,0.0000,0.0000,0.0000
8.1873,Left,0.4588,1.6807,-3.1159,-0.0713,0.1376,0.9879,,0.0000,0.0000,0.0000
8.1873,Right,0.0000,1.6807,-3.1490,-0.0713,0.1376,0.9879,,0.0000,0.0000,0.0000
8.1873,Combined,0.0000,1.6807,-3.1490,-0.0713,0.1376,0.9879,,0.0000,0.0000,0.0000
8.2003,Left,0.4588,1.6807,-3.1159,-0.0713,0.1376,0.9879,,0.0000,0.0000,0.0000
8.2003,Right,0.0000,1.6807,-3.1490,-0.0713,0.1376,0.9879,,0.0000,0.0000,0.0000
8.2003,Combined,0.0000,1.6807,-3.1490,-0.0713,0.1376,0.9879,,0.0000,0.0000,0.0000
8.2130,Left,0.4588,1.6807,-3.1159,-0.0713,0.1376,0.9879,,0.0000,0.0000,0.0000
8.2130,Right,0.0000,1.6807,-3.1490,-0.0713,0.1376,0.9879,,0.0000,0.0000,0.0000
8.2130,Combined,0.0000,1.6807,-3.1490,-0.0713,0.1376,0.9879,,0.0000,0.0000,0.0000
8.2272,Left,0.4588,1.6807,-3.1159,-0.0713,0.1376,0.9879,,0.0000,0.0000,0.0000
8.2272,Right,0.0000,1.6807,-3.1490,-0.0713,0.1376,0.9879,,0.0000,0.0000,0.0000
8.2272,Combined,0.0000,1.6807,-3.1490,-0.0713,0.1376,0.9879,,0.0000,0.0000,0.0000
8.2409,Left,0.4588,1.6807,-3.1159,-0.0713,0.1376,0.9879,,0.0000,0.0000,0.0000
8.2409,Right,0.0000,1.6807,-3.1490,-0.0713,0.1376,0.9879,,0.0000,0.0000,0.0000
8.2409,Combined,0.0000,1.6807,-3.1490,-0.0713,0.1376,0.9879,,0.0000,0.0000,0.0000
8.2538,Left,0.4588,1.6807,-3.1159,-0.0713,0.1376,0.9879,,0.0000,0.0000,0.0000
8.2538,Right,0.0000,1.6807,-3.1490,-0.0713,0.1376,0.9879,,0.0000,0.0000,0.0000
8.2538,Combined,0.0000,1.6807,-3.1490,-0.0713,0.1376,0.9879,,0.0000,0.0000,0.0000
8.2658,Left,0.4588,1.6807,-3.1159,-0.0713,0.1376,0.9879,,0.0000,0.0000,0.0000
8.2658,Right,0.0000,1.6807,-3.1490,-0.0713,0.1376,0.9879,,0.0000,0.0000,0.0000
8.2658,Combined,0.0000,1.6807,-3.1490,-0.0713,0.1376,0.9879,,0.0000,0.0000,0.0000
8.2779,Left,0.4588,1.6807,-3.1159,-0.0713,0.1376,0.9879,,0.0000,0.0000,0.0000
8.2779,Right,0.0000,1.6807,-3.1490,-0.0713,0.1376,0.9879,,0.0000,0.0000,0.0000
8.2779,Combined,0.0000,1.6807,-3.1490,-0.0713,0.1376,0.9879,,0.0000,0.0000,0.0000
8.2902,Left,0.4588,1.6807,-3.1159,-0.0713,0.1376,0.9879,,0.0000,0.0000,0.0000
8.2902,Right,0.0000,1.6807,-3.1490,-0.0713,0.1376,0.9879,,0.0000,0.0000,0.0000
8.2902,Combined,0.0000,1.6807,-3.1490,-0.0713,0.1376,0.9879,,0.0000,0.0000,0.0000
8.3041,Left,0.4588,1.6807,-3.1159,-0.0713,0.1376,0.9879,,0.0000,0.0000,0.0000
8.3041,Right,0.0000,1.6807,-3.1490,-0.0713,0.1376,0.9879,,0.0000,0.0000,0.0000
8.3041,Combined,0.0000,1.6807,-3.1490,-0.0713,0.1376,0.9879,,0.0000,0.0000,0.0000
8.3234,Left,0.4588,1.6807,-3.1159,-0.0713,0.1376,0.9879,,0.0000,0.0000,0.0000
8.3234,Right,0.0000,1.6807,-3.1490,-0.0713,0.1376,0.9879,,0.0000,0.0000,0.0000
8.3234,Combined,0.0000,1.6807,-3.1490,-0.0713,0.1376,0.9879,,0.0000,0.0000,0.0000
8.3412,Left,0.4588,1.6807,-3.1159,-0.0713,0.1376,0.9879,,0.0000,0.0000,0.0000
8.3412,Right,0.0000,1.6807,-3.1490,-0.0713,0.1376,0.9879,,0.0000,0.0000,0.0000
8.3412,Combined,0.0000,1.6807,-3.1490,-0.0713,0.1376,0.9879,,0.0000,0.0000,0.0000
8.3541,Left,0.4588,1.6807,-3.1159,-0.0713,0.1376,0.9879,,0.0000,0.0000,0.0000
8.3541,Right,0.0000,1.6807,-3.1490,-0.0713,0.1376,0.9879,,0.0000,0.0000,0.0000
8.3541,Combined,0.0000,1.6807,-3.1490,-0.0713,0.1376,0.9879,,0.0000,0.0000,0.0000
8.3660,Left,0.4588,1.6807,-3.1159,-0.0713,0.1376,0.9879,,0.0000,0.0000,0.0000
8.3660,Right,0.0000,1.6807,-3.1490,-0.0713,0.1376,0.9879,,0.0000,0.0000,0.0000
8.3660,Combined,0.0000,1.6807,-3.1490,-0.0713,0.1376,0.9879,,0.0000,0.0000,0.0000
8.3784,Left,0.4588,1.6807,-3.1159,-0.0713,0.1376,0.9879,,0.0000,0.0000,0.0000
8.3784,Right,0.0000,1.6807,-3.1490,-0.0713,0.1376,0.9879,,0.0000,0.0000,0.0000
8.3784,Combined,0.0000,1.6807,-3.1490,-0.0713,0.1376,0.9879,,0.0000,0.0000,0.0000
8.3908,Left,0.4588,1.6807,-3.1159,-0.0713,0.1376,0.9879,,0.0000,0.0000,0.0000
8.3908,Right,0.0000,1.6807,-3.1490,-0.0713,0.1376,0.9879,,0.0000,0.0000,0.0000
8.3908,Combined,0.0000,1.6807,-3.1490,-0.0713,0.1376,0.9879,,0.0000,0.0000,0.0000
8.4046,Left,0.4588,1.6807,-3.1159,-0.0713,0.1376,0.9879,,0.0000,0.0000,0.0000
8.4046,Right,0.0000,1.6807,-3.1490,-0.0713,0.1376,0.9879,,0.0000,0.0000,0.0000
8.4046,Combined,0.0000,1.6807,-3.1490,-0.0713,0.1376,0.9879,,0.0000,0.0000,0.0000
8.4176,Left,0.4588,1.6807,-3.1159,-0.0713,0.1376,0.9879,,0.0000,0.0000,0.0000
8.4176,Right,0.0000,1.6807,-3.1490,-0.0713,0.1376,0.9879,,0.0000,0.0000,0.0000
8.4176,Combined,0.0000,1.6807,-3.1490,-0.0713,0.1376,0.9879,,0.0000,0.0000,0.0000
8.4313,Left,0.4588,1.6807,-3.1159,-0.0713,0.1376,0.9879,,0.0000,0.0000,0.0000
8.4313,Right,0.0000,1.6807,-3.1490,-0.0713,0.1376,0.9879,,0.0000,0.0000,0.0000
8.4313,Combined,0.0000,1.6807,-3.1490,-0.0713,0.1376,0.9879,,0.0000,0.0000,0.0000
8.4446,Left,0.4588,1.6807,-3.1159,-0.0713,0.1376,0.9879,,0.0000,0.0000,0.0000
8.4446,Right,0.0000,1.6807,-3.1490,-0.0713,0.1376,0.9879,,0.0000,0.0000,0.0000
8.4446,Combined,0.0000,1.6807,-3.1490,-0.0713,0.1376,0.9879,,0.0000,0.0000,0.0000
8.4573,Left,0.4588,1.6807,-3.1159,-0.0713,0.1376,0.9879,,0.0000,0.0000,0.0000
8.4573,Right,0.0000,1.6807,-3.1490,-0.0713,0.1376,0.9879,,0.0000,0.0000,0.0000
8.4573,Combined,0.0000,1.6807,-3.1490,-0.0713,0.1376,0.9879,,0.0000,0.0000,0.0000
8.4763,Left,0.4588,1.6807,-3.1159,-0.0713,0.1376,0.9879,,0.0000,0.0000,0.0000
8.4763,Right,0.0000,1.6807,-3.1490,-0.0713,0.1376,0.9879,,0.0000,0.0000,0.0000
8.4763,Combined,0.0000,1.6807,-3.1490,-0.0713,0.1376,0.9879,,0.0000,0.0000,0.0000
8.4944,Left,0.4588,1.6807,-3.1159,-0.0713,0.1376,0.9879,,0.0000,0.0000,0.0000
8.4944,Right,0.0000,1.6807,-3.1490,-0.0713,0.1376,0.9879,,0.0000,0.0000,0.0000
8.4944,Combined,0.0000,1.6807,-3.1490,-0.0713,0.1376,0.9879,,0.0000,0.0000,0.0000
8.5065,Left,0.4588,1.6807,-3.1159,-0.0713,0.1376,0.9879,,0.0000,0.0000,0.0000
8.5065,Right,0.0000,1.6807,-3.1490,-0.0713,0.1376,0.9879,,0.0000,0.0000,0.0000
8.5065,Combined,0.0000,1.6807,-3.1490,-0.0713,0.1376,0.9879,,0.0000,0.0000,0.0000
8.5202,Left,0.4588,1.6807,-3.1159,-0.0713,0.1376,0.9879,,0.0000,0.0000,0.0000
8.5202,Right,0.0000,1.6807,-3.1490,-0.0713,0.1376,0.9879,,0.0000,0.0000,0.0000
8.5202,Combined,0.0000,1.6807,-3.1490,-0.0713,0.1376,0.9879,,0.0000,0.0000,0.0000
8.5323,Left,0.4588,1.6807,-3.1159,-0.0713,0.1376,0.9879,,0.0000,0.0000,0.0000
8.5323,Right,0.0000,1.6807,-3.1490,-0.0713,0.1376,0.9879,,0.0000,0.0000,0.0000
8.5323,Combined,0.0000,1.6807,-3.1490,-0.0713,0.1376,0.9879,,0.0000,0.0000,0.0000
8.5442,Left,0.4588,1.6807,-3.1159,-0.0713,0.1376,0.9879,,0.0000,0.0000,0.0000
8.5442,Right,0.0000,1.6807,-3.1490,-0.0713,0.1376,0.9879,,0.0000,0.0000,0.0000
8.5442,Combined,0.0000,1.6807,-3.1490,-0.0713,0.1376,0.9879,,0.0000,0.0000,0.0000
8.5577,Left,0.4588,1.6807,-3.1159,-0.0713,0.1376,0.9879,,0.0000,0.0000,0.0000
8.5577,Right,0.0000,1.6807,-3.1490,-0.0713,0.1376,0.9879,,0.0000,0.0000,0.0000
8.5577,Combined,0.0000,1.6807,-3.1490,-0.0713,0.1376,0.9879,,0.0000,0.0000,0.0000
8.5710,Left,0.4588,1.6807,-3.1159,-0.0713,0.1376,0.9879,,0.0000,0.0000,0.0000
8.5710,Right,0.0000,1.6807,-3.1490,-0.0713,0.1376,0.9879,,0.0000,0.0000,0.0000
8.5710,Combined,0.0000,1.6807,-3.1490,-0.0713,0.1376,0.9879,,0.0000,0.0000,0.0000
8.5838,Left,0.4588,1.6807,-3.1159,-0.0713,0.1376,0.9879,,0.0000,0.0000,0.0000
8.5838,Right,0.0000,1.6807,-3.1490,-0.0713,0.1376,0.9879,,0.0000,0.0000,0.0000
8.5838,Combined,0.0000,1.6807,-3.1490,-0.0713,0.1376,0.9879,,0.0000,0.0000,0.0000
8.5967,Left,0.4588,1.6807,-3.1159,-0.0713,0.1376,0.9879,,0.0000,0.0000,0.0000
8.5967,Right,0.0000,1.6807,-3.1490,-0.0713,0.1376,0.9879,,0.0000,0.0000,0.0000
8.5967,Combined,0.0000,1.6807,-3.1490,-0.0713,0.1376,0.9879,,0.0000,0.0000,0.0000
8.6093,Left,0.4588,1.6807,-3.1159,-0.0713,0.1376,0.9879,,0.0000,0.0000,0.0000
8.6093,Right,0.0000,1.6807,-3.1490,-0.0713,0.1376,0.9879,,0.0000,0.0000,0.0000
8.6093,Combined,0.0000,1.6807,-3.1490,-0.0713,0.1376,0.9879,,0.0000,0.0000,0.0000
8.6293,Left,0.4588,1.6807,-3.1159,-0.0713,0.1376,0.9879,,0.0000,0.0000,0.0000
8.6293,Right,0.0000,1.6807,-3.1490,-0.0713,0.1376,0.9879,,0.0000,0.0000,0.0000
8.6293,Combined,0.0000,1.6807,-3.1490,-0.0713,0.1376,0.9879,,0.0000,0.0000,0.0000
8.6496,Left,0.4588,1.6807,-3.1159,-0.0713,0.1376,0.9879,,0.0000,0.0000,0.0000
8.6496,Right,0.0000,1.6807,-3.1490,-0.0713,0.1376,0.9879,,0.0000,0.0000,0.0000
8.6496,Combined,0.0000,1.6807,-3.1490,-0.0713,0.1376,0.9879,,0.0000,0.0000,0.0000
8.6637,Left,0.4588,1.6807,-3.1159,-0.0713,0.1376,0.9879,,0.0000,0.0000,0.0000
8.6637,Right,0.0000,1.6807,-3.1490,-0.0713,0.1376,0.9879,,0.0000,0.0000,0.0000
8.6637,Combined,0.0000,1.6807,-3.1490,-0.0713,0.1376,0.9879,,0.0000,0.0000,0.0000
8.6761,Left,0.4588,1.6807,-3.1159,-0.0713,0.1376,0.9879,,0.0000,0.0000,0.0000
8.6761,Right,0.0000,1.6807,-3.1490,-0.0713,0.1376,0.9879,,0.0000,0.0000,0.0000
8.6761,Combined,0.0000,1.6807,-3.1490,-0.0713,0.1376,0.9879,,0.0000,0.0000,0.0000
8.6880,Left,0.4588,1.6807,-3.1159,-0.0713,0.1376,0.9879,,0.0000,0.0000,0.0000
8.6880,Right,0.0000,1.6807,-3.1490,-0.0713,0.1376,0.9879,,0.0000,0.0000,0.0000
8.6880,Combined,0.0000,1.6807,-3.1490,-0.0713,0.1376,0.9879,,0.0000,0.0000,0.0000
8.7011,Left,0.4588,1.6807,-3.1159,-0.0713,0.1376,0.9879,,0.0000,0.0000,0.0000
8.7011,Right,0.0000,1.6807,-3.1490,-0.0713,0.1376,0.9879,,0.0000,0.0000,0.0000
8.7011,Combined,0.0000,1.6807,-3.1490,-0.0713,0.1376,0.9879,,0.0000,0.0000,0.0000
8.7149,Left,0.4588,1.6807,-3.1159,-0.0713,0.1376,0.9879,,0.0000,0.0000,0.0000
8.7149,Right,0.0000,1.6807,-3.1490,-0.0713,0.1376,0.9879,,0.0000,0.0000,0.0000
8.7149,Combined,0.0000,1.6807,-3.1490,-0.0713,0.1376,0.9879,,0.0000,0.0000,0.0000
8.7268,Left,0.4588,1.6807,-3.1159,-0.0713,0.1376,0.9879,,0.0000,0.0000,0.0000
8.7268,Right,0.0000,1.6807,-3.1490,-0.0713,0.1376,0.9879,,0.0000,0.0000,0.0000
8.7268,Combined,0.0000,1.6807,-3.1490,-0.0713,0.1376,0.9879,,0.0000,0.0000,0.0000
8.7392,Left,0.4588,1.6807,-3.1159,-0.0713,0.1376,0.9879,,0.0000,0.0000,0.0000
8.7392,Right,0.0000,1.6807,-3.1490,-0.0713,0.1376,0.9879,,0.0000,0.0000,0.0000
8.7392,Combined,0.0000,1.6807,-3.1490,-0.0713,0.1376,0.9879,,0.0000,0.0000,0.0000
8.7521,Left,0.4588,1.6807,-3.1159,-0.0713,0.1376,0.9879,,0.0000,0.0000,0.0000
8.7521,Right,0.0000,1.6807,-3.1490,-0.0713,0.1376,0.9879,,0.0000,0.0000,0.0000
8.7521,Combined,0.0000,1.6807,-3.1490,-0.0713,0.1376,0.9879,,0.0000,0.0000,0.0000
8.7658,Left,0.4588,1.6807,-3.1159,-0.0713,0.1376,0.9879,,0.0000,0.0000,0.0000
8.7658,Right,0.0000,1.6807,-3.1490,-0.0713,0.1376,0.9879,,0.0000,0.0000,0.0000
8.7658,Combined,0.0000,1.6807,-3.1490,-0.0713,0.1376,0.9879,,0.0000,0.0000,0.0000
8.7849,Left,0.4588,1.6807,-3.1159,-0.0713,0.1376,0.9879,,0.0000,0.0000,0.0000
8.7849,Right,0.0000,1.6807,-3.1490,-0.0713,0.1376,0.9879,,0.0000,0.0000,0.0000
8.7849,Combined,0.0000,1.6807,-3.1490,-0.0713,0.1376,0.9879,,0.0000,0.0000,0.0000
8.8043,Left,0.4588,1.6807,-3.1159,-0.0713,0.1376,0.9879,,0.0000,0.0000,0.0000
8.8043,Right,0.0000,1.6807,-3.1490,-0.0713,0.1376,0.9879,,0.0000,0.0000,0.0000
8.8043,Combined,0.0000,1.6807,-3.1490,-0.0713,0.1376,0.9879,,0.0000,0.0000,0.0000
8.8187,Left,0.4588,1.6807,-3.1159,-0.0713,0.1376,0.9879,,0.0000,0.0000,0.0000
8.8187,Right,0.0000,1.6807,-3.1490,-0.0713,0.1376,0.9879,,0.0000,0.0000,0.0000
8.8187,Combined,0.0000,1.6807,-3.1490,-0.0713,0.1376,0.9879,,0.0000,0.0000,0.0000
8.8317,Left,0.4588,1.6807,-3.1159,-0.0713,0.1376,0.9879,,0.0000,0.0000,0.0000
8.8317,Right,0.0000,1.6807,-3.1490,-0.0713,0.1376,0.9879,,0.0000,0.0000,0.0000
8.8317,Combined,0.0000,1.6807,-3.1490,-0.0713,0.1376,0.9879,,0.0000,0.0000,0.0000
8.8444,Left,0.4588,1.6807,-3.1159,-0.0713,0.1376,0.9879,,0.0000,0.0000,0.0000
8.8444,Right,0.0000,1.6807,-3.1490,-0.0713,0.1376,0.9879,,0.0000,0.0000,0.0000
8.8444,Combined,0.0000,1.6807,-3.1490,-0.0713,0.1376,0.9879,,0.0000,0.0000,0.0000
8.8576,Left,0.4588,1.6807,-3.1159,-0.0713,0.1376,0.9879,,0.0000,0.0000,0.0000
8.8576,Right,0.0000,1.6807,-3.1490,-0.0713,0.1376,0.9879,,0.0000,0.0000,0.0000
8.8576,Combined,0.0000,1.6807,-3.1490,-0.0713,0.1376,0.9879,,0.0000,0.0000,0.0000
8.8704,Left,0.4588,1.6807,-3.1159,-0.0713,0.1376,0.9879,,0.0000,0.0000,0.0000
8.8704,Right,0.0000,1.6807,-3.1490,-0.0713,0.1376,0.9879,,0.0000,0.0000,0.0000
8.8704,Combined,0.0000,1.6807,-3.1490,-0.0713,0.1376,0.9879,,0.0000,0.0000,0.0000
8.8831,Left,0.4588,1.6807,-3.1159,-0.0713,0.1376,0.9879,,0.0000,0.0000,0.0000
8.8831,Right,0.0000,1.6807,-3.1490,-0.0713,0.1376,0.9879,,0.0000,0.0000,0.0000
8.8831,Combined,0.0000,1.6807,-3.1490,-0.0713,0.1376,0.9879,,0.0000,0.0000,0.0000
8.8953,Left,0.4588,1.6807,-3.1159,-0.0713,0.1376,0.9879,,0.0000,0.0000,0.0000
8.8953,Right,0.0000,1.6807,-3.1490,-0.0713,0.1376,0.9879,,0.0000,0.0000,0.0000
8.8953,Combined,0.0000,1.6807,-3.1490,-0.0713,0.1376,0.9879,,0.0000,0.0000,0.0000
8.9077,Left,0.4588,1.6807,-3.1159,-0.0713,0.1376,0.9879,,0.0000,0.0000,0.0000
8.9077,Right,0.0000,1.6807,-3.1490,-0.0713,0.1376,0.9879,,0.0000,0.0000,0.0000
8.9077,Combined,0.0000,1.6807,-3.1490,-0.0713,0.1376,0.9879,,0.0000,0.0000,0.0000
8.9208,Left,0.4588,1.6807,-3.1159,-0.0713,0.1376,0.9879,,0.0000,0.0000,0.0000
8.9208,Right,0.0000,1.6807,-3.1490,-0.0713,0.1376,0.9879,,0.0000,0.0000,0.0000
8.9208,Combined,0.0000,1.6807,-3.1490,-0.0713,0.1376,0.9879,,0.0000,0.0000,0.0000
8.9397,Left,0.4588,1.6807,-3.1159,-0.0713,0.1376,0.9879,,0.0000,0.0000,0.0000
8.9397,Right,0.0000,1.6807,-3.1490,-0.0713,0.1376,0.9879,,0.0000,0.0000,0.0000
8.9397,Combined,0.0000,1.6807,-3.1490,-0.0713,0.1376,0.9879,,0.0000,0.0000,0.0000
8.9579,Left,0.4588,1.6807,-3.1159,-0.0713,0.1376,0.9879,,0.0000,0.0000,0.0000
8.9579,Right,0.0000,1.6807,-3.1490,-0.0713,0.1376,0.9879,,0.0000,0.0000,0.0000
8.9579,Combined,0.0000,1.6807,-3.1490,-0.0713,0.1376,0.9879,,0.0000,0.0000,0.0000
8.9706,Left,0.4588,1.6807,-3.1159,-0.0713,0.1376,0.9879,,0.0000,0.0000,0.0000
8.9706,Right,0.0000,1.6807,-3.1490,-0.0713,0.1376,0.9879,,0.0000,0.0000,0.0000
8.9706,Combined,0.0000,1.6807,-3.1490,-0.0713,0.1376,0.9879,,0.0000,0.0000,0.0000
8.9835,Left,0.4588,1.6807,-3.1159,-0.0713,0.1376,0.9879,,0.0000,0.0000,0.0000
8.9835,Right,0.0000,1.6807,-3.1490,-0.0713,0.1376,0.9879,,0.0000,0.0000,0.0000
8.9835,Combined,0.0000,1.6807,-3.1490,-0.0713,0.1376,0.9879,,0.0000,0.0000,0.0000
8.9957,Left,0.4588,1.6807,-3.1159,-0.0713,0.1376,0.9879,,0.0000,0.0000,0.0000
8.9957,Right,0.0000,1.6807,-3.1490,-0.0713,0.1376,0.9879,,0.0000,0.0000,0.0000
8.9957,Combined,0.0000,1.6807,-3.1490,-0.0713,0.1376,0.9879,,0.0000,0.0000,0.0000
9.0079,Left,0.4588,1.6807,-3.1159,-0.0713,0.1376,0.9879,,0.0000,0.0000,0.0000
9.0079,Right,0.0000,1.6807,-3.1490,-0.0713,0.1376,0.9879,,0.0000,0.0000,0.0000
9.0079,Combined,0.0000,1.6807,-3.1490,-0.0713,0.1376,0.9879,,0.0000,0.0000,0.0000
9.0206,Left,0.4588,1.6807,-3.1159,-0.0713,0.1376,0.9879,,0.0000,0.0000,0.0000
9.0206,Right,0.0000,1.6807,-3.1490,-0.0713,0.1376,0.9879,,0.0000,0.0000,0.0000
9.0206,Combined,0.0000,1.6807,-3.1490,-0.0713,0.1376,0.9879,,0.0000,0.0000,0.0000
9.0338,Left,0.4588,1.6807,-3.1159,-0.0713,0.1376,0.9879,,0.0000,0.0000,0.0000
9.0338,Right,0.0000,1.6807,-3.1490,-0.0713,0.1376,0.9879,,0.0000,0.0000,0.0000
9.0338,Combined,0.0000,1.6807,-3.1490,-0.0713,0.1376,0.9879,,0.0000,0.0000,0.0000
9.0457,Left,0.4588,1.6807,-3.1159,-0.0713,0.1376,0.9879,,0.0000,0.0000,0.0000
9.0457,Right,0.0000,1.6807,-3.1490,-0.0713,0.1376,0.9879,,0.0000,0.0000,0.0000
9.0457,Combined,0.0000,1.6807,-3.1490,-0.0713,0.1376,0.9879,,0.0000,0.0000,0.0000
9.0583,Left,0.4588,1.6807,-3.1159,-0.0713,0.1376,0.9879,,0.0000,0.0000,0.0000
9.0583,Right,0.0000,1.6807,-3.1490,-0.0713,0.1376,0.9879,,0.0000,0.0000,0.0000
9.0583,Combined,0.0000,1.6807,-3.1490,-0.0713,0.1376,0.9879,,0.0000,0.0000,0.0000
9.0714,Left,0.4588,1.6807,-3.1159,-0.0713,0.1376,0.9879,,0.0000,0.0000,0.0000
9.0714,Right,0.0000,1.6807,-3.1490,-0.0713,0.1376,0.9879,,0.0000,0.0000,0.0000
9.0714,Combined,0.0000,1.6807,-3.1490,-0.0713,0.1376,0.9879,,0.0000,0.0000,0.0000
9.0908,Left,0.4588,1.6807,-3.1159,-0.0713,0.1376,0.9879,,0.0000,0.0000,0.0000
9.0908,Right,0.0000,1.6807,-3.1490,-0.0713,0.1376,0.9879,,0.0000,0.0000,0.0000
9.0908,Combined,0.0000,1.6807,-3.1490,-0.0713,0.1376,0.9879,,0.0000,0.0000,0.0000
9.1093,Left,0.4588,1.6807,-3.1159,-0.0713,0.1376,0.9879,,0.0000,0.0000,0.0000
9.1093,Right,0.0000,1.6807,-3.1490,-0.0713,0.1376,0.9879,,0.0000,0.0000,0.0000
9.1093,Combined,0.0000,1.6807,-3.1490,-0.0713,0.1376,0.9879,,0.0000,0.0000,0.0000
9.1227,Left,0.4588,1.6807,-3.1159,-0.0713,0.1376,0.9879,,0.0000,0.0000,0.0000
9.1227,Right,0.0000,1.6807,-3.1490,-0.0713,0.1376,0.9879,,0.0000,0.0000,0.0000
9.1227,Combined,0.0000,1.6807,-3.1490,-0.0713,0.1376,0.9879,,0.0000,0.0000,0.0000
9.1357,Left,0.4588,1.6807,-3.1159,-0.0713,0.1376,0.9879,,0.0000,0.0000,0.0000
9.1357,Right,0.0000,1.6807,-3.1490,-0.0713,0.1376,0.9879,,0.0000,0.0000,0.0000
9.1357,Combined,0.0000,1.6807,-3.1490,-0.0713,0.1376,0.9879,,0.0000,0.0000,0.0000
9.1477,Left,0.4588,1.6807,-3.1159,-0.0713,0.1376,0.9879,,0.0000,0.0000,0.0000
9.1477,Right,0.0000,1.6807,-3.1490,-0.0713,0.1376,0.9879,,0.0000,0.0000,0.0000
9.1477,Combined,0.0000,1.6807,-3.1490,-0.0713,0.1376,0.9879,,0.0000,0.0000,0.0000
9.1608,Left,0.4588,1.6807,-3.1159,-0.0713,0.1376,0.9879,,0.0000,0.0000,0.0000
9.1608,Right,0.0000,1.6807,-3.1490,-0.0713,0.1376,0.9879,,0.0000,0.0000,0.0000
9.1608,Combined,0.0000,1.6807,-3.1490,-0.0713,0.1376,0.9879,,0.0000,0.0000,0.0000
9.1735,Left,0.4588,1.6807,-3.1159,-0.0713,0.1376,0.9879,,0.0000,0.0000,0.0000
9.1735,Right,0.0000,1.6807,-3.1490,-0.0713,0.1376,0.9879,,0.0000,0.0000,0.0000
9.1735,Combined,0.0000,1.6807,-3.1490,-0.0713,0.1376,0.9879,,0.0000,0.0000,0.0000
9.1855,Left,0.4588,1.6807,-3.1159,-0.0713,0.1376,0.9879,,0.0000,0.0000,0.0000
9.1855,Right,0.0000,1.6807,-3.1490,-0.0713,0.1376,0.9879,,0.0000,0.0000,0.0000
9.1855,Combined,0.0000,1.6807,-3.1490,-0.0713,0.1376,0.9879,,0.0000,0.0000,0.0000
9.1986,Left,0.4588,1.6807,-3.1159,-0.0713,0.1376,0.9879,,0.0000,0.0000,0.0000
9.1986,Right,0.0000,1.6807,-3.1490,-0.0713,0.1376,0.9879,,0.0000,0.0000,0.0000
9.1986,Combined,0.0000,1.6807,-3.1490,-0.0713,0.1376,0.9879,,0.0000,0.0000,0.0000
9.2118,Left,0.4588,1.6807,-3.1159,-0.0713,0.1376,0.9879,,0.0000,0.0000,0.0000
9.2118,Right,0.0000,1.6807,-3.1490,-0.0713,0.1376,0.9879,,0.0000,0.0000,0.0000
9.2118,Combined,0.0000,1.6807,-3.1490,-0.0713,0.1376,0.9879,,0.0000,0.0000,0.0000
9.2255,Left,0.4588,1.6807,-3.1159,-0.0713,0.1376,0.9879,,0.0000,0.0000,0.0000
9.2255,Right,0.0000,1.6807,-3.1490,-0.0713,0.1376,0.9879,,0.0000,0.0000,0.0000
9.2255,Combined,0.0000,1.6807,-3.1490,-0.0713,0.1376,0.9879,,0.0000,0.0000,0.0000
9.2440,Left,0.4588,1.6807,-3.1159,-0.0713,0.1376,0.9879,,0.0000,0.0000,0.0000
9.2440,Right,0.0000,1.6807,-3.1490,-0.0713,0.1376,0.9879,,0.0000,0.0000,0.0000
9.2440,Combined,0.0000,1.6807,-3.1490,-0.0713,0.1376,0.9879,,0.0000,0.0000,0.0000
9.2616,Left,0.4588,1.6807,-3.1159,-0.0713,0.1376,0.9879,,0.0000,0.0000,0.0000
9.2616,Right,0.0000,1.6807,-3.1490,-0.0713,0.1376,0.9879,,0.0000,0.0000,0.0000
9.2616,Combined,0.0000,1.6807,-3.1490,-0.0713,0.1376,0.9879,,0.0000,0.0000,0.0000
9.2740,Left,0.4588,1.6807,-3.1159,-0.0713,0.1376,0.9879,,0.0000,0.0000,0.0000
9.2740,Right,0.0000,1.6807,-3.1490,-0.0713,0.1376,0.9879,,0.0000,0.0000,0.0000
9.2740,Combined,0.0000,1.6807,-3.1490,-0.0713,0.1376,0.9879,,0.0000,0.0000,0.0000
9.2862,Left,0.4588,1.6807,-3.1159,-0.0713,0.1376,0.9879,,0.0000,0.0000,0.0000
9.2862,Right,0.0000,1.6807,-3.1490,-0.0713,0.1376,0.9879,,0.0000,0.0000,0.0000
9.2862,Combined,0.0000,1.6807,-3.1490,-0.0713,0.1376,0.9879,,0.0000,0.0000,0.0000
9.2996,Left,0.4588,1.6807,-3.1159,-0.0713,0.1376,0.9879,,0.0000,0.0000,0.0000
9.2996,Right,0.0000,1.6807,-3.1490,-0.0713,0.1376,0.9879,,0.0000,0.0000,0.0000
9.2996,Combined,0.0000,1.6807,-3.1490,-0.0713,0.1376,0.9879,,0.0000,0.0000,0.0000
9.3124,Left,0.4588,1.6807,-3.1159,-0.0713,0.1376,0.9879,,0.0000,0.0000,0.0000
9.3124,Right,0.0000,1.6807,-3.1490,-0.0713,0.1376,0.9879,,0.0000,0.0000,0.0000
9.3124,Combined,0.0000,1.6807,-3.1490,-0.0713,0.1376,0.9879,,0.0000,0.0000,0.0000
9.3255,Left,0.4588,1.6807,-3.1159,-0.0713,0.1376,0.9879,,0.0000,0.0000,0.0000
9.3255,Right,0.0000,1.6807,-3.1490,-0.0713,0.1376,0.9879,,0.0000,0.0000,0.0000
9.3255,Combined,0.0000,1.6807,-3.1490,-0.0713,0.1376,0.9879,,0.0000,0.0000,0.0000
9.3385,Left,0.4588,1.6807,-3.1159,-0.0713,0.1376,0.9879,,0.0000,0.0000,0.0000
9.3385,Right,0.0000,1.6807,-3.1490,-0.0713,0.1376,0.9879,,0.0000,0.0000,0.0000
9.3385,Combined,0.0000,1.6807,-3.1490,-0.0713,0.1376,0.9879,,0.0000,0.0000,0.0000
9.3511,Left,0.4588,1.6807,-3.1159,-0.0713,0.1376,0.9879,,0.0000,0.0000,0.0000
9.3511,Right,0.0000,1.6807,-3.1490,-0.0713,0.1376,0.9879,,0.0000,0.0000,0.0000
9.3511,Combined,0.0000,1.6807,-3.1490,-0.0713,0.1376,0.9879,,0.0000,0.0000,0.0000
9.3656,Left,0.4588,1.6807,-3.1159,-0.0713,0.1376,0.9879,,0.0000,0.0000,0.0000
9.3656,Right,0.0000,1.6807,-3.1490,-0.0713,0.1376,0.9879,,0.0000,0.0000,0.0000
9.3656,Combined,0.0000,1.6807,-3.1490,-0.0713,0.1376,0.9879,,0.0000,0.0000,0.0000
9.3790,Left,0.4588,1.6807,-3.1159,-0.0713,0.1376,0.9879,,0.0000,0.0000,0.0000
9.3790,Right,0.0000,1.6807,-3.1490,-0.0713,0.1376,0.9879,,0.0000,0.0000,0.0000
9.3790,Combined,0.0000,1.6807,-3.1490,-0.0713,0.1376,0.9879,,0.0000,0.0000,0.0000
9.3995,Left,0.4588,1.6807,-3.1159,-0.0713,0.1376,0.9879,,0.0000,0.0000,0.0000
9.3995,Right,0.0000,1.6807,-3.1490,-0.0713,0.1376,0.9879,,0.0000,0.0000,0.0000
9.3995,Combined,0.0000,1.6807,-3.1490,-0.0713,0.1376,0.9879,,0.0000,0.0000,0.0000
9.4201,Left,0.4588,1.6807,-3.1159,-0.0713,0.1376,0.9879,,0.0000,0.0000,0.0000
9.4201,Right,0.0000,1.6807,-3.1490,-0.0713,0.1376,0.9879,,0.0000,0.0000,0.0000
9.4201,Combined,0.0000,1.6807,-3.1490,-0.0713,0.1376,0.9879,,0.0000,0.0000,0.0000
9.4331,Left,0.4588,1.6807,-3.1159,-0.0713,0.1376,0.9879,,0.0000,0.0000,0.0000
9.4331,Right,0.0000,1.6807,-3.1490,-0.0713,0.1376,0.9879,,0.0000,0.0000,0.0000
9.4331,Combined,0.0000,1.6807,-3.1490,-0.0713,0.1376,0.9879,,0.0000,0.0000,0.0000
9.4452,Left,0.4588,1.6807,-3.1159,-0.0713,0.1376,0.9879,,0.0000,0.0000,0.0000
9.4452,Right,0.0000,1.6807,-3.1490,-0.0713,0.1376,0.9879,,0.0000,0.0000,0.0000
9.4452,Combined,0.0000,1.6807,-3.1490,-0.0713,0.1376,0.9879,,0.0000,0.0000,0.0000
9.4583,Left,0.4588,1.6807,-3.1159,-0.0713,0.1376,0.9879,,0.0000,0.0000,0.0000
9.4583,Right,0.0000,1.6807,-3.1490,-0.0713,0.1376,0.9879,,0.0000,0.0000,0.0000
9.4583,Combined,0.0000,1.6807,-3.1490,-0.0713,0.1376,0.9879,,0.0000,0.0000,0.0000
9.4706,Left,0.4588,1.6807,-3.1159,-0.0713,0.1376,0.9879,,0.0000,0.0000,0.0000
9.4706,Right,0.0000,1.6807,-3.1490,-0.0713,0.1376,0.9879,,0.0000,0.0000,0.0000
9.4706,Combined,0.0000,1.6807,-3.1490,-0.0713,0.1376,0.9879,,0.0000,0.0000,0.0000
9.4829,Left,0.4588,1.6807,-3.1159,-0.0713,0.1376,0.9879,,0.0000,0.0000,0.0000
9.4829,Right,0.0000,1.6807,-3.1490,-0.0713,0.1376,0.9879,,0.0000,0.0000,0.0000
9.4829,Combined,0.0000,1.6807,-3.1490,-0.0713,0.1376,0.9879,,0.0000,0.0000,0.0000
9.4954,Left,0.4588,1.6807,-3.1159,-0.0713,0.1376,0.9879,,0.0000,0.0000,0.0000
9.4954,Right,0.0000,1.6807,-3.1490,-0.0713,0.1376,0.9879,,0.0000,0.0000,0.0000
9.4954,Combined,0.0000,1.6807,-3.1490,-0.0713,0.1376,0.9879,,0.0000,0.0000,0.0000
9.5082,Left,0.4588,1.6807,-3.1159,-0.0713,0.1376,0.9879,,0.0000,0.0000,0.0000
9.5082,Right,0.0000,1.6807,-3.1490,-0.0713,0.1376,0.9879,,0.0000,0.0000,0.0000
9.5082,Combined,0.0000,1.6807,-3.1490,-0.0713,0.1376,0.9879,,0.0000,0.0000,0.0000
9.5204,Left,0.4588,1.6807,-3.1159,-0.0713,0.1376,0.9879,,0.0000,0.0000,0.0000
9.5204,Right,0.0000,1.6807,-3.1490,-0.0713,0.1376,0.9879,,0.0000,0.0000,0.0000
9.5204,Combined,0.0000,1.6807,-3.1490,-0.0713,0.1376,0.9879,,0.0000,0.0000,0.0000
9.5338,Left,0.4588,1.6807,-3.1159,-0.0713,0.1376,0.9879,,0.0000,0.0000,0.0000
9.5338,Right,0.0000,1.6807,-3.1490,-0.0713,0.1376,0.9879,,0.0000,0.0000,0.0000
9.5338,Combined,0.0000,1.6807,-3.1490,-0.0713,0.1376,0.9879,,0.0000,0.0000,0.0000
9.5532,Left,0.4588,1.6807,-3.1159,-0.0713,0.1376,0.9879,,0.0000,0.0000,0.0000
9.5532,Right,0.0000,1.6807,-3.1490,-0.0713,0.1376,0.9879,,0.0000,0.0000,0.0000
9.5532,Combined,0.0000,1.6807,-3.1490,-0.0713,0.1376,0.9879,,0.0000,0.0000,0.0000
9.5717,Left,0.4588,1.6807,-3.1159,-0.0713,0.1376,0.9879,,0.0000,0.0000,0.0000
9.5717,Right,0.0000,1.6807,-3.1490,-0.0713,0.1376,0.9879,,0.0000,0.0000,0.0000
9.5717,Combined,0.0000,1.6807,-3.1490,-0.0713,0.1376,0.9879,,0.0000,0.0000,0.0000
9.5875,Left,0.4588,1.6807,-3.1159,-0.0713,0.1376,0.9879,,0.0000,0.0000,0.0000
9.5875,Right,0.0000,1.6807,-3.1490,-0.0713,0.1376,0.9879,,0.0000,0.0000,0.0000
9.5875,Combined,0.0000,1.6807,-3.1490,-0.0713,0.1376,0.9879,,0.0000,0.0000,0.0000
9.6016,Left,0.4588,1.6807,-3.1159,-0.0713,0.1376,0.9879,,0.0000,0.0000,0.0000
9.6016,Right,0.0000,1.6807,-3.1490,-0.0713,0.1376,0.9879,,0.0000,0.0000,0.0000
9.6016,Combined,0.0000,1.6807,-3.1490,-0.0713,0.1376,0.9879,,0.0000,0.0000,0.0000
9.6168,Left,0.4588,1.6807,-3.1159,-0.0713,0.1376,0.9879,,0.0000,0.0000,0.0000
9.6168,Right,0.0000,1.6807,-3.1490,-0.0713,0.1376,0.9879,,0.0000,0.0000,0.0000
9.6168,Combined,0.0000,1.6807,-3.1490,-0.0713,0.1376,0.9879,,0.0000,0.0000,0.0000
9.6312,Left,0.4588,1.6807,-3.1159,-0.0713,0.1376,0.9879,,0.0000,0.0000,0.0000
9.6312,Right,0.0000,1.6807,-3.1490,-0.0713,0.1376,0.9879,,0.0000,0.0000,0.0000
9.6312,Combined,0.0000,1.6807,-3.1490,-0.0713,0.1376,0.9879,,0.0000,0.0000,0.0000
9.6471,Left,0.4588,1.6807,-3.1159,-0.0713,0.1376,0.9879,,0.0000,0.0000,0.0000
9.6471,Right,0.0000,1.6807,-3.1490,-0.0713,0.1376,0.9879,,0.0000,0.0000,0.0000
9.6471,Combined,0.0000,1.6807,-3.1490,-0.0713,0.1376,0.9879,,0.0000,0.0000,0.0000
9.6614,Left,0.4588,1.6807,-3.1159,-0.0713,0.1376,0.9879,,0.0000,0.0000,0.0000
9.6614,Right,0.0000,1.6807,-3.1490,-0.0713,0.1376,0.9879,,0.0000,0.0000,0.0000
9.6614,Combined,0.0000,1.6807,-3.1490,-0.0713,0.1376,0.9879,,0.0000,0.0000,0.0000
9.6786,Left,0.4588,1.6807,-3.1159,-0.0713,0.1376,0.9879,,0.0000,0.0000,0.0000
9.6786,Right,0.0000,1.6807,-3.1490,-0.0713,0.1376,0.9879,,0.0000,0.0000,0.0000
9.6786,Combined,0.0000,1.6807,-3.1490,-0.0713,0.1376,0.9879,,0.0000,0.0000,0.0000
9.6950,Left,0.4588,1.6807,-3.1159,-0.0713,0.1376,0.9879,,0.0000,0.0000,0.0000
9.6950,Right,0.0000,1.6807,-3.1490,-0.0713,0.1376,0.9879,,0.0000,0.0000,0.0000
9.6950,Combined,0.0000,1.6807,-3.1490,-0.0713,0.1376,0.9879,,0.0000,0.0000,0.0000
9.7193,Left,0.4588,1.6807,-3.1159,-0.0713,0.1376,0.9879,,0.0000,0.0000,0.0000
9.7193,Right,0.0000,1.6807,-3.1490,-0.0713,0.1376,0.9879,,0.0000,0.0000,0.0000
9.7193,Combined,0.0000,1.6807,-3.1490,-0.0713,0.1376,0.9879,,0.0000,0.0000,0.0000
9.7405,Left,0.4588,1.6807,-3.1159,-0.0713,0.1376,0.9879,,0.0000,0.0000,0.0000
9.7405,Right,0.0000,1.6807,-3.1490,-0.0713,0.1376,0.9879,,0.0000,0.0000,0.0000
9.7405,Combined,0.0000,1.6807,-3.1490,-0.0713,0.1376,0.9879,,0.0000,0.0000,0.0000
9.7545,Left,0.4588,1.6807,-3.1159,-0.0713,0.1376,0.9879,,0.0000,0.0000,0.0000
9.7545,Right,0.0000,1.6807,-3.1490,-0.0713,0.1376,0.9879,,0.0000,0.0000,0.0000
9.7545,Combined,0.0000,1.6807,-3.1490,-0.0713,0.1376,0.9879,,0.0000,0.0000,0.0000
9.7669,Left,0.4588,1.6807,-3.1159,-0.0713,0.1376,0.9879,,0.0000,0.0000,0.0000
9.7669,Right,0.0000,1.6807,-3.1490,-0.0713,0.1376,0.9879,,0.0000,0.0000,0.0000
9.7669,Combined,0.0000,1.6807,-3.1490,-0.0713,0.1376,0.9879,,0.0000,0.0000,0.0000
9.7799,Left,0.4588,1.6807,-3.1159,-0.0713,0.1376,0.9879,,0.0000,0.0000,0.0000
9.7799,Right,0.0000,1.6807,-3.1490,-0.0713,0.1376,0.9879,,0.0000,0.0000,0.0000
9.7799,Combined,0.0000,1.6807,-3.1490,-0.0713,0.1376,0.9879,,0.0000,0.0000,0.0000
9.7919,Left,0.4588,1.6807,-3.1159,-0.0713,0.1376,0.9879,,0.0000,0.0000,0.0000
9.7919,Right,0.0000,1.6807,-3.1490,-0.0713,0.1376,0.9879,,0.0000,0.0000,0.0000
9.7919,Combined,0.0000,1.6807,-3.1490,-0.0713,0.1376,0.9879,,0.0000,0.0000,0.0000
9.8050,Left,0.4588,1.6807,-3.1159,-0.0713,0.1376,0.9879,,0.0000,0.0000,0.0000
9.8050,Right,0.0000,1.6807,-3.1490,-0.0713,0.1376,0.9879,,0.0000,0.0000,0.0000
9.8050,Combined,0.0000,1.6807,-3.1490,-0.0713,0.1376,0.9879,,0.0000,0.0000,0.0000
9.8189,Left,0.4588,1.6807,-3.1159,-0.0713,0.1376,0.9879,,0.0000,0.0000,0.0000
9.8189,Right,0.0000,1.6807,-3.1490,-0.0713,0.1376,0.9879,,0.0000,0.0000,0.0000
9.8189,Combined,0.0000,1.6807,-3.1490,-0.0713,0.1376,0.9879,,0.0000,0.0000,0.0000
9.8321,Left,0.4588,1.6807,-3.1159,-0.0713,0.1376,0.9879,,0.0000,0.0000,0.0000
9.8321,Right,0.0000,1.6807,-3.1490,-0.0713,0.1376,0.9879,,0.0000,0.0000,0.0000
9.8321,Combined,0.0000,1.6807,-3.1490,-0.0713,0.1376,0.9879,,0.0000,0.0000,0.0000
9.8459,Left,0.4588,1.6807,-3.1159,-0.0713,0.1376,0.9879,,0.0000,0.0000,0.0000
9.8459,Right,0.0000,1.6807,-3.1490,-0.0713,0.1376,0.9879,,0.0000,0.0000,0.0000
9.8459,Combined,0.0000,1.6807,-3.1490,-0.0713,0.1376,0.9879,,0.0000,0.0000,0.0000
9.8685,Left,0.4588,1.6807,-3.1159,-0.0713,0.1376,0.9879,,0.0000,0.0000,0.0000
9.8685,Right,0.0000,1.6807,-3.1490,-0.0713,0.1376,0.9879,,0.0000,0.0000,0.0000
9.8685,Combined,0.0000,1.6807,-3.1490,-0.0713,0.1376,0.9879,,0.0000,0.0000,0.0000
9.8894,Left,0.4588,1.6807,-3.1159,-0.0713,0.1376,0.9879,,0.0000,0.0000,0.0000
9.8894,Right,0.0000,1.6807,-3.1490,-0.0713,0.1376,0.9879,,0.0000,0.0000,0.0000
9.8894,Combined,0.0000,1.6807,-3.1490,-0.0713,0.1376,0.9879,,0.0000,0.0000,0.0000
9.9034,Left,0.4588,1.6807,-3.1159,-0.0713,0.1376,0.9879,,0.0000,0.0000,0.0000
9.9034,Right,0.0000,1.6807,-3.1490,-0.0713,0.1376,0.9879,,0.0000,0.0000,0.0000
9.9034,Combined,0.0000,1.6807,-3.1490,-0.0713,0.1376,0.9879,,0.0000,0.0000,0.0000
9.9162,Left,0.4588,1.6807,-3.1159,-0.0713,0.1376,0.9879,,0.0000,0.0000,0.0000
9.9162,Right,0.0000,1.6807,-3.1490,-0.0713,0.1376,0.9879,,0.0000,0.0000,0.0000
9.9162,Combined,0.0000,1.6807,-3.1490,-0.0713,0.1376,0.9879,,0.0000,0.0000,0.0000
9.9291,Left,0.4588,1.6807,-3.1159,-0.0713,0.1376,0.9879,,0.0000,0.0000,0.0000
9.9291,Right,0.0000,1.6807,-3.1490,-0.0713,0.1376,0.9879,,0.0000,0.0000,0.0000
9.9291,Combined,0.0000,1.6807,-3.1490,-0.0713,0.1376,0.9879,,0.0000,0.0000,0.0000
9.9431,Left,0.4588,1.6807,-3.1159,-0.0713,0.1376,0.9879,,0.0000,0.0000,0.0000
9.9431,Right,0.0000,1.6807,-3.1490,-0.0713,0.1376,0.9879,,0.0000,0.0000,0.0000
9.9431,Combined,0.0000,1.6807,-3.1490,-0.0713,0.1376,0.9879,,0.0000,0.0000,0.0000
9.9672,Left,0.4588,1.6807,-3.1159,-0.0713,0.1376,0.9879,,0.0000,0.0000,0.0000
9.9672,Right,0.0000,1.6807,-3.1490,-0.0713,0.1376,0.9879,,0.0000,0.0000,0.0000
9.9672,Combined,0.0000,1.6807,-3.1490,-0.0713,0.1376,0.9879,,0.0000,0.0000,0.0000
9.9828,Left,0.4588,1.6807,-3.1159,-0.0713,0.1376,0.9879,,0.0000,0.0000,0.0000
9.9828,Right,0.0000,1.6807,-3.1490,-0.0713,0.1376,0.9879,,0.0000,0.0000,0.0000
9.9828,Combined,0.0000,1.6807,-3.1490,-0.0713,0.1376,0.9879,,0.0000,0.0000,0.0000
9.9964,Left,0.4588,1.6807,-3.1159,-0.0713,0.1376,0.9879,,0.0000,0.0000,0.0000
9.9964,Right,0.0000,1.6807,-3.1490,-0.0713,0.1376,0.9879,,0.0000,0.0000,0.0000
9.9964,Combined,0.0000,1.6807,-3.1490,-0.0713,0.1376,0.9879,,0.0000,0.0000,0.0000
10.0152,Left,0.4588,1.6807,-3.1159,-0.0713,0.1376,0.9879,,0.0000,0.0000,0.0000
10.0152,Right,0.0000,1.6807,-3.1490,-0.0713,0.1376,0.9879,,0.0000,0.0000,0.0000
10.0152,Combined,0.0000,1.6807,-3.1490,-0.0713,0.1376,0.9879,,0.0000,0.0000,0.0000
10.0335,Left,0.4588,1.6807,-3.1159,-0.0713,0.1376,0.9879,,0.0000,0.0000,0.0000
10.0335,Right,0.0000,1.6807,-3.1490,-0.0713,0.1376,0.9879,,0.0000,0.0000,0.0000
10.0335,Combined,0.0000,1.6807,-3.1490,-0.0713,0.1376,0.9879,,0.0000,0.0000,0.0000
10.0462,Left,0.4588,1.6807,-3.1159,-0.0713,0.1376,0.9879,,0.0000,0.0000,0.0000
10.0462,Right,0.0000,1.6807,-3.1490,-0.0713,0.1376,0.9879,,0.0000,0.0000,0.0000
10.0462,Combined,0.0000,1.6807,-3.1490,-0.0713,0.1376,0.9879,,0.0000,0.0000,0.0000
10.0587,Left,0.4588,1.6807,-3.1159,-0.0713,0.1376,0.9879,,0.0000,0.0000,0.0000
10.0587,Right,0.0000,1.6807,-3.1490,-0.0713,0.1376,0.9879,,0.0000,0.0000,0.0000
10.0587,Combined,0.0000,1.6807,-3.1490,-0.0713,0.1376,0.9879,,0.0000,0.0000,0.0000
10.0750,Left,0.4588,1.6807,-3.1159,-0.0713,0.1376,0.9879,,0.0000,0.0000,0.0000
10.0750,Right,0.0000,1.6807,-3.1490,-0.0713,0.1376,0.9879,,0.0000,0.0000,0.0000
10.0750,Combined,0.0000,1.6807,-3.1490,-0.0713,0.1376,0.9879,,0.0000,0.0000,0.0000
10.0886,Left,0.4588,1.6807,-3.1159,-0.0713,0.1376,0.9879,,0.0000,0.0000,0.0000
10.0886,Right,0.0000,1.6807,-3.1490,-0.0713,0.1376,0.9879,,0.0000,0.0000,0.0000
10.0886,Combined,0.0000,1.6807,-3.1490,-0.0713,0.1376,0.9879,,0.0000,0.0000,0.0000
10.1018,Left,0.4588,1.6807,-3.1159,-0.0713,0.1376,0.9879,,0.0000,0.0000,0.0000
10.1018,Right,0.0000,1.6807,-3.1490,-0.0713,0.1376,0.9879,,0.0000,0.0000,0.0000
10.1018,Combined,0.0000,1.6807,-3.1490,-0.0713,0.1376,0.9879,,0.0000,0.0000,0.0000
10.1161,Left,0.4588,1.6807,-3.1159,-0.0713,0.1376,0.9879,,0.0000,0.0000,0.0000
10.1161,Right,0.0000,1.6807,-3.1490,-0.0713,0.1376,0.9879,,0.0000,0.0000,0.0000
10.1161,Combined,0.0000,1.6807,-3.1490,-0.0713,0.1376,0.9879,,0.0000,0.0000,0.0000
10.1306,Left,0.4588,1.6807,-3.1159,-0.0713,0.1376,0.9879,,0.0000,0.0000,0.0000
10.1306,Right,0.0000,1.6807,-3.1490,-0.0713,0.1376,0.9879,,0.0000,0.0000,0.0000
10.1306,Combined,0.0000,1.6807,-3.1490,-0.0713,0.1376,0.9879,,0.0000,0.0000,0.0000
10.1458,Left,0.4588,1.6807,-3.1159,-0.0713,0.1376,0.9879,,0.0000,0.0000,0.0000
10.1458,Right,0.0000,1.6807,-3.1490,-0.0713,0.1376,0.9879,,0.0000,0.0000,0.0000
10.1458,Combined,0.0000,1.6807,-3.1490,-0.0713,0.1376,0.9879,,0.0000,0.0000,0.0000
10.1615,Left,0.4588,1.6807,-3.1159,-0.0713,0.1376,0.9879,,0.0000,0.0000,0.0000
10.1615,Right,0.0000,1.6807,-3.1490,-0.0713,0.1376,0.9879,,0.0000,0.0000,0.0000
10.1615,Combined,0.0000,1.6807,-3.1490,-0.0713,0.1376,0.9879,,0.0000,0.0000,0.0000
10.1833,Left,0.4588,1.6807,-3.1159,-0.0713,0.1376,0.9879,,0.0000,0.0000,0.0000
10.1833,Right,0.0000,1.6807,-3.1490,-0.0713,0.1376,0.9879,,0.0000,0.0000,0.0000
10.1833,Combined,0.0000,1.6807,-3.1490,-0.0713,0.1376,0.9879,,0.0000,0.0000,0.0000
10.2058,Left,0.4588,1.6807,-3.1159,-0.0713,0.1376,0.9879,,0.0000,0.0000,0.0000
10.2058,Right,0.0000,1.6807,-3.1490,-0.0713,0.1376,0.9879,,0.0000,0.0000,0.0000
10.2058,Combined,0.0000,1.6807,-3.1490,-0.0713,0.1376,0.9879,,0.0000,0.0000,0.0000
10.2212,Left,0.4588,1.6807,-3.1159,-0.0713,0.1376,0.9879,,0.0000,0.0000,0.0000
10.2212,Right,0.0000,1.6807,-3.1490,-0.0713,0.1376,0.9879,,0.0000,0.0000,0.0000
10.2212,Combined,0.0000,1.6807,-3.1490,-0.0713,0.1376,0.9879,,0.0000,0.0000,0.0000
10.2353,Left,0.4588,1.6807,-3.1159,-0.0713,0.1376,0.9879,,0.0000,0.0000,0.0000
10.2353,Right,0.0000,1.6807,-3.1490,-0.0713,0.1376,0.9879,,0.0000,0.0000,0.0000
10.2353,Combined,0.0000,1.6807,-3.1490,-0.0713,0.1376,0.9879,,0.0000,0.0000,0.0000
10.2524,Left,0.4588,1.6807,-3.1159,-0.0713,0.1376,0.9879,,0.0000,0.0000,0.0000
10.2524,Right,0.0000,1.6807,-3.1490,-0.0713,0.1376,0.9879,,0.0000,0.0000,0.0000
10.2524,Combined,0.0000,1.6807,-3.1490,-0.0713,0.1376,0.9879,,0.0000,0.0000,0.0000
10.2659,Left,0.4588,1.6807,-3.1159,-0.0713,0.1376,0.9879,,0.0000,0.0000,0.0000
10.2659,Right,0.0000,1.6807,-3.1490,-0.0713,0.1376,0.9879,,0.0000,0.0000,0.0000
10.2659,Combined,0.0000,1.6807,-3.1490,-0.0713,0.1376,0.9879,,0.0000,0.0000,0.0000
10.2806,Left,0.4588,1.6807,-3.1159,-0.0713,0.1376,0.9879,,0.0000,0.0000,0.0000
10.2806,Right,0.0000,1.6807,-3.1490,-0.0713,0.1376,0.9879,,0.0000,0.0000,0.0000
10.2806,Combined,0.0000,1.6807,-3.1490,-0.0713,0.1376,0.9879,,0.0000,0.0000,0.0000
10.2933,Left,0.4588,1.6807,-3.1159,-0.0713,0.1376,0.9879,,0.0000,0.0000,0.0000
10.2933,Right,0.0000,1.6807,-3.1490,-0.0713,0.1376,0.9879,,0.0000,0.0000,0.0000
10.2933,Combined,0.0000,1.6807,-3.1490,-0.0713,0.1376,0.9879,,0.0000,0.0000,0.0000
10.3083,Left,0.4588,1.6807,-3.1159,-0.0713,0.1376,0.9879,,0.0000,0.0000,0.0000
10.3083,Right,0.0000,1.6807,-3.1490,-0.0713,0.1376,0.9879,,0.0000,0.0000,0.0000
10.3083,Combined,0.0000,1.6807,-3.1490,-0.0713,0.1376,0.9879,,0.0000,0.0000,0.0000
10.3234,Left,0.4588,1.6807,-3.1159,-0.0713,0.1376,0.9879,,0.0000,0.0000,0.0000
10.3234,Right,0.0000,1.6807,-3.1490,-0.0713,0.1376,0.9879,,0.0000,0.0000,0.0000
10.3234,Combined,0.0000,1.6807,-3.1490,-0.0713,0.1376,0.9879,,0.0000,0.0000,0.0000
10.3476,Left,0.4588,1.6807,-3.1159,-0.0713,0.1376,0.9879,,0.0000,0.0000,0.0000
10.3476,Right,0.0000,1.6807,-3.1490,-0.0713,0.1376,0.9879,,0.0000,0.0000,0.0000
10.3476,Combined,0.0000,1.6807,-3.1490,-0.0713,0.1376,0.9879,,0.0000,0.0000,0.0000
10.3711,Left,0.4588,1.6807,-3.1159,-0.0713,0.1376,0.9879,,0.0000,0.0000,0.0000
10.3711,Right,0.0000,1.6807,-3.1490,-0.0713,0.1376,0.9879,,0.0000,0.0000,0.0000
10.3711,Combined,0.0000,1.6807,-3.1490,-0.0713,0.1376,0.9879,,0.0000,0.0000,0.0000
10.3850,Left,0.4588,1.6807,-3.1159,-0.0713,0.1376,0.9879,,0.0000,0.0000,0.0000
10.3850,Right,0.0000,1.6807,-3.1490,-0.0713,0.1376,0.9879,,0.0000,0.0000,0.0000
10.3850,Combined,0.0000,1.6807,-3.1490,-0.0713,0.1376,0.9879,,0.0000,0.0000,0.0000
10.3992,Left,0.4588,1.6807,-3.1159,-0.0713,0.1376,0.9879,,0.0000,0.0000,0.0000
10.3992,Right,0.0000,1.6807,-3.1490,-0.0713,0.1376,0.9879,,0.0000,0.0000,0.0000
10.3992,Combined,0.0000,1.6807,-3.1490,-0.0713,0.1376,0.9879,,0.0000,0.0000,0.0000
10.4130,Left,0.4588,1.6807,-3.1159,-0.0713,0.1376,0.9879,,0.0000,0.0000,0.0000
10.4130,Right,0.0000,1.6807,-3.1490,-0.0713,0.1376,0.9879,,0.0000,0.0000,0.0000
10.4130,Combined,0.0000,1.6807,-3.1490,-0.0713,0.1376,0.9879,,0.0000,0.0000,0.0000
10.4255,Left,0.4588,1.6807,-3.1159,-0.0713,0.1376,0.9879,,0.0000,0.0000,0.0000
10.4255,Right,0.0000,1.6807,-3.1490,-0.0713,0.1376,0.9879,,0.0000,0.0000,0.0000
10.4255,Combined,0.0000,1.6807,-3.1490,-0.0713,0.1376,0.9879,,0.0000,0.0000,0.0000
10.4393,Left,0.4588,1.6807,-3.1159,-0.0713,0.1376,0.9879,,0.0000,0.0000,0.0000
10.4393,Right,0.0000,1.6807,-3.1490,-0.0713,0.1376,0.9879,,0.0000,0.0000,0.0000
10.4393,Combined,0.0000,1.6807,-3.1490,-0.0713,0.1376,0.9879,,0.0000,0.0000,0.0000
10.4518,Left,0.4588,1.6807,-3.1159,-0.0713,0.1376,0.9879,,0.0000,0.0000,0.0000
10.4518,Right,0.0000,1.6807,-3.1490,-0.0713,0.1376,0.9879,,0.0000,0.0000,0.0000
10.4518,Combined,0.0000,1.6807,-3.1490,-0.0713,0.1376,0.9879,,0.0000,0.0000,0.0000
10.4640,Left,0.4588,1.6807,-3.1159,-0.0713,0.1376,0.9879,,0.0000,0.0000,0.0000
10.4640,Right,0.0000,1.6807,-3.1490,-0.0713,0.1376,0.9879,,0.0000,0.0000,0.0000
10.4640,Combined,0.0000,1.6807,-3.1490,-0.0713,0.1376,0.9879,,0.0000,0.0000,0.0000
10.4762,Left,0.4588,1.6807,-3.1159,-0.0713,0.1376,0.9879,,0.0000,0.0000,0.0000
10.4762,Right,0.0000,1.6807,-3.1490,-0.0713,0.1376,0.9879,,0.0000,0.0000,0.0000
10.4762,Combined,0.0000,1.6807,-3.1490,-0.0713,0.1376,0.9879,,0.0000,0.0000,0.0000
10.5004,Left,0.4588,1.6807,-3.1159,-0.0713,0.1376,0.9879,,0.0000,0.0000,0.0000
10.5004,Right,0.0000,1.6807,-3.1490,-0.0713,0.1376,0.9879,,0.0000,0.0000,0.0000
10.5004,Combined,0.0000,1.6807,-3.1490,-0.0713,0.1376,0.9879,,0.0000,0.0000,0.0000
10.5225,Left,0.4588,1.6807,-3.1159,-0.0713,0.1376,0.9879,,0.0000,0.0000,0.0000
10.5225,Right,0.0000,1.6807,-3.1490,-0.0713,0.1376,0.9879,,0.0000,0.0000,0.0000
10.5225,Combined,0.0000,1.6807,-3.1490,-0.0713,0.1376,0.9879,,0.0000,0.0000,0.0000
10.5353,Left,0.4588,1.6807,-3.1159,-0.0713,0.1376,0.9879,,0.0000,0.0000,0.0000
10.5353,Right,0.0000,1.6807,-3.1490,-0.0713,0.1376,0.9879,,0.0000,0.0000,0.0000
10.5353,Combined,0.0000,1.6807,-3.1490,-0.0713,0.1376,0.9879,,0.0000,0.0000,0.0000
10.5477,Left,0.4588,1.6807,-3.1159,-0.0713,0.1376,0.9879,,0.0000,0.0000,0.0000
10.5477,Right,0.0000,1.6807,-3.1490,-0.0713,0.1376,0.9879,,0.0000,0.0000,0.0000
10.5477,Combined,0.0000,1.6807,-3.1490,-0.0713,0.1376,0.9879,,0.0000,0.0000,0.0000
10.5608,Left,0.4588,1.6807,-3.1159,-0.0713,0.1376,0.9879,,0.0000,0.0000,0.0000
10.5608,Right,0.0000,1.6807,-3.1490,-0.0713,0.1376,0.9879,,0.0000,0.0000,0.0000
10.5608,Combined,0.0000,1.6807,-3.1490,-0.0713,0.1376,0.9879,,0.0000,0.0000,0.0000
10.5727,Left,0.4588,1.6807,-3.1159,-0.0713,0.1376,0.9879,,0.0000,0.0000,0.0000
10.5727,Right,0.0000,1.6807,-3.1490,-0.0713,0.1376,0.9879,,0.0000,0.0000,0.0000
10.5727,Combined,0.0000,1.6807,-3.1490,-0.0713,0.1376,0.9879,,0.0000,0.0000,0.0000
10.5850,Left,0.4588,1.6807,-3.1159,-0.0713,0.1376,0.9879,,0.0000,0.0000,0.0000
10.5850,Right,0.0000,1.6807,-3.1490,-0.0713,0.1376,0.9879,,0.0000,0.0000,0.0000
10.5850,Combined,0.0000,1.6807,-3.1490,-0.0713,0.1376,0.9879,,0.0000,0.0000,0.0000
10.5979,Left,0.4588,1.6807,-3.1159,-0.0713,0.1376,0.9879,,0.0000,0.0000,0.0000
10.5979,Right,0.0000,1.6807,-3.1490,-0.0713,0.1376,0.9879,,0.0000,0.0000,0.0000
10.5979,Combined,0.0000,1.6807,-3.1490,-0.0713,0.1376,0.9879,,0.0000,0.0000,0.0000
10.6100,Left,0.4588,1.6807,-3.1159,-0.0713,0.1376,0.9879,,0.0000,0.0000,0.0000
10.6100,Right,0.0000,1.6807,-3.1490,-0.0713,0.1376,0.9879,,0.0000,0.0000,0.0000
10.6100,Combined,0.0000,1.6807,-3.1490,-0.0713,0.1376,0.9879,,0.0000,0.0000,0.0000
10.6225,Left,0.4588,1.6807,-3.1159,-0.0713,0.1376,0.9879,,0.0000,0.0000,0.0000
10.6225,Right,0.0000,1.6807,-3.1490,-0.0713,0.1376,0.9879,,0.0000,0.0000,0.0000
10.6225,Combined,0.0000,1.6807,-3.1490,-0.0713,0.1376,0.9879,,0.0000,0.0000,0.0000
10.6354,Left,0.4588,1.6807,-3.1159,-0.0713,0.1376,0.9879,,0.0000,0.0000,0.0000
10.6354,Right,0.0000,1.6807,-3.1490,-0.0713,0.1376,0.9879,,0.0000,0.0000,0.0000
10.6354,Combined,0.0000,1.6807,-3.1490,-0.0713,0.1376,0.9879,,0.0000,0.0000,0.0000
10.6545,Left,0.4588,1.6807,-3.1159,-0.0713,0.1376,0.9879,,0.0000,0.0000,0.0000
10.6545,Right,0.0000,1.6807,-3.1490,-0.0713,0.1376,0.9879,,0.0000,0.0000,0.0000
10.6545,Combined,0.0000,1.6807,-3.1490,-0.0713,0.1376,0.9879,,0.0000,0.0000,0.0000
10.6736,Left,0.4588,1.6807,-3.1159,-0.0713,0.1376,0.9879,,0.0000,0.0000,0.0000
10.6736,Right,0.0000,1.6807,-3.1490,-0.0713,0.1376,0.9879,,0.0000,0.0000,0.0000
10.6736,Combined,0.0000,1.6807,-3.1490,-0.0713,0.1376,0.9879,,0.0000,0.0000,0.0000
10.6869,Left,0.4588,1.6807,-3.1159,-0.0713,0.1376,0.9879,,0.0000,0.0000,0.0000
10.6869,Right,0.0000,1.6807,-3.1490,-0.0713,0.1376,0.9879,,0.0000,0.0000,0.0000
10.6869,Combined,0.0000,1.6807,-3.1490,-0.0713,0.1376,0.9879,,0.0000,0.0000,0.0000
10.6999,Left,0.4588,1.6807,-3.1159,-0.0713,0.1376,0.9879,,0.0000,0.0000,0.0000
10.6999,Right,0.0000,1.6807,-3.1490,-0.0713,0.1376,0.9879,,0.0000,0.0000,0.0000
10.6999,Combined,0.0000,1.6807,-3.1490,-0.0713,0.1376,0.9879,,0.0000,0.0000,0.0000
10.7119,Left,0.4588,1.6807,-3.1159,-0.0713,0.1376,0.9879,,0.0000,0.0000,0.0000
10.7119,Right,0.0000,1.6807,-3.1490,-0.0713,0.1376,0.9879,,0.0000,0.0000,0.0000
10.7119,Combined,0.0000,1.6807,-3.1490,-0.0713,0.1376,0.9879,,0.0000,0.0000,0.0000
10.7251,Left,0.4588,1.6807,-3.1159,-0.0713,0.1376,0.9879,,0.0000,0.0000,0.0000
10.7251,Right,0.0000,1.6807,-3.1490,-0.0713,0.1376,0.9879,,0.0000,0.0000,0.0000
10.7251,Combined,0.0000,1.6807,-3.1490,-0.0713,0.1376,0.9879,,0.0000,0.0000,0.0000
10.7402,Left,0.4588,1.6807,-3.1159,-0.0713,0.1376,0.9879,,0.0000,0.0000,0.0000
10.7402,Right,0.0000,1.6807,-3.1490,-0.0713,0.1376,0.9879,,0.0000,0.0000,0.0000
10.7402,Combined,0.0000,1.6807,-3.1490,-0.0713,0.1376,0.9879,,0.0000,0.0000,0.0000
10.7535,Left,0.4588,1.6807,-3.1159,-0.0713,0.1376,0.9879,,0.0000,0.0000,0.0000
10.7535,Right,0.0000,1.6807,-3.1490,-0.0713,0.1376,0.9879,,0.0000,0.0000,0.0000
10.7535,Combined,0.0000,1.6807,-3.1490,-0.0713,0.1376,0.9879,,0.0000,0.0000,0.0000
10.7678,Left,0.4588,1.6807,-3.1159,-0.0713,0.1376,0.9879,,0.0000,0.0000,0.0000
10.7678,Right,0.0000,1.6807,-3.1490,-0.0713,0.1376,0.9879,,0.0000,0.0000,0.0000
10.7678,Combined,0.0000,1.6807,-3.1490,-0.0713,0.1376,0.9879,,0.0000,0.0000,0.0000
10.7809,Left,0.4588,1.6807,-3.1159,-0.0713,0.1376,0.9879,,0.0000,0.0000,0.0000
10.7809,Right,0.0000,1.6807,-3.1490,-0.0713,0.1376,0.9879,,0.0000,0.0000,0.0000
10.7809,Combined,0.0000,1.6807,-3.1490,-0.0713,0.1376,0.9879,,0.0000,0.0000,0.0000
10.7933,Left,0.4588,1.6807,-3.1159,-0.0713,0.1376,0.9879,,0.0000,0.0000,0.0000
10.7933,Right,0.0000,1.6807,-3.1490,-0.0713,0.1376,0.9879,,0.0000,0.0000,0.0000
10.7933,Combined,0.0000,1.6807,-3.1490,-0.0713,0.1376,0.9879,,0.0000,0.0000,0.0000
10.8142,Left,0.4588,1.6807,-3.1159,-0.0713,0.1376,0.9879,,0.0000,0.0000,0.0000
10.8142,Right,0.0000,1.6807,-3.1490,-0.0713,0.1376,0.9879,,0.0000,0.0000,0.0000
10.8142,Combined,0.0000,1.6807,-3.1490,-0.0713,0.1376,0.9879,,0.0000,0.0000,0.0000
10.8349,Left,0.4588,1.6807,-3.1159,-0.0713,0.1376,0.9879,,0.0000,0.0000,0.0000
10.8349,Right,0.0000,1.6807,-3.1490,-0.0713,0.1376,0.9879,,0.0000,0.0000,0.0000
10.8349,Combined,0.0000,1.6807,-3.1490,-0.0713,0.1376,0.9879,,0.0000,0.0000,0.0000
10.8497,Left,0.4588,1.6807,-3.1159,-0.0713,0.1376,0.9879,,0.0000,0.0000,0.0000
10.8497,Right,0.0000,1.6807,-3.1490,-0.0713,0.1376,0.9879,,0.0000,0.0000,0.0000
10.8497,Combined,0.0000,1.6807,-3.1490,-0.0713,0.1376,0.9879,,0.0000,0.0000,0.0000
10.8638,Left,0.4588,1.6807,-3.1159,-0.0713,0.1376,0.9879,,0.0000,0.0000,0.0000
10.8638,Right,0.0000,1.6807,-3.1490,-0.0713,0.1376,0.9879,,0.0000,0.0000,0.0000
10.8638,Combined,0.0000,1.6807,-3.1490,-0.0713,0.1376,0.9879,,0.0000,0.0000,0.0000
10.8813,Left,0.4588,1.6807,-3.1159,-0.0713,0.1376,0.9879,,0.0000,0.0000,0.0000
10.8813,Right,0.0000,1.6807,-3.1490,-0.0713,0.1376,0.9879,,0.0000,0.0000,0.0000
10.8813,Combined,0.0000,1.6807,-3.1490,-0.0713,0.1376,0.9879,,0.0000,0.0000,0.0000
10.8946,Left,0.4588,1.6807,-3.1159,-0.0713,0.1376,0.9879,,0.0000,0.0000,0.0000
10.8946,Right,0.0000,1.6807,-3.1490,-0.0713,0.1376,0.9879,,0.0000,0.0000,0.0000
10.8946,Combined,0.0000,1.6807,-3.1490,-0.0713,0.1376,0.9879,,0.0000,0.0000,0.0000
10.9082,Left,0.4588,1.6807,-3.1159,-0.0713,0.1376,0.9879,,0.0000,0.0000,0.0000
10.9082,Right,0.0000,1.6807,-3.1490,-0.0713,0.1376,0.9879,,0.0000,0.0000,0.0000
10.9082,Combined,0.0000,1.6807,-3.1490,-0.0713,0.1376,0.9879,,0.0000,0.0000,0.0000
10.9231,Left,0.4588,1.6807,-3.1159,-0.0713,0.1376,0.9879,,0.0000,0.0000,0.0000
10.9231,Right,0.0000,1.6807,-3.1490,-0.0713,0.1376,0.9879,,0.0000,0.0000,0.0000
10.9231,Combined,0.0000,1.6807,-3.1490,-0.0713,0.1376,0.9879,,0.0000,0.0000,0.0000
10.9372,Left,0.4588,1.6807,-3.1159,-0.0713,0.1376,0.9879,,0.0000,0.0000,0.0000
10.9372,Right,0.0000,1.6807,-3.1490,-0.0713,0.1376,0.9879,,0.0000,0.0000,0.0000
10.9372,Combined,0.0000,1.6807,-3.1490,-0.0713,0.1376,0.9879,,0.0000,0.0000,0.0000
10.9517,Left,0.4588,1.6807,-3.1159,-0.0713,0.1376,0.9879,,0.0000,0.0000,0.0000
10.9517,Right,0.0000,1.6807,-3.1490,-0.0713,0.1376,0.9879,,0.0000,0.0000,0.0000
10.9517,Combined,0.0000,1.6807,-3.1490,-0.0713,0.1376,0.9879,,0.0000,0.0000,0.0000
10.9718,Left,0.4588,1.6807,-3.1159,-0.0713,0.1376,0.9879,,0.0000,0.0000,0.0000
10.9718,Right,0.0000,1.6807,-3.1490,-0.0713,0.1376,0.9879,,0.0000,0.0000,0.0000
10.9718,Combined,0.0000,1.6807,-3.1490,-0.0713,0.1376,0.9879,,0.0000,0.0000,0.0000
10.9935,Left,0.4588,1.6807,-3.1159,-0.0713,0.1376,0.9879,,0.0000,0.0000,0.0000
10.9935,Right,0.0000,1.6807,-3.1490,-0.0713,0.1376,0.9879,,0.0000,0.0000,0.0000
10.9935,Combined,0.0000,1.6807,-3.1490,-0.0713,0.1376,0.9879,,0.0000,0.0000,0.0000
11.0059,Left,0.4588,1.6807,-3.1159,-0.0713,0.1376,0.9879,,0.0000,0.0000,0.0000
11.0059,Right,0.0000,1.6807,-3.1490,-0.0713,0.1376,0.9879,,0.0000,0.0000,0.0000
11.0059,Combined,0.0000,1.6807,-3.1490,-0.0713,0.1376,0.9879,,0.0000,0.0000,0.0000
11.0190,Left,0.4588,1.6807,-3.1159,-0.0713,0.1376,0.9879,,0.0000,0.0000,0.0000
11.0190,Right,0.0000,1.6807,-3.1490,-0.0713,0.1376,0.9879,,0.0000,0.0000,0.0000
11.0190,Combined,0.0000,1.6807,-3.1490,-0.0713,0.1376,0.9879,,0.0000,0.0000,0.0000
11.0323,Left,0.4588,1.6807,-3.1159,-0.0713,0.1376,0.9879,,0.0000,0.0000,0.0000
11.0323,Right,0.0000,1.6807,-3.1490,-0.0713,0.1376,0.9879,,0.0000,0.0000,0.0000
11.0323,Combined,0.0000,1.6807,-3.1490,-0.0713,0.1376,0.9879,,0.0000,0.0000,0.0000
11.0466,Left,0.4588,1.6807,-3.1159,-0.0713,0.1376,0.9879,,0.0000,0.0000,0.0000
11.0466,Right,0.0000,1.6807,-3.1490,-0.0713,0.1376,0.9879,,0.0000,0.0000,0.0000
11.0466,Combined,0.0000,1.6807,-3.1490,-0.0713,0.1376,0.9879,,0.0000,0.0000,0.0000
11.0609,Left,0.4588,1.6807,-3.1159,-0.0713,0.1376,0.9879,,0.0000,0.0000,0.0000
11.0609,Right,0.0000,1.6807,-3.1490,-0.0713,0.1376,0.9879,,0.0000,0.0000,0.0000
11.0609,Combined,0.0000,1.6807,-3.1490,-0.0713,0.1376,0.9879,,0.0000,0.0000,0.0000
11.0741,Left,0.4588,1.6807,-3.1159,-0.0713,0.1376,0.9879,,0.0000,0.0000,0.0000
11.0741,Right,0.0000,1.6807,-3.1490,-0.0713,0.1376,0.9879,,0.0000,0.0000,0.0000
11.0741,Combined,0.0000,1.6807,-3.1490,-0.0713,0.1376,0.9879,,0.0000,0.0000,0.0000
11.0873,Left,0.4588,1.6807,-3.1159,-0.0713,0.1376,0.9879,,0.0000,0.0000,0.0000
11.0873,Right,0.0000,1.6807,-3.1490,-0.0713,0.1376,0.9879,,0.0000,0.0000,0.0000
11.0873,Combined,0.0000,1.6807,-3.1490,-0.0713,0.1376,0.9879,,0.0000,0.0000,0.0000
11.1025,Left,0.4588,1.6807,-3.1159,-0.0713,0.1376,0.9879,,0.0000,0.0000,0.0000
11.1025,Right,0.0000,1.6807,-3.1490,-0.0713,0.1376,0.9879,,0.0000,0.0000,0.0000
11.1025,Combined,0.0000,1.6807,-3.1490,-0.0713,0.1376,0.9879,,0.0000,0.0000,0.0000
11.1231,Left,0.4588,1.6807,-3.1159,-0.0713,0.1376,0.9879,,0.0000,0.0000,0.0000
11.1231,Right,0.0000,1.6807,-3.1490,-0.0713,0.1376,0.9879,,0.0000,0.0000,0.0000
11.1231,Combined,0.0000,1.6807,-3.1490,-0.0713,0.1376,0.9879,,0.0000,0.0000,0.0000
11.1433,Left,0.4588,1.6807,-3.1159,-0.0713,0.1376,0.9879,,0.0000,0.0000,0.0000
11.1433,Right,0.0000,1.6807,-3.1490,-0.0713,0.1376,0.9879,,0.0000,0.0000,0.0000
11.1433,Combined,0.0000,1.6807,-3.1490,-0.0713,0.1376,0.9879,,0.0000,0.0000,0.0000
11.1575,Left,0.4588,1.6807,-3.1159,-0.0713,0.1376,0.9879,,0.0000,0.0000,0.0000
11.1575,Right,0.0000,1.6807,-3.1490,-0.0713,0.1376,0.9879,,0.0000,0.0000,0.0000
11.1575,Combined,0.0000,1.6807,-3.1490,-0.0713,0.1376,0.9879,,0.0000,0.0000,0.0000
11.1702,Left,0.4588,1.6807,-3.1159,-0.0713,0.1376,0.9879,,0.0000,0.0000,0.0000
11.1702,Right,0.0000,1.6807,-3.1490,-0.0713,0.1376,0.9879,,0.0000,0.0000,0.0000
11.1702,Combined,0.0000,1.6807,-3.1490,-0.0713,0.1376,0.9879,,0.0000,0.0000,0.0000
11.1839,Left,0.4588,1.6807,-3.1159,-0.0713,0.1376,0.9879,,0.0000,0.0000,0.0000
11.1839,Right,0.0000,1.6807,-3.1490,-0.0713,0.1376,0.9879,,0.0000,0.0000,0.0000
11.1839,Combined,0.0000,1.6807,-3.1490,-0.0713,0.1376,0.9879,,0.0000,0.0000,0.0000
11.1964,Left,0.4588,1.6807,-3.1159,-0.0713,0.1376,0.9879,,0.0000,0.0000,0.0000
11.1964,Right,0.0000,1.6807,-3.1490,-0.0713,0.1376,0.9879,,0.0000,0.0000,0.0000
11.1964,Combined,0.0000,1.6807,-3.1490,-0.0713,0.1376,0.9879,,0.0000,0.0000,0.0000
11.2092,Left,0.4588,1.6807,-3.1159,-0.0713,0.1376,0.9879,,0.0000,0.0000,0.0000
11.2092,Right,0.0000,1.6807,-3.1490,-0.0713,0.1376,0.9879,,0.0000,0.0000,0.0000
11.2092,Combined,0.0000,1.6807,-3.1490,-0.0713,0.1376,0.9879,,0.0000,0.0000,0.0000
11.2222,Left,0.4588,1.6807,-3.1159,-0.0713,0.1376,0.9879,,0.0000,0.0000,0.0000
11.2222,Right,0.0000,1.6807,-3.1490,-0.0713,0.1376,0.9879,,0.0000,0.0000,0.0000
11.2222,Combined,0.0000,1.6807,-3.1490,-0.0713,0.1376,0.9879,,0.0000,0.0000,0.0000
11.2352,Left,0.4588,1.6807,-3.1159,-0.0713,0.1376,0.9879,,0.0000,0.0000,0.0000
11.2352,Right,0.0000,1.6807,-3.1490,-0.0713,0.1376,0.9879,,0.0000,0.0000,0.0000
11.2352,Combined,0.0000,1.6807,-3.1490,-0.0713,0.1376,0.9879,,0.0000,0.0000,0.0000
11.2491,Left,0.4588,1.6807,-3.1159,-0.0713,0.1376,0.9879,,0.0000,0.0000,0.0000
11.2491,Right,0.0000,1.6807,-3.1490,-0.0713,0.1376,0.9879,,0.0000,0.0000,0.0000
11.2491,Combined,0.0000,1.6807,-3.1490,-0.0713,0.1376,0.9879,,0.0000,0.0000,0.0000
11.2616,Left,0.4588,1.6807,-3.1159,-0.0713,0.1376,0.9879,,0.0000,0.0000,0.0000
11.2616,Right,0.0000,1.6807,-3.1490,-0.0713,0.1376,0.9879,,0.0000,0.0000,0.0000
11.2616,Combined,0.0000,1.6807,-3.1490,-0.0713,0.1376,0.9879,,0.0000,0.0000,0.0000
11.2805,Left,0.4588,1.6807,-3.1159,-0.0713,0.1376,0.9879,,0.0000,0.0000,0.0000
11.2805,Right,0.0000,1.6807,-3.1490,-0.0713,0.1376,0.9879,,0.0000,0.0000,0.0000
11.2805,Combined,0.0000,1.6807,-3.1490,-0.0713,0.1376,0.9879,,0.0000,0.0000,0.0000
11.2996,Left,0.4588,1.6807,-3.1159,-0.0713,0.1376,0.9879,,0.0000,0.0000,0.0000
11.2996,Right,0.0000,1.6807,-3.1490,-0.0713,0.1376,0.9879,,0.0000,0.0000,0.0000
11.2996,Combined,0.0000,1.6807,-3.1490,-0.0713,0.1376,0.9879,,0.0000,0.0000,0.0000
11.3115,Left,0.4588,1.6807,-3.1159,-0.0713,0.1376,0.9879,,0.0000,0.0000,0.0000
11.3115,Right,0.0000,1.6807,-3.1490,-0.0713,0.1376,0.9879,,0.0000,0.0000,0.0000
11.3115,Combined,0.0000,1.6807,-3.1490,-0.0713,0.1376,0.9879,,0.0000,0.0000,0.0000
11.3245,Left,0.4588,1.6807,-3.1159,-0.0713,0.1376,0.9879,,0.0000,0.0000,0.0000
11.3245,Right,0.0000,1.6807,-3.1490,-0.0713,0.1376,0.9879,,0.0000,0.0000,0.0000
11.3245,Combined,0.0000,1.6807,-3.1490,-0.0713,0.1376,0.9879,,0.0000,0.0000,0.0000
11.3377,Left,0.4588,1.6807,-3.1159,-0.0713,0.1376,0.9879,,0.0000,0.0000,0.0000
11.3377,Right,0.0000,1.6807,-3.1490,-0.0713,0.1376,0.9879,,0.0000,0.0000,0.0000
11.3377,Combined,0.0000,1.6807,-3.1490,-0.0713,0.1376,0.9879,,0.0000,0.0000,0.0000
11.3508,Left,0.4588,1.6807,-3.1159,-0.0713,0.1376,0.9879,,0.0000,0.0000,0.0000
11.3508,Right,0.0000,1.6807,-3.1490,-0.0713,0.1376,0.9879,,0.0000,0.0000,0.0000
11.3508,Combined,0.0000,1.6807,-3.1490,-0.0713,0.1376,0.9879,,0.0000,0.0000,0.0000
11.3632,Left,0.4588,1.6807,-3.1159,-0.0713,0.1376,0.9879,,0.0000,0.0000,0.0000
11.3632,Right,0.0000,1.6807,-3.1490,-0.0713,0.1376,0.9879,,0.0000,0.0000,0.0000
11.3632,Combined,0.0000,1.6807,-3.1490,-0.0713,0.1376,0.9879,,0.0000,0.0000,0.0000
11.3764,Left,0.4588,1.6807,-3.1159,-0.0713,0.1376,0.9879,,0.0000,0.0000,0.0000
11.3764,Right,0.0000,1.6807,-3.1490,-0.0713,0.1376,0.9879,,0.0000,0.0000,0.0000
11.3764,Combined,0.0000,1.6807,-3.1490,-0.0713,0.1376,0.9879,,0.0000,0.0000,0.0000
11.3895,Left,0.4588,1.6807,-3.1159,-0.0713,0.1376,0.9879,,0.0000,0.0000,0.0000
11.3895,Right,0.0000,1.6807,-3.1490,-0.0713,0.1376,0.9879,,0.0000,0.0000,0.0000
11.3895,Combined,0.0000,1.6807,-3.1490,-0.0713,0.1376,0.9879,,0.0000,0.0000,0.0000
11.4026,Left,0.4588,1.6807,-3.1159,-0.0713,0.1376,0.9879,,0.0000,0.0000,0.0000
11.4026,Right,0.0000,1.6807,-3.1490,-0.0713,0.1376,0.9879,,0.0000,0.0000,0.0000
11.4026,Combined,0.0000,1.6807,-3.1490,-0.0713,0.1376,0.9879,,0.0000,0.0000,0.0000
11.4156,Left,0.4588,1.6807,-3.1159,-0.0713,0.1376,0.9879,,0.0000,0.0000,0.0000
11.4156,Right,0.0000,1.6807,-3.1490,-0.0713,0.1376,0.9879,,0.0000,0.0000,0.0000
11.4156,Combined,0.0000,1.6807,-3.1490,-0.0713,0.1376,0.9879,,0.0000,0.0000,0.0000
11.4339,Left,0.4588,1.6807,-3.1159,-0.0713,0.1376,0.9879,,0.0000,0.0000,0.0000
11.4339,Right,0.0000,1.6807,-3.1490,-0.0713,0.1376,0.9879,,0.0000,0.0000,0.0000
11.4339,Combined,0.0000,1.6807,-3.1490,-0.0713,0.1376,0.9879,,0.0000,0.0000,0.0000
11.4519,Left,0.4588,1.6807,-3.1159,-0.0713,0.1376,0.9879,,0.0000,0.0000,0.0000
11.4519,Right,0.0000,1.6807,-3.1490,-0.0713,0.1376,0.9879,,0.0000,0.0000,0.0000
11.4519,Combined,0.0000,1.6807,-3.1490,-0.0713,0.1376,0.9879,,0.0000,0.0000,0.0000
11.4650,Left,0.4588,1.6807,-3.1159,-0.0713,0.1376,0.9879,,0.0000,0.0000,0.0000
11.4650,Right,0.0000,1.6807,-3.1490,-0.0713,0.1376,0.9879,,0.0000,0.0000,0.0000
11.4650,Combined,0.0000,1.6807,-3.1490,-0.0713,0.1376,0.9879,,0.0000,0.0000,0.0000
11.4773,Left,0.4588,1.6807,-3.1159,-0.0713,0.1376,0.9879,,0.0000,0.0000,0.0000
11.4773,Right,0.0000,1.6807,-3.1490,-0.0713,0.1376,0.9879,,0.0000,0.0000,0.0000
11.4773,Combined,0.0000,1.6807,-3.1490,-0.0713,0.1376,0.9879,,0.0000,0.0000,0.0000
11.4909,Left,0.4588,1.6807,-3.1159,-0.0713,0.1376,0.9879,,0.0000,0.0000,0.0000
11.4909,Right,0.0000,1.6807,-3.1490,-0.0713,0.1376,0.9879,,0.0000,0.0000,0.0000
11.4909,Combined,0.0000,1.6807,-3.1490,-0.0713,0.1376,0.9879,,0.0000,0.0000,0.0000
11.5046,Left,0.4588,1.6807,-3.1159,-0.0713,0.1376,0.9879,,0.0000,0.0000,0.0000
11.5046,Right,0.0000,1.6807,-3.1490,-0.0713,0.1376,0.9879,,0.0000,0.0000,0.0000
11.5046,Combined,0.0000,1.6807,-3.1490,-0.0713,0.1376,0.9879,,0.0000,0.0000,0.0000
11.5175,Left,0.4588,1.6807,-3.1159,-0.0713,0.1376,0.9879,,0.0000,0.0000,0.0000
11.5175,Right,0.0000,1.6807,-3.1490,-0.0713,0.1376,0.9879,,0.0000,0.0000,0.0000
11.5175,Combined,0.0000,1.6807,-3.1490,-0.0713,0.1376,0.9879,,0.0000,0.0000,0.0000
11.5292,Left,0.4588,1.6807,-3.1159,-0.0713,0.1376,0.9879,,0.0000,0.0000,0.0000
11.5292,Right,0.0000,1.6807,-3.1490,-0.0713,0.1376,0.9879,,0.0000,0.0000,0.0000
11.5292,Combined,0.0000,1.6807,-3.1490,-0.0713,0.1376,0.9879,,0.0000,0.0000,0.0000
11.5424,Left,0.4588,1.6807,-3.1159,-0.0713,0.1376,0.9879,,0.0000,0.0000,0.0000
11.5424,Right,0.0000,1.6807,-3.1490,-0.0713,0.1376,0.9879,,0.0000,0.0000,0.0000
11.5424,Combined,0.0000,1.6807,-3.1490,-0.0713,0.1376,0.9879,,0.0000,0.0000,0.0000
11.5555,Left,0.4588,1.6807,-3.1159,-0.0713,0.1376,0.9879,,0.0000,0.0000,0.0000
11.5555,Right,0.0000,1.6807,-3.1490,-0.0713,0.1376,0.9879,,0.0000,0.0000,0.0000
11.5555,Combined,0.0000,1.6807,-3.1490,-0.0713,0.1376,0.9879,,0.0000,0.0000,0.0000
11.5695,Left,0.4588,1.6807,-3.1159,-0.0713,0.1376,0.9879,,0.0000,0.0000,0.0000
11.5695,Right,0.0000,1.6807,-3.1490,-0.0713,0.1376,0.9879,,0.0000,0.0000,0.0000
11.5695,Combined,0.0000,1.6807,-3.1490,-0.0713,0.1376,0.9879,,0.0000,0.0000,0.0000
11.5895,Left,0.4588,1.6807,-3.1159,-0.0713,0.1376,0.9879,,0.0000,0.0000,0.0000
11.5895,Right,0.0000,1.6807,-3.1490,-0.0713,0.1376,0.9879,,0.0000,0.0000,0.0000
11.5895,Combined,0.0000,1.6807,-3.1490,-0.0713,0.1376,0.9879,,0.0000,0.0000,0.0000
11.6092,Left,0.4588,1.6807,-3.1159,-0.0713,0.1376,0.9879,,0.0000,0.0000,0.0000
11.6092,Right,0.0000,1.6807,-3.1490,-0.0713,0.1376,0.9879,,0.0000,0.0000,0.0000
11.6092,Combined,0.0000,1.6807,-3.1490,-0.0713,0.1376,0.9879,,0.0000,0.0000,0.0000
11.6226,Left,0.4588,1.6807,-3.1159,-0.0713,0.1376,0.9879,,0.0000,0.0000,0.0000
11.6226,Right,0.0000,1.6807,-3.1490,-0.0713,0.1376,0.9879,,0.0000,0.0000,0.0000
11.6226,Combined,0.0000,1.6807,-3.1490,-0.0713,0.1376,0.9879,,0.0000,0.0000,0.0000
11.6354,Left,0.4588,1.6807,-3.1159,-0.0713,0.1376,0.9879,,0.0000,0.0000,0.0000
11.6354,Right,0.0000,1.6807,-3.1490,-0.0713,0.1376,0.9879,,0.0000,0.0000,0.0000
11.6354,Combined,0.0000,1.6807,-3.1490,-0.0713,0.1376,0.9879,,0.0000,0.0000,0.0000
11.6477,Left,0.4588,1.6807,-3.1159,-0.0713,0.1376,0.9879,,0.0000,0.0000,0.0000
11.6477,Right,0.0000,1.6807,-3.1490,-0.0713,0.1376,0.9879,,0.0000,0.0000,0.0000
11.6477,Combined,0.0000,1.6807,-3.1490,-0.0713,0.1376,0.9879,,0.0000,0.0000,0.0000
11.6605,Left,0.4588,1.6807,-3.1159,-0.0713,0.1376,0.9879,,0.0000,0.0000,0.0000
11.6605,Right,0.0000,1.6807,-3.1490,-0.0713,0.1376,0.9879,,0.0000,0.0000,0.0000
11.6605,Combined,0.0000,1.6807,-3.1490,-0.0713,0.1376,0.9879,,0.0000,0.0000,0.0000
11.6739,Left,0.4588,1.6807,-3.1159,-0.0713,0.1376,0.9879,,0.0000,0.0000,0.0000
11.6739,Right,0.0000,1.6807,-3.1490,-0.0713,0.1376,0.9879,,0.0000,0.0000,0.0000
11.6739,Combined,0.0000,1.6807,-3.1490,-0.0713,0.1376,0.9879,,0.0000,0.0000,0.0000
11.6867,Left,0.4588,1.6807,-3.1159,-0.0713,0.1376,0.9879,,0.0000,0.0000,0.0000
11.6867,Right,0.0000,1.6807,-3.1490,-0.0713,0.1376,0.9879,,0.0000,0.0000,0.0000
11.6867,Combined,0.0000,1.6807,-3.1490,-0.0713,0.1376,0.9879,,0.0000,0.0000,0.0000
11.6993,Left,0.4588,1.6807,-3.1159,-0.0713,0.1376,0.9879,,0.0000,0.0000,0.0000
11.6993,Right,0.0000,1.6807,-3.1490,-0.0713,0.1376,0.9879,,0.0000,0.0000,0.0000
11.6993,Combined,0.0000,1.6807,-3.1490,-0.0713,0.1376,0.9879,,0.0000,0.0000,0.0000
11.7115,Left,0.4588,1.6807,-3.1159,-0.0713,0.1376,0.9879,,0.0000,0.0000,0.0000
11.7115,Right,0.0000,1.6807,-3.1490,-0.0713,0.1376,0.9879,,0.0000,0.0000,0.0000
11.7115,Combined,0.0000,1.6807,-3.1490,-0.0713,0.1376,0.9879,,0.0000,0.0000,0.0000
11.7243,Left,0.4588,1.6807,-3.1159,-0.0713,0.1376,0.9879,,0.0000,0.0000,0.0000
11.7243,Right,0.0000,1.6807,-3.1490,-0.0713,0.1376,0.9879,,0.0000,0.0000,0.0000
11.7243,Combined,0.0000,1.6807,-3.1490,-0.0713,0.1376,0.9879,,0.0000,0.0000,0.0000
11.7432,Left,0.4588,1.6807,-3.1159,-0.0713,0.1376,0.9879,,0.0000,0.0000,0.0000
11.7432,Right,0.0000,1.6807,-3.1490,-0.0713,0.1376,0.9879,,0.0000,0.0000,0.0000
11.7432,Combined,0.0000,1.6807,-3.1490,-0.0713,0.1376,0.9879,,0.0000,0.0000,0.0000
11.7622,Left,0.4588,1.6807,-3.1159,-0.0713,0.1376,0.9879,,0.0000,0.0000,0.0000
11.7622,Right,0.0000,1.6807,-3.1490,-0.0713,0.1376,0.9879,,0.0000,0.0000,0.0000
11.7622,Combined,0.0000,1.6807,-3.1490,-0.0713,0.1376,0.9879,,0.0000,0.0000,0.0000
11.7788,Left,0.4588,1.6807,-3.1159,-0.0713,0.1376,0.9879,,0.0000,0.0000,0.0000
11.7788,Right,0.0000,1.6807,-3.1490,-0.0713,0.1376,0.9879,,0.0000,0.0000,0.0000
11.7788,Combined,0.0000,1.6807,-3.1490,-0.0713,0.1376,0.9879,,0.0000,0.0000,0.0000
11.7924,Left,0.4588,1.6807,-3.1159,-0.0713,0.1376,0.9879,,0.0000,0.0000,0.0000
11.7924,Right,0.0000,1.6807,-3.1490,-0.0713,0.1376,0.9879,,0.0000,0.0000,0.0000
11.7924,Combined,0.0000,1.6807,-3.1490,-0.0713,0.1376,0.9879,,0.0000,0.0000,0.0000
11.8058,Left,0.4588,1.6807,-3.1159,-0.0713,0.1376,0.9879,,0.0000,0.0000,0.0000
11.8058,Right,0.0000,1.6807,-3.1490,-0.0713,0.1376,0.9879,,0.0000,0.0000,0.0000
11.8058,Combined,0.0000,1.6807,-3.1490,-0.0713,0.1376,0.9879,,0.0000,0.0000,0.0000
11.8199,Left,0.4588,1.6807,-3.1159,-0.0713,0.1376,0.9879,,0.0000,0.0000,0.0000
11.8199,Right,0.0000,1.6807,-3.1490,-0.0713,0.1376,0.9879,,0.0000,0.0000,0.0000
11.8199,Combined,0.0000,1.6807,-3.1490,-0.0713,0.1376,0.9879,,0.0000,0.0000,0.0000
11.8345,Left,0.4588,1.6807,-3.1159,-0.0713,0.1376,0.9879,,0.0000,0.0000,0.0000
11.8345,Right,0.0000,1.6807,-3.1490,-0.0713,0.1376,0.9879,,0.0000,0.0000,0.0000
11.8345,Combined,0.0000,1.6807,-3.1490,-0.0713,0.1376,0.9879,,0.0000,0.0000,0.0000
11.8480,Left,0.4588,1.6807,-3.1159,-0.0713,0.1376,0.9879,,0.0000,0.0000,0.0000
11.8480,Right,0.0000,1.6807,-3.1490,-0.0713,0.1376,0.9879,,0.0000,0.0000,0.0000
11.8480,Combined,0.0000,1.6807,-3.1490,-0.0713,0.1376,0.9879,,0.0000,0.0000,0.0000
11.8615,Left,0.4588,1.6807,-3.1159,-0.0713,0.1376,0.9879,,0.0000,0.0000,0.0000
11.8615,Right,0.0000,1.6807,-3.1490,-0.0713,0.1376,0.9879,,0.0000,0.0000,0.0000
11.8615,Combined,0.0000,1.6807,-3.1490,-0.0713,0.1376,0.9879,,0.0000,0.0000,0.0000
11.8752,Left,0.4588,1.6807,-3.1159,-0.0713,0.1376,0.9879,,0.0000,0.0000,0.0000
11.8752,Right,0.0000,1.6807,-3.1490,-0.0713,0.1376,0.9879,,0.0000,0.0000,0.0000
11.8752,Combined,0.0000,1.6807,-3.1490,-0.0713,0.1376,0.9879,,0.0000,0.0000,0.0000
11.8969,Left,0.4588,1.6807,-3.1159,-0.0713,0.1376,0.9879,,0.0000,0.0000,0.0000
11.8969,Right,0.0000,1.6807,-3.1490,-0.0713,0.1376,0.9879,,0.0000,0.0000,0.0000
11.8969,Combined,0.0000,1.6807,-3.1490,-0.0713,0.1376,0.9879,,0.0000,0.0000,0.0000
11.9183,Left,0.4588,1.6807,-3.1159,-0.0713,0.1376,0.9879,,0.0000,0.0000,0.0000
11.9183,Right,0.0000,1.6807,-3.1490,-0.0713,0.1376,0.9879,,0.0000,0.0000,0.0000
11.9183,Combined,0.0000,1.6807,-3.1490,-0.0713,0.1376,0.9879,,0.0000,0.0000,0.0000
11.9332,Left,0.4588,1.6807,-3.1159,-0.0713,0.1376,0.9879,,0.0000,0.0000,0.0000
11.9332,Right,0.0000,1.6807,-3.1490,-0.0713,0.1376,0.9879,,0.0000,0.0000,0.0000
11.9332,Combined,0.0000,1.6807,-3.1490,-0.0713,0.1376,0.9879,,0.0000,0.0000,0.0000
11.9491,Left,0.4588,1.6807,-3.1159,-0.0713,0.1376,0.9879,,0.0000,0.0000,0.0000
11.9491,Right,0.0000,1.6807,-3.1490,-0.0713,0.1376,0.9879,,0.0000,0.0000,0.0000
11.9491,Combined,0.0000,1.6807,-3.1490,-0.0713,0.1376,0.9879,,0.0000,0.0000,0.0000
11.9650,Left,0.4588,1.6807,-3.1159,-0.0713,0.1376,0.9879,,0.0000,0.0000,0.0000
11.9650,Right,0.0000,1.6807,-3.1490,-0.0713,0.1376,0.9879,,0.0000,0.0000,0.0000
11.9650,Combined,0.0000,1.6807,-3.1490,-0.0713,0.1376,0.9879,,0.0000,0.0000,0.0000
11.9845,Left,0.4588,1.6807,-3.1159,-0.0713,0.1376,0.9879,,0.0000,0.0000,0.0000
11.9845,Right,0.0000,1.6807,-3.1490,-0.0713,0.1376,0.9879,,0.0000,0.0000,0.0000
11.9845,Combined,0.0000,1.6807,-3.1490,-0.0713,0.1376,0.9879,,0.0000,0.0000,0.0000
11.9998,Left,0.4588,1.6807,-3.1159,-0.0713,0.1376,0.9879,,0.0000,0.0000,0.0000
11.9998,Right,0.0000,1.6807,-3.1490,-0.0713,0.1376,0.9879,,0.0000,0.0000,0.0000
11.9998,Combined,0.0000,1.6807,-3.1490,-0.0713,0.1376,0.9879,,0.0000,0.0000,0.0000
12.0155,Left,0.4588,1.6807,-3.1159,-0.0713,0.1376,0.9879,,0.0000,0.0000,0.0000
12.0155,Right,0.0000,1.6807,-3.1490,-0.0713,0.1376,0.9879,,0.0000,0.0000,0.0000
12.0155,Combined,0.0000,1.6807,-3.1490,-0.0713,0.1376,0.9879,,0.0000,0.0000,0.0000
12.0300,Left,0.4588,1.6807,-3.1159,-0.0713,0.1376,0.9879,,0.0000,0.0000,0.0000
12.0300,Right,0.0000,1.6807,-3.1490,-0.0713,0.1376,0.9879,,0.0000,0.0000,0.0000
12.0300,Combined,0.0000,1.6807,-3.1490,-0.0713,0.1376,0.9879,,0.0000,0.0000,0.0000
12.0502,Left,0.4588,1.6807,-3.1159,-0.0713,0.1376,0.9879,,0.0000,0.0000,0.0000
12.0502,Right,0.0000,1.6807,-3.1490,-0.0713,0.1376,0.9879,,0.0000,0.0000,0.0000
12.0502,Combined,0.0000,1.6807,-3.1490,-0.0713,0.1376,0.9879,,0.0000,0.0000,0.0000
12.0696,Left,0.4588,1.6807,-3.1159,-0.0713,0.1376,0.9879,,0.0000,0.0000,0.0000
12.0696,Right,0.0000,1.6807,-3.1490,-0.0713,0.1376,0.9879,,0.0000,0.0000,0.0000
12.0696,Combined,0.0000,1.6807,-3.1490,-0.0713,0.1376,0.9879,,0.0000,0.0000,0.0000
12.0835,Left,0.4588,1.6807,-3.1159,-0.0713,0.1376,0.9879,,0.0000,0.0000,0.0000
12.0835,Right,0.0000,1.6807,-3.1490,-0.0713,0.1376,0.9879,,0.0000,0.0000,0.0000
12.0835,Combined,0.0000,1.6807,-3.1490,-0.0713,0.1376,0.9879,,0.0000,0.0000,0.0000
12.0974,Left,0.4588,1.6807,-3.1159,-0.0713,0.1376,0.9879,,0.0000,0.0000,0.0000
12.0974,Right,0.0000,1.6807,-3.1490,-0.0713,0.1376,0.9879,,0.0000,0.0000,0.0000
12.0974,Combined,0.0000,1.6807,-3.1490,-0.0713,0.1376,0.9879,,0.0000,0.0000,0.0000
12.1111,Left,0.4588,1.6807,-3.1159,-0.0713,0.1376,0.9879,,0.0000,0.0000,0.0000
12.1111,Right,0.0000,1.6807,-3.1490,-0.0713,0.1376,0.9879,,0.0000,0.0000,0.0000
12.1111,Combined,0.0000,1.6807,-3.1490,-0.0713,0.1376,0.9879,,0.0000,0.0000,0.0000
12.1270,Left,0.4588,1.6807,-3.1159,-0.0713,0.1376,0.9879,,0.0000,0.0000,0.0000
12.1270,Right,0.0000,1.6807,-3.1490,-0.0713,0.1376,0.9879,,0.0000,0.0000,0.0000
12.1270,Combined,0.0000,1.6807,-3.1490,-0.0713,0.1376,0.9879,,0.0000,0.0000,0.0000
12.1404,Left,0.4588,1.6807,-3.1159,-0.0713,0.1376,0.9879,,0.0000,0.0000,0.0000
12.1404,Right,0.0000,1.6807,-3.1490,-0.0713,0.1376,0.9879,,0.0000,0.0000,0.0000
12.1404,Combined,0.0000,1.6807,-3.1490,-0.0713,0.1376,0.9879,,0.0000,0.0000,0.0000
12.1541,Left,0.4588,1.6807,-3.1159,-0.0713,0.1376,0.9879,,0.0000,0.0000,0.0000
12.1541,Right,0.0000,1.6807,-3.1490,-0.0713,0.1376,0.9879,,0.0000,0.0000,0.0000
12.1541,Combined,0.0000,1.6807,-3.1490,-0.0713,0.1376,0.9879,,0.0000,0.0000,0.0000
12.1674,Left,0.4588,1.6807,-3.1159,-0.0713,0.1376,0.9879,,0.0000,0.0000,0.0000
12.1674,Right,0.0000,1.6807,-3.1490,-0.0713,0.1376,0.9879,,0.0000,0.0000,0.0000
12.1674,Combined,0.0000,1.6807,-3.1490,-0.0713,0.1376,0.9879,,0.0000,0.0000,0.0000
12.1805,Left,0.4588,1.6807,-3.1159,-0.0713,0.1376,0.9879,,0.0000,0.0000,0.0000
12.1805,Right,0.0000,1.6807,-3.1490,-0.0713,0.1376,0.9879,,0.0000,0.0000,0.0000
12.1805,Combined,0.0000,1.6807,-3.1490,-0.0713,0.1376,0.9879,,0.0000,0.0000,0.0000
12.2002,Left,0.4588,1.6807,-3.1159,-0.0713,0.1376,0.9879,,0.0000,0.0000,0.0000
12.2002,Right,0.0000,1.6807,-3.1490,-0.0713,0.1376,0.9879,,0.0000,0.0000,0.0000
12.2002,Combined,0.0000,1.6807,-3.1490,-0.0713,0.1376,0.9879,,0.0000,0.0000,0.0000
12.2195,Left,0.4588,1.6807,-3.1159,-0.0713,0.1376,0.9879,,0.0000,0.0000,0.0000
12.2195,Right,0.0000,1.6807,-3.1490,-0.0713,0.1376,0.9879,,0.0000,0.0000,0.0000
12.2195,Combined,0.0000,1.6807,-3.1490,-0.0713,0.1376,0.9879,,0.0000,0.0000,0.0000
12.2329,Left,0.4588,1.6807,-3.1159,-0.0713,0.1376,0.9879,,0.0000,0.0000,0.0000
12.2329,Right,0.0000,1.6807,-3.1490,-0.0713,0.1376,0.9879,,0.0000,0.0000,0.0000
12.2329,Combined,0.0000,1.6807,-3.1490,-0.0713,0.1376,0.9879,,0.0000,0.0000,0.0000
12.2486,Left,0.4588,1.6807,-3.1159,-0.0713,0.1376,0.9879,,0.0000,0.0000,0.0000
12.2486,Right,0.0000,1.6807,-3.1490,-0.0713,0.1376,0.9879,,0.0000,0.0000,0.0000
12.2486,Combined,0.0000,1.6807,-3.1490,-0.0713,0.1376,0.9879,,0.0000,0.0000,0.0000
12.2622,Left,0.4588,1.6807,-3.1159,-0.0713,0.1376,0.9879,,0.0000,0.0000,0.0000
12.2622,Right,0.0000,1.6807,-3.1490,-0.0713,0.1376,0.9879,,0.0000,0.0000,0.0000
12.2622,Combined,0.0000,1.6807,-3.1490,-0.0713,0.1376,0.9879,,0.0000,0.0000,0.0000
12.2763,Left,0.4588,1.6807,-3.1159,-0.0713,0.1376,0.9879,,0.0000,0.0000,0.0000
12.2763,Right,0.0000,1.6807,-3.1490,-0.0713,0.1376,0.9879,,0.0000,0.0000,0.0000
12.2763,Combined,0.0000,1.6807,-3.1490,-0.0713,0.1376,0.9879,,0.0000,0.0000,0.0000
12.2895,Left,0.4588,1.6807,-3.1159,-0.0713,0.1376,0.9879,,0.0000,0.0000,0.0000
12.2895,Right,0.0000,1.6807,-3.1490,-0.0713,0.1376,0.9879,,0.0000,0.0000,0.0000
12.2895,Combined,0.0000,1.6807,-3.1490,-0.0713,0.1376,0.9879,,0.0000,0.0000,0.0000
12.3054,Left,0.4588,1.6807,-3.1159,-0.0713,0.1376,0.9879,,0.0000,0.0000,0.0000
12.3054,Right,0.0000,1.6807,-3.1490,-0.0713,0.1376,0.9879,,0.0000,0.0000,0.0000
12.3054,Combined,0.0000,1.6807,-3.1490,-0.0713,0.1376,0.9879,,0.0000,0.0000,0.0000
12.3233,Left,0.4588,1.6807,-3.1159,-0.0713,0.1376,0.9879,,0.0000,0.0000,0.0000
12.3233,Right,0.0000,1.6807,-3.1490,-0.0713,0.1376,0.9879,,0.0000,0.0000,0.0000
12.3233,Combined,0.0000,1.6807,-3.1490,-0.0713,0.1376,0.9879,,0.0000,0.0000,0.0000
12.3424,Left,0.4588,1.6807,-3.1159,-0.0713,0.1376,0.9879,,0.0000,0.0000,0.0000
12.3424,Right,0.0000,1.6807,-3.1490,-0.0713,0.1376,0.9879,,0.0000,0.0000,0.0000
12.3424,Combined,0.0000,1.6807,-3.1490,-0.0713,0.1376,0.9879,,0.0000,0.0000,0.0000
12.3724,Left,0.4588,1.6807,-3.1159,-0.0713,0.1376,0.9879,,0.0000,0.0000,0.0000
12.3724,Right,0.0000,1.6807,-3.1490,-0.0713,0.1376,0.9879,,0.0000,0.0000,0.0000
12.3724,Combined,0.0000,1.6807,-3.1490,-0.0713,0.1376,0.9879,,0.0000,0.0000,0.0000
12.3988,Left,0.4588,1.6807,-3.1159,-0.0713,0.1376,0.9879,,0.0000,0.0000,0.0000
12.3988,Right,0.0000,1.6807,-3.1490,-0.0713,0.1376,0.9879,,0.0000,0.0000,0.0000
12.3988,Combined,0.0000,1.6807,-3.1490,-0.0713,0.1376,0.9879,,0.0000,0.0000,0.0000
12.4143,Left,0.4588,1.6807,-3.1159,-0.0713,0.1376,0.9879,,0.0000,0.0000,0.0000
12.4143,Right,0.0000,1.6807,-3.1490,-0.0713,0.1376,0.9879,,0.0000,0.0000,0.0000
12.4143,Combined,0.0000,1.6807,-3.1490,-0.0713,0.1376,0.9879,,0.0000,0.0000,0.0000
12.4275,Left,0.4588,1.6807,-3.1159,-0.0713,0.1376,0.9879,,0.0000,0.0000,0.0000
12.4275,Right,0.0000,1.6807,-3.1490,-0.0713,0.1376,0.9879,,0.0000,0.0000,0.0000
12.4275,Combined,0.0000,1.6807,-3.1490,-0.0713,0.1376,0.9879,,0.0000,0.0000,0.0000
12.4410,Left,0.4588,1.6807,-3.1159,-0.0713,0.1376,0.9879,,0.0000,0.0000,0.0000
12.4410,Right,0.0000,1.6807,-3.1490,-0.0713,0.1376,0.9879,,0.0000,0.0000,0.0000
12.4410,Combined,0.0000,1.6807,-3.1490,-0.0713,0.1376,0.9879,,0.0000,0.0000,0.0000
12.4547,Left,0.4588,1.6807,-3.1159,-0.0713,0.1376,0.9879,,0.0000,0.0000,0.0000
12.4547,Right,0.0000,1.6807,-3.1490,-0.0713,0.1376,0.9879,,0.0000,0.0000,0.0000
12.4547,Combined,0.0000,1.6807,-3.1490,-0.0713,0.1376,0.9879,,0.0000,0.0000,0.0000
12.4682,Left,0.4588,1.6807,-3.1159,-0.0713,0.1376,0.9879,,0.0000,0.0000,0.0000
12.4682,Right,0.0000,1.6807,-3.1490,-0.0713,0.1376,0.9879,,0.0000,0.0000,0.0000
12.4682,Combined,0.0000,1.6807,-3.1490,-0.0713,0.1376,0.9879,,0.0000,0.0000,0.0000
12.4818,Left,0.4588,1.6807,-3.1159,-0.0713,0.1376,0.9879,,0.0000,0.0000,0.0000
12.4818,Right,0.0000,1.6807,-3.1490,-0.0713,0.1376,0.9879,,0.0000,0.0000,0.0000
12.4818,Combined,0.0000,1.6807,-3.1490,-0.0713,0.1376,0.9879,,0.0000,0.0000,0.0000
12.4960,Left,0.4588,1.6807,-3.1159,-0.0713,0.1376,0.9879,,0.0000,0.0000,0.0000
12.4960,Right,0.0000,1.6807,-3.1490,-0.0713,0.1376,0.9879,,0.0000,0.0000,0.0000
12.4960,Combined,0.0000,1.6807,-3.1490,-0.0713,0.1376,0.9879,,0.0000,0.0000,0.0000
12.5162,Left,0.4588,1.6807,-3.1159,-0.0713,0.1376,0.9879,,0.0000,0.0000,0.0000
12.5162,Right,0.0000,1.6807,-3.1490,-0.0713,0.1376,0.9879,,0.0000,0.0000,0.0000
12.5162,Combined,0.0000,1.6807,-3.1490,-0.0713,0.1376,0.9879,,0.0000,0.0000,0.0000
12.5381,Left,0.4588,1.6807,-3.1159,-0.0713,0.1376,0.9879,,0.0000,0.0000,0.0000
12.5381,Right,0.0000,1.6807,-3.1490,-0.0713,0.1376,0.9879,,0.0000,0.0000,0.0000
12.5381,Combined,0.0000,1.6807,-3.1490,-0.0713,0.1376,0.9879,,0.0000,0.0000,0.0000
12.5529,Left,0.4588,1.6807,-3.1159,-0.0713,0.1376,0.9879,,0.0000,0.0000,0.0000
12.5529,Right,0.0000,1.6807,-3.1490,-0.0713,0.1376,0.9879,,0.0000,0.0000,0.0000
12.5529,Combined,0.0000,1.6807,-3.1490,-0.0713,0.1376,0.9879,,0.0000,0.0000,0.0000
12.5721,Left,0.4588,1.6807,-3.1159,-0.0713,0.1376,0.9879,,0.0000,0.0000,0.0000
12.5721,Right,0.0000,1.6807,-3.1490,-0.0713,0.1376,0.9879,,0.0000,0.0000,0.0000
12.5721,Combined,0.0000,1.6807,-3.1490,-0.0713,0.1376,0.9879,,0.0000,0.0000,0.0000
12.5885,Left,0.4588,1.6807,-3.1159,-0.0713,0.1376,0.9879,,0.0000,0.0000,0.0000
12.5885,Right,0.0000,1.6807,-3.1490,-0.0713,0.1376,0.9879,,0.0000,0.0000,0.0000
12.5885,Combined,0.0000,1.6807,-3.1490,-0.0713,0.1376,0.9879,,0.0000,0.0000,0.0000
12.6050,Left,0.4588,1.6807,-3.1159,-0.0713,0.1376,0.9879,,0.0000,0.0000,0.0000
12.6050,Right,0.0000,1.6807,-3.1490,-0.0713,0.1376,0.9879,,0.0000,0.0000,0.0000
12.6050,Combined,0.0000,1.6807,-3.1490,-0.0713,0.1376,0.9879,,0.0000,0.0000,0.0000
12.6188,Left,0.4588,1.6807,-3.1159,-0.0713,0.1376,0.9879,,0.0000,0.0000,0.0000
12.6188,Right,0.0000,1.6807,-3.1490,-0.0713,0.1376,0.9879,,0.0000,0.0000,0.0000
12.6188,Combined,0.0000,1.6807,-3.1490,-0.0713,0.1376,0.9879,,0.0000,0.0000,0.0000
12.6324,Left,0.4588,1.6807,-3.1159,-0.0713,0.1376,0.9879,,0.0000,0.0000,0.0000
12.6324,Right,0.0000,1.6807,-3.1490,-0.0713,0.1376,0.9879,,0.0000,0.0000,0.0000
12.6324,Combined,0.0000,1.6807,-3.1490,-0.0713,0.1376,0.9879,,0.0000,0.0000,0.0000
12.6457,Left,0.4588,1.6807,-3.1159,-0.0713,0.1376,0.9879,,0.0000,0.0000,0.0000
12.6457,Right,0.0000,1.6807,-3.1490,-0.0713,0.1376,0.9879,,0.0000,0.0000,0.0000
12.6457,Combined,0.0000,1.6807,-3.1490,-0.0713,0.1376,0.9879,,0.0000,0.0000,0.0000
12.6606,Left,0.4588,1.6807,-3.1159,-0.0713,0.1376,0.9879,,0.0000,0.0000,0.0000
12.6606,Right,0.0000,1.6807,-3.1490,-0.0713,0.1376,0.9879,,0.0000,0.0000,0.0000
12.6606,Combined,0.0000,1.6807,-3.1490,-0.0713,0.1376,0.9879,,0.0000,0.0000,0.0000
12.6828,Left,0.4588,1.6807,-3.1159,-0.0713,0.1376,0.9879,,0.0000,0.0000,0.0000
12.6828,Right,0.0000,1.6807,-3.1490,-0.0713,0.1376,0.9879,,0.0000,0.0000,0.0000
12.6828,Combined,0.0000,1.6807,-3.1490,-0.0713,0.1376,0.9879,,0.0000,0.0000,0.0000
12.7045,Left,0.4588,1.6807,-3.1159,-0.0713,0.1376,0.9879,,0.0000,0.0000,0.0000
12.7045,Right,0.0000,1.6807,-3.1490,-0.0713,0.1376,0.9879,,0.0000,0.0000,0.0000
12.7045,Combined,0.0000,1.6807,-3.1490,-0.0713,0.1376,0.9879,,0.0000,0.0000,0.0000
12.7178,Left,0.4588,1.6807,-3.1159,-0.0713,0.1376,0.9879,,0.0000,0.0000,0.0000
12.7178,Right,0.0000,1.6807,-3.1490,-0.0713,0.1376,0.9879,,0.0000,0.0000,0.0000
12.7178,Combined,0.0000,1.6807,-3.1490,-0.0713,0.1376,0.9879,,0.0000,0.0000,0.0000
12.7324,Left,0.4588,1.6807,-3.1159,-0.0713,0.1376,0.9879,,0.0000,0.0000,0.0000
12.7324,Right,0.0000,1.6807,-3.1490,-0.0713,0.1376,0.9879,,0.0000,0.0000,0.0000
12.7324,Combined,0.0000,1.6807,-3.1490,-0.0713,0.1376,0.9879,,0.0000,0.0000,0.0000
12.7457,Left,0.4588,1.6807,-3.1159,-0.0713,0.1376,0.9879,,0.0000,0.0000,0.0000
12.7457,Right,0.0000,1.6807,-3.1490,-0.0713,0.1376,0.9879,,0.0000,0.0000,0.0000
12.7457,Combined,0.0000,1.6807,-3.1490,-0.0713,0.1376,0.9879,,0.0000,0.0000,0.0000
12.7600,Left,0.4588,1.6807,-3.1159,-0.0713,0.1376,0.9879,,0.0000,0.0000,0.0000
12.7600,Right,0.0000,1.6807,-3.1490,-0.0713,0.1376,0.9879,,0.0000,0.0000,0.0000
12.7600,Combined,0.0000,1.6807,-3.1490,-0.0713,0.1376,0.9879,,0.0000,0.0000,0.0000
12.7723,Left,0.4588,1.6807,-3.1159,-0.0713,0.1376,0.9879,,0.0000,0.0000,0.0000
12.7723,Right,0.0000,1.6807,-3.1490,-0.0713,0.1376,0.9879,,0.0000,0.0000,0.0000
12.7723,Combined,0.0000,1.6807,-3.1490,-0.0713,0.1376,0.9879,,0.0000,0.0000,0.0000
12.7889,Left,0.4588,1.6807,-3.1159,-0.0713,0.1376,0.9879,,0.0000,0.0000,0.0000
12.7889,Right,0.0000,1.6807,-3.1490,-0.0713,0.1376,0.9879,,0.0000,0.0000,0.0000
12.7889,Combined,0.0000,1.6807,-3.1490,-0.0713,0.1376,0.9879,,0.0000,0.0000,0.0000
12.8012,Left,0.4588,1.6807,-3.1159,-0.0713,0.1376,0.9879,,0.0000,0.0000,0.0000
12.8012,Right,0.0000,1.6807,-3.1490,-0.0713,0.1376,0.9879,,0.0000,0.0000,0.0000
12.8012,Combined,0.0000,1.6807,-3.1490,-0.0713,0.1376,0.9879,,0.0000,0.0000,0.0000
12.8144,Left,0.4588,1.6807,-3.1159,-0.0713,0.1376,0.9879,,0.0000,0.0000,0.0000
12.8144,Right,0.0000,1.6807,-3.1490,-0.0713,0.1376,0.9879,,0.0000,0.0000,0.0000
12.8144,Combined,0.0000,1.6807,-3.1490,-0.0713,0.1376,0.9879,,0.0000,0.0000,0.0000
12.8333,Left,0.4588,1.6807,-3.1159,-0.0713,0.1376,0.9879,,0.0000,0.0000,0.0000
12.8333,Right,0.0000,1.6807,-3.1490,-0.0713,0.1376,0.9879,,0.0000,0.0000,0.0000
12.8333,Combined,0.0000,1.6807,-3.1490,-0.0713,0.1376,0.9879,,0.0000,0.0000,0.0000
12.8698,Left,0.4588,1.6807,-3.1159,-0.0713,0.1376,0.9879,,0.0000,0.0000,0.0000
12.8698,Right,0.0000,1.6807,-3.1490,-0.0713,0.1376,0.9879,,0.0000,0.0000,0.0000
12.8698,Combined,0.0000,1.6807,-3.1490,-0.0713,0.1376,0.9879,,0.0000,0.0000,0.0000
12.8875,Left,0.4588,1.6807,-3.1159,-0.0713,0.1376,0.9879,,0.0000,0.0000,0.0000
12.8875,Right,0.0000,1.6807,-3.1490,-0.0713,0.1376,0.9879,,0.0000,0.0000,0.0000
12.8875,Combined,0.0000,1.6807,-3.1490,-0.0713,0.1376,0.9879,,0.0000,0.0000,0.0000
12.9034,Left,0.4588,1.6807,-3.1159,-0.0713,0.1376,0.9879,,0.0000,0.0000,0.0000
12.9034,Right,0.0000,1.6807,-3.1490,-0.0713,0.1376,0.9879,,0.0000,0.0000,0.0000
12.9034,Combined,0.0000,1.6807,-3.1490,-0.0713,0.1376,0.9879,,0.0000,0.0000,0.0000
13.2367,Left,0.4588,1.6807,-3.1159,-0.0713,0.1376,0.9879,,0.0000,0.0000,0.0000
13.2367,Right,0.0000,1.6807,-3.1490,-0.0713,0.1376,0.9879,,0.0000,0.0000,0.0000
13.2367,Combined,0.0000,1.6807,-3.1490,-0.0713,0.1376,0.9879,,0.0000,0.0000,0.0000
